[2026-05-01 00:00:01] 開始轉換時間範圍: 2026-04-30 23:00:00 到 2026-04-30 23:59:59
[2026-05-01 00:00:01] ℹ su_web 該時段內無資料變動，未生成有效 SQL。
[2026-05-01 00:00:01] ℹ sm_m2 該時段內無資料變動，未生成有效 SQL。
[2026-05-01 00:00:01] ℹ 備份檔案完成
[2026-05-01 00:30:01] 開始轉換時間範圍: 2026-04-30 23:00:00 到 2026-04-30 23:59:59
[2026-05-01 00:30:01] ℹ su_web 該時段內無資料變動，未生成有效 SQL。
[2026-05-01 00:30:01] ℹ sm_m2 該時段內無資料變動，未生成有效 SQL。
[2026-05-01 00:30:01] ℹ 備份檔案完成
[2026-05-01 01:00:01] 開始轉換時間範圍: 2026-05-01 00:00:00 到 2026-05-01 00:59:59
[2026-05-01 01:00:01] ℹ su_web 該時段內無資料變動，未生成有效 SQL。
[2026-05-01 01:00:01] ℹ sm_m2 該時段內無資料變動，未生成有效 SQL。
[2026-05-01 01:00:01] ℹ 備份檔案完成
[2026-05-01 01:30:01] 開始轉換時間範圍: 2026-05-01 00:00:00 到 2026-05-01 00:59:59
[2026-05-01 01:30:01] ℹ su_web 該時段內無資料變動，未生成有效 SQL。
[2026-05-01 01:30:01] ℹ sm_m2 該時段內無資料變動，未生成有效 SQL。
[2026-05-01 01:30:01] ℹ 備份檔案完成
[2026-05-01 02:00:01] 開始轉換時間範圍: 2026-05-01 01:00:00 到 2026-05-01 01:59:59
[2026-05-01 02:00:01] ℹ su_web 該時段內無資料變動，未生成有效 SQL。
[2026-05-01 02:00:01] ℹ sm_m2 該時段內無資料變動，未生成有效 SQL。
[2026-05-01 02:00:01] ℹ 備份檔案完成
[2026-05-01 02:30:01] 開始轉換時間範圍: 2026-05-01 01:00:00 到 2026-05-01 01:59:59
[2026-05-01 02:30:01] ℹ su_web 該時段內無資料變動，未生成有效 SQL。
[2026-05-01 02:30:01] ℹ sm_m2 該時段內無資料變動，未生成有效 SQL。
[2026-05-01 02:30:01] ℹ 備份檔案完成
[2026-05-01 03:00:01] 開始轉換時間範圍: 2026-05-01 02:00:00 到 2026-05-01 02:59:59
[2026-05-01 03:00:01] ℹ su_web 該時段內無資料變動，未生成有效 SQL。
[2026-05-01 03:00:01] ℹ sm_m2 該時段內無資料變動，未生成有效 SQL。
[2026-05-01 03:00:01] ℹ 備份檔案完成
[2026-05-01 03:30:01] 開始轉換時間範圍: 2026-05-01 02:00:00 到 2026-05-01 02:59:59
[2026-05-01 03:30:01] ℹ su_web 該時段內無資料變動，未生成有效 SQL。
[2026-05-01 03:30:01] ℹ sm_m2 該時段內無資料變動，未生成有效 SQL。
[2026-05-01 03:30:01] ℹ 備份檔案完成
[2026-05-01 04:00:01] 開始轉換時間範圍: 2026-05-01 03:00:00 到 2026-05-01 03:59:59
[2026-05-01 04:00:01] ℹ su_web 該時段內無資料變動，未生成有效 SQL。
[2026-05-01 04:00:01] ℹ sm_m2 該時段內無資料變動，未生成有效 SQL。
[2026-05-01 04:00:01] ℹ 備份檔案完成
[2026-05-01 04:30:01] 開始轉換時間範圍: 2026-05-01 03:00:00 到 2026-05-01 03:59:59
[2026-05-01 04:30:01] ℹ su_web 該時段內無資料變動，未生成有效 SQL。
[2026-05-01 04:30:01] ℹ sm_m2 該時段內無資料變動，未生成有效 SQL。
[2026-05-01 04:30:01] ℹ 備份檔案完成
[2026-05-01 05:00:01] 開始轉換時間範圍: 2026-05-01 04:00:00 到 2026-05-01 04:59:59
[2026-05-01 05:00:01] ℹ su_web 該時段內無資料變動，未生成有效 SQL。
[2026-05-01 05:00:01] ℹ sm_m2 該時段內無資料變動，未生成有效 SQL。
[2026-05-01 05:00:01] ℹ 備份檔案完成
[2026-05-01 05:30:01] 開始轉換時間範圍: 2026-05-01 04:00:00 到 2026-05-01 04:59:59
[2026-05-01 05:30:01] ℹ su_web 該時段內無資料變動，未生成有效 SQL。
[2026-05-01 05:30:01] ℹ sm_m2 該時段內無資料變動，未生成有效 SQL。
[2026-05-01 05:30:01] ℹ 備份檔案完成
[2026-05-01 06:00:02] 開始轉換時間範圍: 2026-05-01 05:00:00 到 2026-05-01 05:59:59
[2026-05-01 06:00:02] ℹ su_web 該時段內無資料變動，未生成有效 SQL。
[2026-05-01 06:00:02] ℹ sm_m2 該時段內無資料變動，未生成有效 SQL。
[2026-05-01 06:00:02] ℹ 備份檔案完成
[2026-05-01 06:30:01] 開始轉換時間範圍: 2026-05-01 05:00:00 到 2026-05-01 05:59:59
[2026-05-01 06:30:01] ℹ su_web 該時段內無資料變動，未生成有效 SQL。
[2026-05-01 06:30:01] ℹ sm_m2 該時段內無資料變動，未生成有效 SQL。
[2026-05-01 06:30:01] ℹ 備份檔案完成
[2026-05-01 07:00:02] 開始轉換時間範圍: 2026-05-01 06:00:00 到 2026-05-01 06:59:59
[2026-05-01 07:00:02] ℹ su_web 該時段內無資料變動，未生成有效 SQL。
[2026-05-01 07:00:02] ℹ sm_m2 該時段內無資料變動，未生成有效 SQL。
[2026-05-01 07:00:02] ℹ 備份檔案完成
[2026-05-01 07:30:01] 開始轉換時間範圍: 2026-05-01 06:00:00 到 2026-05-01 06:59:59
[2026-05-01 07:30:02] ℹ su_web 該時段內無資料變動，未生成有效 SQL。
[2026-05-01 07:30:02] ℹ sm_m2 該時段內無資料變動，未生成有效 SQL。
[2026-05-01 07:30:02] ℹ 備份檔案完成
[2026-05-01 08:00:01] 開始轉換時間範圍: 2026-05-01 07:00:00 到 2026-05-01 07:59:59
[2026-05-01 08:00:01] ℹ su_web 該時段內無資料變動，未生成有效 SQL。
[2026-05-01 08:00:01] ℹ sm_m2 該時段內無資料變動，未生成有效 SQL。
[2026-05-01 08:00:01] ℹ 備份檔案完成
[2026-05-01 08:30:01] 開始轉換時間範圍: 2026-05-01 07:00:00 到 2026-05-01 07:59:59
[2026-05-01 08:30:01] ℹ su_web 該時段內無資料變動，未生成有效 SQL。
[2026-05-01 08:30:01] ℹ sm_m2 該時段內無資料變動，未生成有效 SQL。
[2026-05-01 08:30:01] ℹ 備份檔案完成
[2026-05-01 09:00:01] 開始轉換時間範圍: 2026-05-01 08:00:00 到 2026-05-01 08:59:59
[2026-05-01 09:00:01] ℹ su_web 該時段內無資料變動，未生成有效 SQL。
[2026-05-01 09:00:01] ℹ sm_m2 該時段內無資料變動，未生成有效 SQL。
[2026-05-01 09:00:01] ℹ 備份檔案完成
[2026-05-01 09:30:01] 開始轉換時間範圍: 2026-05-01 08:00:00 到 2026-05-01 08:59:59
[2026-05-01 09:30:01] ℹ su_web 該時段內無資料變動，未生成有效 SQL。
[2026-05-01 09:30:01] ℹ sm_m2 該時段內無資料變動，未生成有效 SQL。
[2026-05-01 09:30:01] ℹ 備份檔案完成
[2026-05-01 10:00:01] 開始轉換時間範圍: 2026-05-01 09:00:00 到 2026-05-01 09:59:59
[2026-05-01 10:00:01] ℹ su_web 該時段內無資料變動，未生成有效 SQL。
[2026-05-01 10:00:02] ℹ sm_m2 該時段內無資料變動，未生成有效 SQL。
[2026-05-01 10:00:02] ℹ 備份檔案完成
[2026-05-01 10:30:01] 開始轉換時間範圍: 2026-05-01 09:00:00 到 2026-05-01 09:59:59
[2026-05-01 10:30:01] ℹ su_web 該時段內無資料變動，未生成有效 SQL。
[2026-05-01 10:30:01] ℹ sm_m2 該時段內無資料變動，未生成有效 SQL。
[2026-05-01 10:30:01] ℹ 備份檔案完成
[2026-05-01 11:00:01] 開始轉換時間範圍: 2026-05-01 10:00:00 到 2026-05-01 10:59:59
[2026-05-01 11:00:01] ℹ su_web 該時段內無資料變動，未生成有效 SQL。
[2026-05-01 11:00:01] ℹ sm_m2 該時段內無資料變動，未生成有效 SQL。
[2026-05-01 11:00:01] ℹ 備份檔案完成
[2026-05-01 11:30:01] 開始轉換時間範圍: 2026-05-01 10:00:00 到 2026-05-01 10:59:59
[2026-05-01 11:30:01] ℹ su_web 該時段內無資料變動，未生成有效 SQL。
[2026-05-01 11:30:01] ℹ sm_m2 該時段內無資料變動，未生成有效 SQL。
[2026-05-01 11:30:01] ℹ 備份檔案完成
[2026-05-01 12:00:01] 開始轉換時間範圍: 2026-05-01 11:00:00 到 2026-05-01 11:59:59
[2026-05-01 12:00:01] ℹ su_web 該時段內無資料變動，未生成有效 SQL。
[2026-05-01 12:00:01] ℹ sm_m2 該時段內無資料變動，未生成有效 SQL。
[2026-05-01 12:00:01] ℹ 備份檔案完成
[2026-05-01 12:30:01] 開始轉換時間範圍: 2026-05-01 11:00:00 到 2026-05-01 11:59:59
[2026-05-01 12:30:01] ℹ su_web 該時段內無資料變動，未生成有效 SQL。
[2026-05-01 12:30:01] ℹ sm_m2 該時段內無資料變動，未生成有效 SQL。
[2026-05-01 12:30:01] ℹ 備份檔案完成
[2026-05-01 13:00:01] 開始轉換時間範圍: 2026-05-01 12:00:00 到 2026-05-01 12:59:59
[2026-05-01 13:00:01] ℹ su_web 該時段內無資料變動，未生成有效 SQL。
[2026-05-01 13:00:01] ℹ sm_m2 該時段內無資料變動，未生成有效 SQL。
[2026-05-01 13:00:01] ℹ 備份檔案完成
[2026-05-01 13:30:02] 開始轉換時間範圍: 2026-05-01 12:00:00 到 2026-05-01 12:59:59
[2026-05-01 13:30:02] ℹ su_web 該時段內無資料變動，未生成有效 SQL。
[2026-05-01 13:30:02] ℹ sm_m2 該時段內無資料變動，未生成有效 SQL。
[2026-05-01 13:30:02] ℹ 備份檔案完成
[2026-05-01 14:00:02] 開始轉換時間範圍: 2026-05-01 13:00:00 到 2026-05-01 13:59:59
[2026-05-01 14:00:02] ℹ su_web 該時段內無資料變動，未生成有效 SQL。
[2026-05-01 14:00:02] ℹ sm_m2 該時段內無資料變動，未生成有效 SQL。
[2026-05-01 14:00:02] ℹ 備份檔案完成
[2026-05-01 14:30:01] 開始轉換時間範圍: 2026-05-01 13:00:00 到 2026-05-01 13:59:59
[2026-05-01 14:30:01] ℹ su_web 該時段內無資料變動，未生成有效 SQL。
[2026-05-01 14:30:01] ℹ sm_m2 該時段內無資料變動，未生成有效 SQL。
[2026-05-01 14:30:01] ℹ 備份檔案完成
[2026-05-01 15:00:01] 開始轉換時間範圍: 2026-05-01 14:00:00 到 2026-05-01 14:59:59
[2026-05-01 15:00:01] ℹ su_web 該時段內無資料變動，未生成有效 SQL。
[2026-05-01 15:00:01] ℹ sm_m2 該時段內無資料變動，未生成有效 SQL。
[2026-05-01 15:00:02] ℹ 備份檔案完成
[2026-05-01 15:30:01] 開始轉換時間範圍: 2026-05-01 14:00:00 到 2026-05-01 14:59:59
[2026-05-01 15:30:01] ℹ su_web 該時段內無資料變動，未生成有效 SQL。
[2026-05-01 15:30:01] ℹ sm_m2 該時段內無資料變動，未生成有效 SQL。
[2026-05-01 15:30:01] ℹ 備份檔案完成
[2026-05-01 16:00:01] 開始轉換時間範圍: 2026-05-01 15:00:00 到 2026-05-01 15:59:59
[2026-05-01 16:00:01] ℹ su_web 該時段內無資料變動，未生成有效 SQL。
[2026-05-01 16:00:01] ℹ sm_m2 該時段內無資料變動，未生成有效 SQL。
[2026-05-01 16:00:01] ℹ 備份檔案完成
[2026-05-01 16:30:01] 開始轉換時間範圍: 2026-05-01 15:00:00 到 2026-05-01 15:59:59
[2026-05-01 16:30:01] ℹ su_web 該時段內無資料變動，未生成有效 SQL。
[2026-05-01 16:30:01] ℹ sm_m2 該時段內無資料變動，未生成有效 SQL。
[2026-05-01 16:30:01] ℹ 備份檔案完成
[2026-05-01 17:00:01] 開始轉換時間範圍: 2026-05-01 16:00:00 到 2026-05-01 16:59:59
[2026-05-01 17:00:01] ℹ su_web 該時段內無資料變動，未生成有效 SQL。
[2026-05-01 17:00:01] ℹ sm_m2 該時段內無資料變動，未生成有效 SQL。
[2026-05-01 17:00:01] ℹ 備份檔案完成
[2026-05-01 17:30:01] 開始轉換時間範圍: 2026-05-01 16:00:00 到 2026-05-01 16:59:59
[2026-05-01 17:30:01] ℹ su_web 該時段內無資料變動，未生成有效 SQL。
[2026-05-01 17:30:01] ℹ sm_m2 該時段內無資料變動，未生成有效 SQL。
[2026-05-01 17:30:01] ℹ 備份檔案完成
[2026-05-01 18:00:01] 開始轉換時間範圍: 2026-05-01 17:00:00 到 2026-05-01 17:59:59
[2026-05-01 18:00:01] ℹ su_web 該時段內無資料變動，未生成有效 SQL。
[2026-05-01 18:00:01] ℹ sm_m2 該時段內無資料變動，未生成有效 SQL。
[2026-05-01 18:00:01] ℹ 備份檔案完成
[2026-05-01 18:30:01] 開始轉換時間範圍: 2026-05-01 17:00:00 到 2026-05-01 17:59:59
[2026-05-01 18:30:01] ℹ su_web 該時段內無資料變動，未生成有效 SQL。
[2026-05-01 18:30:01] ℹ sm_m2 該時段內無資料變動，未生成有效 SQL。
[2026-05-01 18:30:01] ℹ 備份檔案完成
[2026-05-01 19:00:01] 開始轉換時間範圍: 2026-05-01 18:00:00 到 2026-05-01 18:59:59
[2026-05-01 19:00:01] ℹ su_web 該時段內無資料變動，未生成有效 SQL。
[2026-05-01 19:00:01] ℹ sm_m2 該時段內無資料變動，未生成有效 SQL。
[2026-05-01 19:00:01] ℹ 備份檔案完成
[2026-05-01 19:30:01] 開始轉換時間範圍: 2026-05-01 18:00:00 到 2026-05-01 18:59:59
[2026-05-01 19:30:01] ℹ su_web 該時段內無資料變動，未生成有效 SQL。
[2026-05-01 19:30:02] ℹ sm_m2 該時段內無資料變動，未生成有效 SQL。
[2026-05-01 19:30:02] ℹ 備份檔案完成
[2026-05-01 20:00:02] 開始轉換時間範圍: 2026-05-01 19:00:00 到 2026-05-01 19:59:59
[2026-05-01 20:00:02] ℹ su_web 該時段內無資料變動，未生成有效 SQL。
[2026-05-01 20:00:02] ℹ sm_m2 該時段內無資料變動，未生成有效 SQL。
[2026-05-01 20:00:02] ℹ 備份檔案完成
[2026-05-01 20:30:01] 開始轉換時間範圍: 2026-05-01 19:00:00 到 2026-05-01 19:59:59
[2026-05-01 20:30:01] ℹ su_web 該時段內無資料變動，未生成有效 SQL。
[2026-05-01 20:30:01] ℹ sm_m2 該時段內無資料變動，未生成有效 SQL。
[2026-05-01 20:30:01] ℹ 備份檔案完成
[2026-05-01 21:00:01] 開始轉換時間範圍: 2026-05-01 20:00:00 到 2026-05-01 20:59:59
[2026-05-01 21:00:01] ℹ su_web 該時段內無資料變動，未生成有效 SQL。
[2026-05-01 21:00:01] ℹ sm_m2 該時段內無資料變動，未生成有效 SQL。
[2026-05-01 21:00:01] ℹ 備份檔案完成
[2026-05-01 21:30:01] 開始轉換時間範圍: 2026-05-01 20:00:00 到 2026-05-01 20:59:59
[2026-05-01 21:30:02] ℹ su_web 該時段內無資料變動，未生成有效 SQL。
[2026-05-01 21:30:02] ℹ sm_m2 該時段內無資料變動，未生成有效 SQL。
[2026-05-01 21:30:02] ℹ 備份檔案完成
[2026-05-01 22:00:01] 開始轉換時間範圍: 2026-05-01 21:00:00 到 2026-05-01 21:59:59
[2026-05-01 22:00:01] ℹ su_web 該時段內無資料變動，未生成有效 SQL。
[2026-05-01 22:00:01] ℹ sm_m2 該時段內無資料變動，未生成有效 SQL。
[2026-05-01 22:00:02] ℹ 備份檔案完成
[2026-05-01 22:30:01] 開始轉換時間範圍: 2026-05-01 21:00:00 到 2026-05-01 21:59:59
[2026-05-01 22:30:01] ℹ su_web 該時段內無資料變動，未生成有效 SQL。
[2026-05-01 22:30:01] ℹ sm_m2 該時段內無資料變動，未生成有效 SQL。
[2026-05-01 22:30:01] ℹ 備份檔案完成
[2026-05-01 23:00:01] 開始轉換時間範圍: 2026-05-01 22:00:00 到 2026-05-01 22:59:59
[2026-05-01 23:00:01] ℹ su_web 該時段內無資料變動，未生成有效 SQL。
[2026-05-01 23:00:01] ℹ sm_m2 該時段內無資料變動，未生成有效 SQL。
[2026-05-01 23:00:01] ℹ 備份檔案完成
[2026-05-01 23:30:01] 開始轉換時間範圍: 2026-05-01 22:00:00 到 2026-05-01 22:59:59
[2026-05-01 23:30:01] ℹ su_web 該時段內無資料變動，未生成有效 SQL。
[2026-05-01 23:30:01] ℹ sm_m2 該時段內無資料變動，未生成有效 SQL。
[2026-05-01 23:30:01] ℹ 備份檔案完成
[2026-05-02 00:00:01] 開始轉換時間範圍: 2026-05-01 23:00:00 到 2026-05-01 23:59:59
[2026-05-02 00:00:01] ℹ su_web 該時段內無資料變動，未生成有效 SQL。
[2026-05-02 00:00:01] ℹ sm_m2 該時段內無資料變動，未生成有效 SQL。
[2026-05-02 00:00:01] ℹ 備份檔案完成
[2026-05-02 00:30:01] 開始轉換時間範圍: 2026-05-01 23:00:00 到 2026-05-01 23:59:59
[2026-05-02 00:30:01] ℹ su_web 該時段內無資料變動，未生成有效 SQL。
[2026-05-02 00:30:01] ℹ sm_m2 該時段內無資料變動，未生成有效 SQL。
[2026-05-02 00:30:01] ℹ 備份檔案完成
[2026-05-02 01:00:01] 開始轉換時間範圍: 2026-05-02 00:00:00 到 2026-05-02 00:59:59
[2026-05-02 01:00:01] ℹ su_web 該時段內無資料變動，未生成有效 SQL。
[2026-05-02 01:00:01] ℹ sm_m2 該時段內無資料變動，未生成有效 SQL。
[2026-05-02 01:00:01] ℹ 備份檔案完成
[2026-05-02 01:30:01] 開始轉換時間範圍: 2026-05-02 00:00:00 到 2026-05-02 00:59:59
[2026-05-02 01:30:01] ℹ su_web 該時段內無資料變動，未生成有效 SQL。
[2026-05-02 01:30:01] ℹ sm_m2 該時段內無資料變動，未生成有效 SQL。
[2026-05-02 01:30:01] ℹ 備份檔案完成
[2026-05-02 02:00:01] 開始轉換時間範圍: 2026-05-02 01:00:00 到 2026-05-02 01:59:59
[2026-05-02 02:00:01] ℹ su_web 該時段內無資料變動，未生成有效 SQL。
[2026-05-02 02:00:01] ℹ sm_m2 該時段內無資料變動，未生成有效 SQL。
[2026-05-02 02:00:01] ℹ 備份檔案完成
[2026-05-02 02:30:02] 開始轉換時間範圍: 2026-05-02 01:00:00 到 2026-05-02 01:59:59
[2026-05-02 02:30:02] ℹ su_web 該時段內無資料變動，未生成有效 SQL。
[2026-05-02 02:30:02] ℹ sm_m2 該時段內無資料變動，未生成有效 SQL。
[2026-05-02 02:30:02] ℹ 備份檔案完成
[2026-05-02 03:00:01] 開始轉換時間範圍: 2026-05-02 02:00:00 到 2026-05-02 02:59:59
[2026-05-02 03:00:01] ℹ su_web 該時段內無資料變動，未生成有效 SQL。
[2026-05-02 03:00:01] ℹ sm_m2 該時段內無資料變動，未生成有效 SQL。
[2026-05-02 03:00:01] ℹ 備份檔案完成
[2026-05-02 03:30:01] 開始轉換時間範圍: 2026-05-02 02:00:00 到 2026-05-02 02:59:59
[2026-05-02 03:30:01] ℹ su_web 該時段內無資料變動，未生成有效 SQL。
[2026-05-02 03:30:02] ℹ sm_m2 該時段內無資料變動，未生成有效 SQL。
[2026-05-02 03:30:02] ℹ 備份檔案完成
[2026-05-02 04:00:01] 開始轉換時間範圍: 2026-05-02 03:00:00 到 2026-05-02 03:59:59
[2026-05-02 04:00:02] ℹ su_web 該時段內無資料變動，未生成有效 SQL。
[2026-05-02 04:00:02] ℹ sm_m2 該時段內無資料變動，未生成有效 SQL。
[2026-05-02 04:00:02] ℹ 備份檔案完成
[2026-05-02 04:30:01] 開始轉換時間範圍: 2026-05-02 03:00:00 到 2026-05-02 03:59:59
[2026-05-02 04:30:01] ℹ su_web 該時段內無資料變動，未生成有效 SQL。
[2026-05-02 04:30:01] ℹ sm_m2 該時段內無資料變動，未生成有效 SQL。
[2026-05-02 04:30:01] ℹ 備份檔案完成
[2026-05-02 05:00:01] 開始轉換時間範圍: 2026-05-02 04:00:00 到 2026-05-02 04:59:59
[2026-05-02 05:00:01] ℹ su_web 該時段內無資料變動，未生成有效 SQL。
[2026-05-02 05:00:01] ℹ sm_m2 該時段內無資料變動，未生成有效 SQL。
[2026-05-02 05:00:01] ℹ 備份檔案完成
[2026-05-02 05:30:01] 開始轉換時間範圍: 2026-05-02 04:00:00 到 2026-05-02 04:59:59
[2026-05-02 05:30:01] ℹ su_web 該時段內無資料變動，未生成有效 SQL。
[2026-05-02 05:30:01] ℹ sm_m2 該時段內無資料變動，未生成有效 SQL。
[2026-05-02 05:30:01] ℹ 備份檔案完成
[2026-05-02 06:00:02] 開始轉換時間範圍: 2026-05-02 05:00:00 到 2026-05-02 05:59:59
[2026-05-02 06:00:02] ℹ su_web 該時段內無資料變動，未生成有效 SQL。
[2026-05-02 06:00:02] ℹ sm_m2 該時段內無資料變動，未生成有效 SQL。
[2026-05-02 06:00:02] ℹ 備份檔案完成
[2026-05-02 06:30:02] 開始轉換時間範圍: 2026-05-02 05:00:00 到 2026-05-02 05:59:59
[2026-05-02 06:30:02] ℹ su_web 該時段內無資料變動，未生成有效 SQL。
[2026-05-02 06:30:02] ℹ sm_m2 該時段內無資料變動，未生成有效 SQL。
[2026-05-02 06:30:02] ℹ 備份檔案完成
[2026-05-02 07:00:01] 開始轉換時間範圍: 2026-05-02 06:00:00 到 2026-05-02 06:59:59
[2026-05-02 07:00:01] ℹ su_web 該時段內無資料變動，未生成有效 SQL。
[2026-05-02 07:00:01] ℹ sm_m2 該時段內無資料變動，未生成有效 SQL。
[2026-05-02 07:00:01] ℹ 備份檔案完成
[2026-05-02 07:30:01] 開始轉換時間範圍: 2026-05-02 06:00:00 到 2026-05-02 06:59:59
[2026-05-02 07:30:01] ℹ su_web 該時段內無資料變動，未生成有效 SQL。
[2026-05-02 07:30:01] ℹ sm_m2 該時段內無資料變動，未生成有效 SQL。
[2026-05-02 07:30:02] ℹ 備份檔案完成
[2026-05-02 08:00:01] 開始轉換時間範圍: 2026-05-02 07:00:00 到 2026-05-02 07:59:59
[2026-05-02 08:00:01] ℹ su_web 該時段內無資料變動，未生成有效 SQL。
[2026-05-02 08:00:01] ℹ sm_m2 該時段內無資料變動，未生成有效 SQL。
[2026-05-02 08:00:01] ℹ 備份檔案完成
[2026-05-02 08:30:01] 開始轉換時間範圍: 2026-05-02 07:00:00 到 2026-05-02 07:59:59
[2026-05-02 08:30:01] ℹ su_web 該時段內無資料變動，未生成有效 SQL。
[2026-05-02 08:30:01] ℹ sm_m2 該時段內無資料變動，未生成有效 SQL。
[2026-05-02 08:30:01] ℹ 備份檔案完成
[2026-05-02 09:00:01] 開始轉換時間範圍: 2026-05-02 08:00:00 到 2026-05-02 08:59:59
[2026-05-02 09:00:01] ✓ su_web 完成: /mnt/web/www/hksu/.db/files/2026/05/02/20260502_08_Backup_su_web.sql.zip
[2026-05-02 09:00:01] ℹ sm_m2 該時段內無資料變動，未生成有效 SQL。
[2026-05-02 09:00:01] ℹ 備份檔案，提交 Git 。
[2026-05-02 09:00:01] ℹ 備份檔案，add . 完成。
[2026-05-02 09:00:01] ℹ 備份檔案，commit -m backup 20260502_08 完成。
[2026-05-02 09:00:01] ℹ 備份檔案，開始 push。
[2026-05-02 09:00:04] ℹ 備份檔案完成
[2026-05-02 09:30:02] 開始轉換時間範圍: 2026-05-02 08:00:00 到 2026-05-02 08:59:59
[2026-05-02 09:30:02] ✓ su_web 完成: /mnt/web/www/hksu/.db/files/2026/05/02/20260502_08_Backup_su_web.sql.zip
[2026-05-02 09:30:02] ℹ sm_m2 該時段內無資料變動，未生成有效 SQL。
[2026-05-02 09:30:02] ℹ 備份檔案，提交 Git 。
[2026-05-02 09:30:02] ℹ 備份檔案，add . 完成。
[2026-05-02 09:30:02] ℹ 備份檔案，commit -m backup 20260502_08 完成。
[2026-05-02 09:30:02] ℹ 備份檔案，開始 push。
[2026-05-02 09:30:03] ℹ 備份檔案完成
[2026-05-02 10:00:01] 開始轉換時間範圍: 2026-05-02 09:00:00 到 2026-05-02 09:59:59
[2026-05-02 10:00:01] ℹ su_web 該時段內無資料變動，未生成有效 SQL。
[2026-05-02 10:00:01] ℹ sm_m2 該時段內無資料變動，未生成有效 SQL。
[2026-05-02 10:00:01] ℹ 備份檔案完成
[2026-05-02 10:30:01] 開始轉換時間範圍: 2026-05-02 09:00:00 到 2026-05-02 09:59:59
[2026-05-02 10:30:01] ℹ su_web 該時段內無資料變動，未生成有效 SQL。
[2026-05-02 10:30:01] ℹ sm_m2 該時段內無資料變動，未生成有效 SQL。
[2026-05-02 10:30:01] ℹ 備份檔案完成
[2026-05-02 11:00:01] 開始轉換時間範圍: 2026-05-02 10:00:00 到 2026-05-02 10:59:59
[2026-05-02 11:00:01] ℹ su_web 該時段內無資料變動，未生成有效 SQL。
[2026-05-02 11:00:01] ℹ sm_m2 該時段內無資料變動，未生成有效 SQL。
[2026-05-02 11:00:01] ℹ 備份檔案完成
[2026-05-02 11:30:01] 開始轉換時間範圍: 2026-05-02 10:00:00 到 2026-05-02 10:59:59
[2026-05-02 11:30:01] ℹ su_web 該時段內無資料變動，未生成有效 SQL。
[2026-05-02 11:30:01] ℹ sm_m2 該時段內無資料變動，未生成有效 SQL。
[2026-05-02 11:30:02] ℹ 備份檔案完成
[2026-05-02 12:00:01] 開始轉換時間範圍: 2026-05-02 11:00:00 到 2026-05-02 11:59:59
[2026-05-02 12:00:01] ℹ su_web 該時段內無資料變動，未生成有效 SQL。
[2026-05-02 12:00:01] ℹ sm_m2 該時段內無資料變動，未生成有效 SQL。
[2026-05-02 12:00:01] ℹ 備份檔案完成
[2026-05-02 12:30:01] 開始轉換時間範圍: 2026-05-02 11:00:00 到 2026-05-02 11:59:59
[2026-05-02 12:30:02] ℹ su_web 該時段內無資料變動，未生成有效 SQL。
[2026-05-02 12:30:02] ℹ sm_m2 該時段內無資料變動，未生成有效 SQL。
[2026-05-02 12:30:02] ℹ 備份檔案完成
[2026-05-02 13:00:02] 開始轉換時間範圍: 2026-05-02 12:00:00 到 2026-05-02 12:59:59
[2026-05-02 13:00:02] ℹ su_web 該時段內無資料變動，未生成有效 SQL。
[2026-05-02 13:00:02] ℹ sm_m2 該時段內無資料變動，未生成有效 SQL。
[2026-05-02 13:00:02] ℹ 備份檔案完成
[2026-05-02 13:30:01] 開始轉換時間範圍: 2026-05-02 12:00:00 到 2026-05-02 12:59:59
[2026-05-02 13:30:01] ℹ su_web 該時段內無資料變動，未生成有效 SQL。
[2026-05-02 13:30:01] ℹ sm_m2 該時段內無資料變動，未生成有效 SQL。
[2026-05-02 13:30:01] ℹ 備份檔案完成
[2026-05-02 14:00:01] 開始轉換時間範圍: 2026-05-02 13:00:00 到 2026-05-02 13:59:59
[2026-05-02 14:00:01] ℹ su_web 該時段內無資料變動，未生成有效 SQL。
[2026-05-02 14:00:01] ℹ sm_m2 該時段內無資料變動，未生成有效 SQL。
[2026-05-02 14:00:01] ℹ 備份檔案完成
[2026-05-02 14:30:01] 開始轉換時間範圍: 2026-05-02 13:00:00 到 2026-05-02 13:59:59
[2026-05-02 14:30:02] ℹ su_web 該時段內無資料變動，未生成有效 SQL。
[2026-05-02 14:30:02] ℹ sm_m2 該時段內無資料變動，未生成有效 SQL。
[2026-05-02 14:30:02] ℹ 備份檔案完成
[2026-05-02 15:00:01] 開始轉換時間範圍: 2026-05-02 14:00:00 到 2026-05-02 14:59:59
[2026-05-02 15:00:01] ℹ su_web 該時段內無資料變動，未生成有效 SQL。
[2026-05-02 15:00:01] ℹ sm_m2 該時段內無資料變動，未生成有效 SQL。
[2026-05-02 15:00:02] ℹ 備份檔案完成
[2026-05-02 15:30:01] 開始轉換時間範圍: 2026-05-02 14:00:00 到 2026-05-02 14:59:59
[2026-05-02 15:30:01] ℹ su_web 該時段內無資料變動，未生成有效 SQL。
[2026-05-02 15:30:01] ℹ sm_m2 該時段內無資料變動，未生成有效 SQL。
[2026-05-02 15:30:01] ℹ 備份檔案完成
[2026-05-02 16:00:01] 開始轉換時間範圍: 2026-05-02 15:00:00 到 2026-05-02 15:59:59
[2026-05-02 16:00:01] ℹ su_web 該時段內無資料變動，未生成有效 SQL。
[2026-05-02 16:00:01] ℹ sm_m2 該時段內無資料變動，未生成有效 SQL。
[2026-05-02 16:00:01] ℹ 備份檔案完成
[2026-05-02 16:30:01] 開始轉換時間範圍: 2026-05-02 15:00:00 到 2026-05-02 15:59:59
[2026-05-02 16:30:01] ℹ su_web 該時段內無資料變動，未生成有效 SQL。
[2026-05-02 16:30:01] ℹ sm_m2 該時段內無資料變動，未生成有效 SQL。
[2026-05-02 16:30:01] ℹ 備份檔案完成
[2026-05-02 17:00:01] 開始轉換時間範圍: 2026-05-02 16:00:00 到 2026-05-02 16:59:59
[2026-05-02 17:00:01] ℹ su_web 該時段內無資料變動，未生成有效 SQL。
[2026-05-02 17:00:01] ℹ sm_m2 該時段內無資料變動，未生成有效 SQL。
[2026-05-02 17:00:01] ℹ 備份檔案完成
[2026-05-02 17:30:01] 開始轉換時間範圍: 2026-05-02 16:00:00 到 2026-05-02 16:59:59
[2026-05-02 17:30:01] ℹ su_web 該時段內無資料變動，未生成有效 SQL。
[2026-05-02 17:30:01] ℹ sm_m2 該時段內無資料變動，未生成有效 SQL。
[2026-05-02 17:30:01] ℹ 備份檔案完成
[2026-05-02 18:00:01] 開始轉換時間範圍: 2026-05-02 17:00:00 到 2026-05-02 17:59:59
[2026-05-02 18:00:01] ℹ su_web 該時段內無資料變動，未生成有效 SQL。
[2026-05-02 18:00:01] ℹ sm_m2 該時段內無資料變動，未生成有效 SQL。
[2026-05-02 18:00:01] ℹ 備份檔案完成
[2026-05-02 18:30:01] 開始轉換時間範圍: 2026-05-02 17:00:00 到 2026-05-02 17:59:59
[2026-05-02 18:30:01] ℹ su_web 該時段內無資料變動，未生成有效 SQL。
[2026-05-02 18:30:01] ℹ sm_m2 該時段內無資料變動，未生成有效 SQL。
[2026-05-02 18:30:01] ℹ 備份檔案完成
[2026-05-02 19:00:01] 開始轉換時間範圍: 2026-05-02 18:00:00 到 2026-05-02 18:59:59
[2026-05-02 19:00:01] ℹ su_web 該時段內無資料變動，未生成有效 SQL。
[2026-05-02 19:00:01] ℹ sm_m2 該時段內無資料變動，未生成有效 SQL。
[2026-05-02 19:00:01] ℹ 備份檔案完成
[2026-05-02 19:30:01] 開始轉換時間範圍: 2026-05-02 18:00:00 到 2026-05-02 18:59:59
[2026-05-02 19:30:01] ℹ su_web 該時段內無資料變動，未生成有效 SQL。
[2026-05-02 19:30:01] ℹ sm_m2 該時段內無資料變動，未生成有效 SQL。
[2026-05-02 19:30:01] ℹ 備份檔案完成
[2026-05-02 20:00:01] 開始轉換時間範圍: 2026-05-02 19:00:00 到 2026-05-02 19:59:59
[2026-05-02 20:00:01] ℹ su_web 該時段內無資料變動，未生成有效 SQL。
[2026-05-02 20:00:01] ℹ sm_m2 該時段內無資料變動，未生成有效 SQL。
[2026-05-02 20:00:01] ℹ 備份檔案完成
[2026-05-02 20:30:01] 開始轉換時間範圍: 2026-05-02 19:00:00 到 2026-05-02 19:59:59
[2026-05-02 20:30:01] ℹ su_web 該時段內無資料變動，未生成有效 SQL。
[2026-05-02 20:30:01] ℹ sm_m2 該時段內無資料變動，未生成有效 SQL。
[2026-05-02 20:30:01] ℹ 備份檔案完成
[2026-05-02 21:00:01] 開始轉換時間範圍: 2026-05-02 20:00:00 到 2026-05-02 20:59:59
[2026-05-02 21:00:01] ℹ su_web 該時段內無資料變動，未生成有效 SQL。
[2026-05-02 21:00:01] ℹ sm_m2 該時段內無資料變動，未生成有效 SQL。
[2026-05-02 21:00:01] ℹ 備份檔案完成
[2026-05-02 21:30:01] 開始轉換時間範圍: 2026-05-02 20:00:00 到 2026-05-02 20:59:59
[2026-05-02 21:30:01] ℹ su_web 該時段內無資料變動，未生成有效 SQL。
[2026-05-02 21:30:01] ℹ sm_m2 該時段內無資料變動，未生成有效 SQL。
[2026-05-02 21:30:01] ℹ 備份檔案完成
[2026-05-02 22:00:01] 開始轉換時間範圍: 2026-05-02 21:00:00 到 2026-05-02 21:59:59
[2026-05-02 22:00:01] ℹ su_web 該時段內無資料變動，未生成有效 SQL。
[2026-05-02 22:00:01] ℹ sm_m2 該時段內無資料變動，未生成有效 SQL。
[2026-05-02 22:00:01] ℹ 備份檔案完成
[2026-05-02 22:30:01] 開始轉換時間範圍: 2026-05-02 21:00:00 到 2026-05-02 21:59:59
[2026-05-02 22:30:01] ℹ su_web 該時段內無資料變動，未生成有效 SQL。
[2026-05-02 22:30:01] ℹ sm_m2 該時段內無資料變動，未生成有效 SQL。
[2026-05-02 22:30:01] ℹ 備份檔案完成
[2026-05-02 23:00:01] 開始轉換時間範圍: 2026-05-02 22:00:00 到 2026-05-02 22:59:59
[2026-05-02 23:00:01] ℹ su_web 該時段內無資料變動，未生成有效 SQL。
[2026-05-02 23:00:01] ℹ sm_m2 該時段內無資料變動，未生成有效 SQL。
[2026-05-02 23:00:01] ℹ 備份檔案完成
[2026-05-02 23:30:01] 開始轉換時間範圍: 2026-05-02 22:00:00 到 2026-05-02 22:59:59
[2026-05-02 23:30:01] ℹ su_web 該時段內無資料變動，未生成有效 SQL。
[2026-05-02 23:30:01] ℹ sm_m2 該時段內無資料變動，未生成有效 SQL。
[2026-05-02 23:30:01] ℹ 備份檔案完成
[2026-05-03 00:00:01] 開始轉換時間範圍: 2026-05-02 23:00:00 到 2026-05-02 23:59:59
[2026-05-03 00:00:01] ℹ su_web 該時段內無資料變動，未生成有效 SQL。
[2026-05-03 00:00:01] ℹ sm_m2 該時段內無資料變動，未生成有效 SQL。
[2026-05-03 00:00:01] ℹ 備份檔案完成
[2026-05-03 00:30:01] 開始轉換時間範圍: 2026-05-02 23:00:00 到 2026-05-02 23:59:59
[2026-05-03 00:30:01] ℹ su_web 該時段內無資料變動，未生成有效 SQL。
[2026-05-03 00:30:01] ℹ sm_m2 該時段內無資料變動，未生成有效 SQL。
[2026-05-03 00:30:01] ℹ 備份檔案完成
[2026-05-03 01:00:01] 開始轉換時間範圍: 2026-05-03 00:00:00 到 2026-05-03 00:59:59
[2026-05-03 01:00:01] ℹ su_web 該時段內無資料變動，未生成有效 SQL。
[2026-05-03 01:00:01] ℹ sm_m2 該時段內無資料變動，未生成有效 SQL。
[2026-05-03 01:00:01] ℹ 備份檔案完成
[2026-05-03 01:30:01] 開始轉換時間範圍: 2026-05-03 00:00:00 到 2026-05-03 00:59:59
[2026-05-03 01:30:01] ℹ su_web 該時段內無資料變動，未生成有效 SQL。
[2026-05-03 01:30:01] ℹ sm_m2 該時段內無資料變動，未生成有效 SQL。
[2026-05-03 01:30:01] ℹ 備份檔案完成
[2026-05-03 02:00:01] 開始轉換時間範圍: 2026-05-03 01:00:00 到 2026-05-03 01:59:59
[2026-05-03 02:00:01] ℹ su_web 該時段內無資料變動，未生成有效 SQL。
[2026-05-03 02:00:01] ℹ sm_m2 該時段內無資料變動，未生成有效 SQL。
[2026-05-03 02:00:01] ℹ 備份檔案完成
[2026-05-03 02:30:01] 開始轉換時間範圍: 2026-05-03 01:00:00 到 2026-05-03 01:59:59
[2026-05-03 02:30:01] ℹ su_web 該時段內無資料變動，未生成有效 SQL。
[2026-05-03 02:30:01] ℹ sm_m2 該時段內無資料變動，未生成有效 SQL。
[2026-05-03 02:30:01] ℹ 備份檔案完成
[2026-05-03 03:00:01] 開始轉換時間範圍: 2026-05-03 02:00:00 到 2026-05-03 02:59:59
[2026-05-03 03:00:01] ℹ su_web 該時段內無資料變動，未生成有效 SQL。
[2026-05-03 03:00:01] ℹ sm_m2 該時段內無資料變動，未生成有效 SQL。
[2026-05-03 03:00:01] ℹ 備份檔案完成
[2026-05-03 03:30:01] 開始轉換時間範圍: 2026-05-03 02:00:00 到 2026-05-03 02:59:59
[2026-05-03 03:30:01] ℹ su_web 該時段內無資料變動，未生成有效 SQL。
[2026-05-03 03:30:01] ℹ sm_m2 該時段內無資料變動，未生成有效 SQL。
[2026-05-03 03:30:01] ℹ 備份檔案完成
[2026-05-03 04:00:02] 開始轉換時間範圍: 2026-05-03 03:00:00 到 2026-05-03 03:59:59
[2026-05-03 04:00:02] ℹ su_web 該時段內無資料變動，未生成有效 SQL。
[2026-05-03 04:00:02] ℹ sm_m2 該時段內無資料變動，未生成有效 SQL。
[2026-05-03 04:00:02] ℹ 備份檔案完成
[2026-05-03 04:30:01] 開始轉換時間範圍: 2026-05-03 03:00:00 到 2026-05-03 03:59:59
[2026-05-03 04:30:01] ℹ su_web 該時段內無資料變動，未生成有效 SQL。
[2026-05-03 04:30:01] ℹ sm_m2 該時段內無資料變動，未生成有效 SQL。
[2026-05-03 04:30:01] ℹ 備份檔案完成
[2026-05-03 05:00:01] 開始轉換時間範圍: 2026-05-03 04:00:00 到 2026-05-03 04:59:59
[2026-05-03 05:00:01] ℹ su_web 該時段內無資料變動，未生成有效 SQL。
[2026-05-03 05:00:01] ℹ sm_m2 該時段內無資料變動，未生成有效 SQL。
[2026-05-03 05:00:01] ℹ 備份檔案完成
[2026-05-03 05:30:01] 開始轉換時間範圍: 2026-05-03 04:00:00 到 2026-05-03 04:59:59
[2026-05-03 05:30:01] ℹ su_web 該時段內無資料變動，未生成有效 SQL。
[2026-05-03 05:30:01] ℹ sm_m2 該時段內無資料變動，未生成有效 SQL。
[2026-05-03 05:30:01] ℹ 備份檔案完成
[2026-05-03 06:00:01] 開始轉換時間範圍: 2026-05-03 05:00:00 到 2026-05-03 05:59:59
[2026-05-03 06:00:01] ℹ su_web 該時段內無資料變動，未生成有效 SQL。
[2026-05-03 06:00:01] ℹ sm_m2 該時段內無資料變動，未生成有效 SQL。
[2026-05-03 06:00:01] ℹ 備份檔案完成
[2026-05-03 06:30:01] 開始轉換時間範圍: 2026-05-03 05:00:00 到 2026-05-03 05:59:59
[2026-05-03 06:30:01] ℹ su_web 該時段內無資料變動，未生成有效 SQL。
[2026-05-03 06:30:01] ℹ sm_m2 該時段內無資料變動，未生成有效 SQL。
[2026-05-03 06:30:01] ℹ 備份檔案完成
[2026-05-03 07:00:02] 開始轉換時間範圍: 2026-05-03 06:00:00 到 2026-05-03 06:59:59
[2026-05-03 07:00:02] ℹ su_web 該時段內無資料變動，未生成有效 SQL。
[2026-05-03 07:00:02] ℹ sm_m2 該時段內無資料變動，未生成有效 SQL。
[2026-05-03 07:00:02] ℹ 備份檔案完成
[2026-05-03 07:30:01] 開始轉換時間範圍: 2026-05-03 06:00:00 到 2026-05-03 06:59:59
[2026-05-03 07:30:01] ℹ su_web 該時段內無資料變動，未生成有效 SQL。
[2026-05-03 07:30:01] ℹ sm_m2 該時段內無資料變動，未生成有效 SQL。
[2026-05-03 07:30:02] ℹ 備份檔案完成
[2026-05-03 08:00:01] 開始轉換時間範圍: 2026-05-03 07:00:00 到 2026-05-03 07:59:59
[2026-05-03 08:00:01] ℹ su_web 該時段內無資料變動，未生成有效 SQL。
[2026-05-03 08:00:01] ℹ sm_m2 該時段內無資料變動，未生成有效 SQL。
[2026-05-03 08:00:01] ℹ 備份檔案完成
[2026-05-03 08:30:01] 開始轉換時間範圍: 2026-05-03 07:00:00 到 2026-05-03 07:59:59
[2026-05-03 08:30:01] ℹ su_web 該時段內無資料變動，未生成有效 SQL。
[2026-05-03 08:30:01] ℹ sm_m2 該時段內無資料變動，未生成有效 SQL。
[2026-05-03 08:30:01] ℹ 備份檔案完成
[2026-05-03 09:00:01] 開始轉換時間範圍: 2026-05-03 08:00:00 到 2026-05-03 08:59:59
[2026-05-03 09:00:01] ℹ su_web 該時段內無資料變動，未生成有效 SQL。
[2026-05-03 09:00:01] ℹ sm_m2 該時段內無資料變動，未生成有效 SQL。
[2026-05-03 09:00:01] ℹ 備份檔案完成
[2026-05-03 09:30:01] 開始轉換時間範圍: 2026-05-03 08:00:00 到 2026-05-03 08:59:59
[2026-05-03 09:30:01] ℹ su_web 該時段內無資料變動，未生成有效 SQL。
[2026-05-03 09:30:01] ℹ sm_m2 該時段內無資料變動，未生成有效 SQL。
[2026-05-03 09:30:01] ℹ 備份檔案完成
[2026-05-03 10:00:01] 開始轉換時間範圍: 2026-05-03 09:00:00 到 2026-05-03 09:59:59
[2026-05-03 10:00:01] ℹ su_web 該時段內無資料變動，未生成有效 SQL。
[2026-05-03 10:00:01] ℹ sm_m2 該時段內無資料變動，未生成有效 SQL。
[2026-05-03 10:00:01] ℹ 備份檔案完成
[2026-05-03 10:30:01] 開始轉換時間範圍: 2026-05-03 09:00:00 到 2026-05-03 09:59:59
[2026-05-03 10:30:01] ℹ su_web 該時段內無資料變動，未生成有效 SQL。
[2026-05-03 10:30:01] ℹ sm_m2 該時段內無資料變動，未生成有效 SQL。
[2026-05-03 10:30:01] ℹ 備份檔案完成
[2026-05-03 11:00:01] 開始轉換時間範圍: 2026-05-03 10:00:00 到 2026-05-03 10:59:59
[2026-05-03 11:00:01] ℹ su_web 該時段內無資料變動，未生成有效 SQL。
[2026-05-03 11:00:01] ℹ sm_m2 該時段內無資料變動，未生成有效 SQL。
[2026-05-03 11:00:01] ℹ 備份檔案完成
[2026-05-03 11:30:01] 開始轉換時間範圍: 2026-05-03 10:00:00 到 2026-05-03 10:59:59
[2026-05-03 11:30:01] ℹ su_web 該時段內無資料變動，未生成有效 SQL。
[2026-05-03 11:30:01] ℹ sm_m2 該時段內無資料變動，未生成有效 SQL。
[2026-05-03 11:30:01] ℹ 備份檔案完成
[2026-05-03 12:00:01] 開始轉換時間範圍: 2026-05-03 11:00:00 到 2026-05-03 11:59:59
[2026-05-03 12:00:01] ℹ su_web 該時段內無資料變動，未生成有效 SQL。
[2026-05-03 12:00:01] ℹ sm_m2 該時段內無資料變動，未生成有效 SQL。
[2026-05-03 12:00:01] ℹ 備份檔案完成
[2026-05-03 12:30:01] 開始轉換時間範圍: 2026-05-03 11:00:00 到 2026-05-03 11:59:59
[2026-05-03 12:30:01] ℹ su_web 該時段內無資料變動，未生成有效 SQL。
[2026-05-03 12:30:01] ℹ sm_m2 該時段內無資料變動，未生成有效 SQL。
[2026-05-03 12:30:01] ℹ 備份檔案完成
[2026-05-03 13:00:01] 開始轉換時間範圍: 2026-05-03 12:00:00 到 2026-05-03 12:59:59
[2026-05-03 13:00:01] ✓ su_web 完成: /mnt/web/www/hksu/.db/files/2026/05/03/20260503_12_Backup_su_web.sql.zip
[2026-05-03 13:00:01] ℹ sm_m2 該時段內無資料變動，未生成有效 SQL。
[2026-05-03 13:00:01] ℹ 備份檔案，提交 Git 。
[2026-05-03 13:00:01] ℹ 備份檔案，add . 完成。
[2026-05-03 13:00:01] ℹ 備份檔案，commit -m backup 20260503_12 完成。
[2026-05-03 13:00:01] ℹ 備份檔案，開始 push。
[2026-05-03 13:00:02] ℹ 備份檔案完成
[2026-05-03 13:30:02] 開始轉換時間範圍: 2026-05-03 12:00:00 到 2026-05-03 12:59:59
[2026-05-03 13:30:02] ✓ su_web 完成: /mnt/web/www/hksu/.db/files/2026/05/03/20260503_12_Backup_su_web.sql.zip
[2026-05-03 13:30:02] ℹ sm_m2 該時段內無資料變動，未生成有效 SQL。
[2026-05-03 13:30:02] ℹ 備份檔案，提交 Git 。
[2026-05-03 13:30:02] ℹ 備份檔案，add . 完成。
[2026-05-03 13:30:02] ℹ 備份檔案，commit -m backup 20260503_12 完成。
[2026-05-03 13:30:02] ℹ 備份檔案，開始 push。
[2026-05-03 13:30:04] ℹ 備份檔案完成
[2026-05-03 14:00:02] 開始轉換時間範圍: 2026-05-03 13:00:00 到 2026-05-03 13:59:59
[2026-05-03 14:00:02] ℹ su_web 該時段內無資料變動，未生成有效 SQL。
[2026-05-03 14:00:02] ℹ sm_m2 該時段內無資料變動，未生成有效 SQL。
[2026-05-03 14:00:02] ℹ 備份檔案完成
[2026-05-03 14:30:01] 開始轉換時間範圍: 2026-05-03 13:00:00 到 2026-05-03 13:59:59
[2026-05-03 14:30:01] ℹ su_web 該時段內無資料變動，未生成有效 SQL。
[2026-05-03 14:30:01] ℹ sm_m2 該時段內無資料變動，未生成有效 SQL。
[2026-05-03 14:30:02] ℹ 備份檔案完成
[2026-05-03 15:00:01] 開始轉換時間範圍: 2026-05-03 14:00:00 到 2026-05-03 14:59:59
[2026-05-03 15:00:01] ℹ su_web 該時段內無資料變動，未生成有效 SQL。
[2026-05-03 15:00:01] ℹ sm_m2 該時段內無資料變動，未生成有效 SQL。
[2026-05-03 15:00:01] ℹ 備份檔案完成
[2026-05-03 15:30:01] 開始轉換時間範圍: 2026-05-03 14:00:00 到 2026-05-03 14:59:59
[2026-05-03 15:30:01] ℹ su_web 該時段內無資料變動，未生成有效 SQL。
[2026-05-03 15:30:01] ℹ sm_m2 該時段內無資料變動，未生成有效 SQL。
[2026-05-03 15:30:02] ℹ 備份檔案完成
[2026-05-03 16:00:01] 開始轉換時間範圍: 2026-05-03 15:00:00 到 2026-05-03 15:59:59
[2026-05-03 16:00:01] ℹ su_web 該時段內無資料變動，未生成有效 SQL。
[2026-05-03 16:00:01] ℹ sm_m2 該時段內無資料變動，未生成有效 SQL。
[2026-05-03 16:00:01] ℹ 備份檔案完成
[2026-05-03 16:30:01] 開始轉換時間範圍: 2026-05-03 15:00:00 到 2026-05-03 15:59:59
[2026-05-03 16:30:01] ℹ su_web 該時段內無資料變動，未生成有效 SQL。
[2026-05-03 16:30:01] ℹ sm_m2 該時段內無資料變動，未生成有效 SQL。
[2026-05-03 16:30:01] ℹ 備份檔案完成
[2026-05-03 17:00:01] 開始轉換時間範圍: 2026-05-03 16:00:00 到 2026-05-03 16:59:59
[2026-05-03 17:00:01] ℹ su_web 該時段內無資料變動，未生成有效 SQL。
[2026-05-03 17:00:01] ℹ sm_m2 該時段內無資料變動，未生成有效 SQL。
[2026-05-03 17:00:01] ℹ 備份檔案完成
[2026-05-03 17:30:01] 開始轉換時間範圍: 2026-05-03 16:00:00 到 2026-05-03 16:59:59
[2026-05-03 17:30:01] ℹ su_web 該時段內無資料變動，未生成有效 SQL。
[2026-05-03 17:30:01] ℹ sm_m2 該時段內無資料變動，未生成有效 SQL。
[2026-05-03 17:30:02] ℹ 備份檔案完成
[2026-05-03 18:00:01] 開始轉換時間範圍: 2026-05-03 17:00:00 到 2026-05-03 17:59:59
[2026-05-03 18:00:01] ℹ su_web 該時段內無資料變動，未生成有效 SQL。
[2026-05-03 18:00:01] ℹ sm_m2 該時段內無資料變動，未生成有效 SQL。
[2026-05-03 18:00:01] ℹ 備份檔案完成
[2026-05-03 18:30:02] 開始轉換時間範圍: 2026-05-03 17:00:00 到 2026-05-03 17:59:59
[2026-05-03 18:30:02] ℹ su_web 該時段內無資料變動，未生成有效 SQL。
[2026-05-03 18:30:02] ℹ sm_m2 該時段內無資料變動，未生成有效 SQL。
[2026-05-03 18:30:02] ℹ 備份檔案完成
[2026-05-03 19:00:01] 開始轉換時間範圍: 2026-05-03 18:00:00 到 2026-05-03 18:59:59
[2026-05-03 19:00:01] ℹ su_web 該時段內無資料變動，未生成有效 SQL。
[2026-05-03 19:00:01] ℹ sm_m2 該時段內無資料變動，未生成有效 SQL。
[2026-05-03 19:00:02] ℹ 備份檔案完成
[2026-05-03 19:30:01] 開始轉換時間範圍: 2026-05-03 18:00:00 到 2026-05-03 18:59:59
[2026-05-03 19:30:01] ℹ su_web 該時段內無資料變動，未生成有效 SQL。
[2026-05-03 19:30:02] ℹ sm_m2 該時段內無資料變動，未生成有效 SQL。
[2026-05-03 19:30:02] ℹ 備份檔案完成
[2026-05-03 20:00:01] 開始轉換時間範圍: 2026-05-03 19:00:00 到 2026-05-03 19:59:59
[2026-05-03 20:00:01] ℹ su_web 該時段內無資料變動，未生成有效 SQL。
[2026-05-03 20:00:01] ℹ sm_m2 該時段內無資料變動，未生成有效 SQL。
[2026-05-03 20:00:01] ℹ 備份檔案完成
[2026-05-03 20:30:01] 開始轉換時間範圍: 2026-05-03 19:00:00 到 2026-05-03 19:59:59
[2026-05-03 20:30:01] ℹ su_web 該時段內無資料變動，未生成有效 SQL。
[2026-05-03 20:30:01] ℹ sm_m2 該時段內無資料變動，未生成有效 SQL。
[2026-05-03 20:30:01] ℹ 備份檔案完成
[2026-05-03 21:00:01] 開始轉換時間範圍: 2026-05-03 20:00:00 到 2026-05-03 20:59:59
[2026-05-03 21:00:01] ℹ su_web 該時段內無資料變動，未生成有效 SQL。
[2026-05-03 21:00:01] ℹ sm_m2 該時段內無資料變動，未生成有效 SQL。
[2026-05-03 21:00:01] ℹ 備份檔案完成
[2026-05-03 21:30:01] 開始轉換時間範圍: 2026-05-03 20:00:00 到 2026-05-03 20:59:59
[2026-05-03 21:30:01] ℹ su_web 該時段內無資料變動，未生成有效 SQL。
[2026-05-03 21:30:01] ℹ sm_m2 該時段內無資料變動，未生成有效 SQL。
[2026-05-03 21:30:01] ℹ 備份檔案完成
[2026-05-03 22:00:01] 開始轉換時間範圍: 2026-05-03 21:00:00 到 2026-05-03 21:59:59
[2026-05-03 22:00:01] ℹ su_web 該時段內無資料變動，未生成有效 SQL。
[2026-05-03 22:00:01] ℹ sm_m2 該時段內無資料變動，未生成有效 SQL。
[2026-05-03 22:00:01] ℹ 備份檔案完成
[2026-05-03 22:30:02] 開始轉換時間範圍: 2026-05-03 21:00:00 到 2026-05-03 21:59:59
[2026-05-03 22:30:02] ℹ su_web 該時段內無資料變動，未生成有效 SQL。
[2026-05-03 22:30:02] ℹ sm_m2 該時段內無資料變動，未生成有效 SQL。
[2026-05-03 22:30:02] ℹ 備份檔案完成
[2026-05-03 23:00:01] 開始轉換時間範圍: 2026-05-03 22:00:00 到 2026-05-03 22:59:59
[2026-05-03 23:00:01] ℹ su_web 該時段內無資料變動，未生成有效 SQL。
[2026-05-03 23:00:01] ℹ sm_m2 該時段內無資料變動，未生成有效 SQL。
[2026-05-03 23:00:01] ℹ 備份檔案完成
[2026-05-03 23:30:01] 開始轉換時間範圍: 2026-05-03 22:00:00 到 2026-05-03 22:59:59
[2026-05-03 23:30:01] ℹ su_web 該時段內無資料變動，未生成有效 SQL。
[2026-05-03 23:30:01] ℹ sm_m2 該時段內無資料變動，未生成有效 SQL。
[2026-05-03 23:30:01] ℹ 備份檔案完成
[2026-05-04 00:00:01] 開始轉換時間範圍: 2026-05-03 23:00:00 到 2026-05-03 23:59:59
[2026-05-04 00:00:01] ℹ su_web 該時段內無資料變動，未生成有效 SQL。
[2026-05-04 00:00:01] ℹ sm_m2 該時段內無資料變動，未生成有效 SQL。
[2026-05-04 00:00:01] ℹ 備份檔案完成
[2026-05-04 00:30:02] 開始轉換時間範圍: 2026-05-03 23:00:00 到 2026-05-03 23:59:59
[2026-05-04 00:30:02] ℹ su_web 該時段內無資料變動，未生成有效 SQL。
[2026-05-04 00:30:02] ℹ sm_m2 該時段內無資料變動，未生成有效 SQL。
[2026-05-04 00:30:02] ℹ 備份檔案完成
[2026-05-04 01:00:01] 開始轉換時間範圍: 2026-05-04 00:00:00 到 2026-05-04 00:59:59
[2026-05-04 01:00:01] ℹ su_web 該時段內無資料變動，未生成有效 SQL。
[2026-05-04 01:00:01] ℹ sm_m2 該時段內無資料變動，未生成有效 SQL。
[2026-05-04 01:00:01] ℹ 備份檔案完成
[2026-05-04 01:30:02] 開始轉換時間範圍: 2026-05-04 00:00:00 到 2026-05-04 00:59:59
[2026-05-04 01:30:02] ℹ su_web 該時段內無資料變動，未生成有效 SQL。
[2026-05-04 01:30:02] ℹ sm_m2 該時段內無資料變動，未生成有效 SQL。
[2026-05-04 01:30:02] ℹ 備份檔案完成
[2026-05-04 02:00:01] 開始轉換時間範圍: 2026-05-04 01:00:00 到 2026-05-04 01:59:59
[2026-05-04 02:00:01] ℹ su_web 該時段內無資料變動，未生成有效 SQL。
[2026-05-04 02:00:01] ℹ sm_m2 該時段內無資料變動，未生成有效 SQL。
[2026-05-04 02:00:01] ℹ 備份檔案完成
[2026-05-04 02:30:01] 開始轉換時間範圍: 2026-05-04 01:00:00 到 2026-05-04 01:59:59
[2026-05-04 02:30:01] ℹ su_web 該時段內無資料變動，未生成有效 SQL。
[2026-05-04 02:30:01] ℹ sm_m2 該時段內無資料變動，未生成有效 SQL。
[2026-05-04 02:30:01] ℹ 備份檔案完成
[2026-05-04 03:00:01] 開始轉換時間範圍: 2026-05-04 02:00:00 到 2026-05-04 02:59:59
[2026-05-04 03:00:01] ℹ su_web 該時段內無資料變動，未生成有效 SQL。
[2026-05-04 03:00:01] ℹ sm_m2 該時段內無資料變動，未生成有效 SQL。
[2026-05-04 03:00:01] ℹ 備份檔案完成
[2026-05-04 03:30:01] 開始轉換時間範圍: 2026-05-04 02:00:00 到 2026-05-04 02:59:59
[2026-05-04 03:30:01] ℹ su_web 該時段內無資料變動，未生成有效 SQL。
[2026-05-04 03:30:01] ℹ sm_m2 該時段內無資料變動，未生成有效 SQL。
[2026-05-04 03:30:01] ℹ 備份檔案完成
[2026-05-04 04:00:01] 開始轉換時間範圍: 2026-05-04 03:00:00 到 2026-05-04 03:59:59
[2026-05-04 04:00:01] ℹ su_web 該時段內無資料變動，未生成有效 SQL。
[2026-05-04 04:00:01] ℹ sm_m2 該時段內無資料變動，未生成有效 SQL。
[2026-05-04 04:00:02] ℹ 備份檔案完成
[2026-05-04 04:30:01] 開始轉換時間範圍: 2026-05-04 03:00:00 到 2026-05-04 03:59:59
[2026-05-04 04:30:01] ℹ su_web 該時段內無資料變動，未生成有效 SQL。
[2026-05-04 04:30:01] ℹ sm_m2 該時段內無資料變動，未生成有效 SQL。
[2026-05-04 04:30:01] ℹ 備份檔案完成
[2026-05-04 05:00:01] 開始轉換時間範圍: 2026-05-04 04:00:00 到 2026-05-04 04:59:59
[2026-05-04 05:00:01] ℹ su_web 該時段內無資料變動，未生成有效 SQL。
[2026-05-04 05:00:01] ℹ sm_m2 該時段內無資料變動，未生成有效 SQL。
[2026-05-04 05:00:01] ℹ 備份檔案完成
[2026-05-04 05:30:01] 開始轉換時間範圍: 2026-05-04 04:00:00 到 2026-05-04 04:59:59
[2026-05-04 05:30:01] ℹ su_web 該時段內無資料變動，未生成有效 SQL。
[2026-05-04 05:30:01] ℹ sm_m2 該時段內無資料變動，未生成有效 SQL。
[2026-05-04 05:30:02] ℹ 備份檔案完成
[2026-05-04 06:00:01] 開始轉換時間範圍: 2026-05-04 05:00:00 到 2026-05-04 05:59:59
[2026-05-04 06:00:01] ℹ su_web 該時段內無資料變動，未生成有效 SQL。
[2026-05-04 06:00:01] ℹ sm_m2 該時段內無資料變動，未生成有效 SQL。
[2026-05-04 06:00:01] ℹ 備份檔案完成
[2026-05-04 06:30:01] 開始轉換時間範圍: 2026-05-04 05:00:00 到 2026-05-04 05:59:59
[2026-05-04 06:30:02] ℹ su_web 該時段內無資料變動，未生成有效 SQL。
[2026-05-04 06:30:02] ℹ sm_m2 該時段內無資料變動，未生成有效 SQL。
[2026-05-04 06:30:02] ℹ 備份檔案完成
[2026-05-04 07:00:01] 開始轉換時間範圍: 2026-05-04 06:00:00 到 2026-05-04 06:59:59
[2026-05-04 07:00:01] ℹ su_web 該時段內無資料變動，未生成有效 SQL。
[2026-05-04 07:00:01] ℹ sm_m2 該時段內無資料變動，未生成有效 SQL。
[2026-05-04 07:00:01] ℹ 備份檔案完成
[2026-05-04 07:30:01] 開始轉換時間範圍: 2026-05-04 06:00:00 到 2026-05-04 06:59:59
[2026-05-04 07:30:01] ℹ su_web 該時段內無資料變動，未生成有效 SQL。
[2026-05-04 07:30:01] ℹ sm_m2 該時段內無資料變動，未生成有效 SQL。
[2026-05-04 07:30:01] ℹ 備份檔案完成
[2026-05-04 08:00:01] 開始轉換時間範圍: 2026-05-04 07:00:00 到 2026-05-04 07:59:59
[2026-05-04 08:00:02] ℹ su_web 該時段內無資料變動，未生成有效 SQL。
[2026-05-04 08:00:02] ℹ sm_m2 該時段內無資料變動，未生成有效 SQL。
[2026-05-04 08:00:02] ℹ 備份檔案完成
[2026-05-04 08:30:01] 開始轉換時間範圍: 2026-05-04 07:00:00 到 2026-05-04 07:59:59
[2026-05-04 08:30:01] ℹ su_web 該時段內無資料變動，未生成有效 SQL。
[2026-05-04 08:30:01] ℹ sm_m2 該時段內無資料變動，未生成有效 SQL。
[2026-05-04 08:30:01] ℹ 備份檔案完成
[2026-05-04 09:00:01] 開始轉換時間範圍: 2026-05-04 08:00:00 到 2026-05-04 08:59:59
[2026-05-04 09:00:01] ℹ su_web 該時段內無資料變動，未生成有效 SQL。
[2026-05-04 09:00:01] ℹ sm_m2 該時段內無資料變動，未生成有效 SQL。
[2026-05-04 09:00:01] ℹ 備份檔案完成
[2026-05-04 09:30:01] 開始轉換時間範圍: 2026-05-04 08:00:00 到 2026-05-04 08:59:59
[2026-05-04 09:30:02] ℹ su_web 該時段內無資料變動，未生成有效 SQL。
[2026-05-04 09:30:02] ℹ sm_m2 該時段內無資料變動，未生成有效 SQL。
[2026-05-04 09:30:02] ℹ 備份檔案完成
[2026-05-04 10:00:01] 開始轉換時間範圍: 2026-05-04 09:00:00 到 2026-05-04 09:59:59
[2026-05-04 10:00:01] ℹ su_web 該時段內無資料變動，未生成有效 SQL。
[2026-05-04 10:00:01] ℹ sm_m2 該時段內無資料變動，未生成有效 SQL。
[2026-05-04 10:00:01] ℹ 備份檔案完成
[2026-05-04 10:30:01] 開始轉換時間範圍: 2026-05-04 09:00:00 到 2026-05-04 09:59:59
[2026-05-04 10:30:01] ℹ su_web 該時段內無資料變動，未生成有效 SQL。
[2026-05-04 10:30:01] ℹ sm_m2 該時段內無資料變動，未生成有效 SQL。
[2026-05-04 10:30:01] ℹ 備份檔案完成
[2026-05-04 11:00:01] 開始轉換時間範圍: 2026-05-04 10:00:00 到 2026-05-04 10:59:59
[2026-05-04 11:00:01] ℹ su_web 該時段內無資料變動，未生成有效 SQL。
[2026-05-04 11:00:02] ℹ sm_m2 該時段內無資料變動，未生成有效 SQL。
[2026-05-04 11:00:02] ℹ 備份檔案完成
[2026-05-04 11:30:01] 開始轉換時間範圍: 2026-05-04 10:00:00 到 2026-05-04 10:59:59
[2026-05-04 11:30:01] ℹ su_web 該時段內無資料變動，未生成有效 SQL。
[2026-05-04 11:30:01] ℹ sm_m2 該時段內無資料變動，未生成有效 SQL。
[2026-05-04 11:30:02] ℹ 備份檔案完成
[2026-05-04 12:00:01] 開始轉換時間範圍: 2026-05-04 11:00:00 到 2026-05-04 11:59:59
[2026-05-04 12:00:02] ℹ su_web 該時段內無資料變動，未生成有效 SQL。
[2026-05-04 12:00:02] ℹ sm_m2 該時段內無資料變動，未生成有效 SQL。
[2026-05-04 12:00:02] ℹ 備份檔案完成
[2026-05-04 12:30:01] 開始轉換時間範圍: 2026-05-04 11:00:00 到 2026-05-04 11:59:59
[2026-05-04 12:30:01] ℹ su_web 該時段內無資料變動，未生成有效 SQL。
[2026-05-04 12:30:01] ℹ sm_m2 該時段內無資料變動，未生成有效 SQL。
[2026-05-04 12:30:01] ℹ 備份檔案完成
[2026-05-04 13:00:01] 開始轉換時間範圍: 2026-05-04 12:00:00 到 2026-05-04 12:59:59
[2026-05-04 13:00:01] ℹ su_web 該時段內無資料變動，未生成有效 SQL。
[2026-05-04 13:00:01] ℹ sm_m2 該時段內無資料變動，未生成有效 SQL。
[2026-05-04 13:00:01] ℹ 備份檔案完成
[2026-05-04 13:30:01] 開始轉換時間範圍: 2026-05-04 12:00:00 到 2026-05-04 12:59:59
[2026-05-04 13:30:01] ℹ su_web 該時段內無資料變動，未生成有效 SQL。
[2026-05-04 13:30:01] ℹ sm_m2 該時段內無資料變動，未生成有效 SQL。
[2026-05-04 13:30:01] ℹ 備份檔案完成
[2026-05-04 14:00:01] 開始轉換時間範圍: 2026-05-04 13:00:00 到 2026-05-04 13:59:59
[2026-05-04 14:00:01] ℹ su_web 該時段內無資料變動，未生成有效 SQL。
[2026-05-04 14:00:01] ℹ sm_m2 該時段內無資料變動，未生成有效 SQL。
[2026-05-04 14:00:01] ℹ 備份檔案完成
[2026-05-04 14:30:01] 開始轉換時間範圍: 2026-05-04 13:00:00 到 2026-05-04 13:59:59
[2026-05-04 14:30:01] ℹ su_web 該時段內無資料變動，未生成有效 SQL。
[2026-05-04 14:30:01] ℹ sm_m2 該時段內無資料變動，未生成有效 SQL。
[2026-05-04 14:30:01] ℹ 備份檔案完成
[2026-05-04 15:00:01] 開始轉換時間範圍: 2026-05-04 14:00:00 到 2026-05-04 14:59:59
[2026-05-04 15:00:01] ℹ su_web 該時段內無資料變動，未生成有效 SQL。
[2026-05-04 15:00:01] ℹ sm_m2 該時段內無資料變動，未生成有效 SQL。
[2026-05-04 15:00:01] ℹ 備份檔案完成
[2026-05-04 15:30:01] 開始轉換時間範圍: 2026-05-04 14:00:00 到 2026-05-04 14:59:59
[2026-05-04 15:30:01] ℹ su_web 該時段內無資料變動，未生成有效 SQL。
[2026-05-04 15:30:01] ℹ sm_m2 該時段內無資料變動，未生成有效 SQL。
[2026-05-04 15:30:01] ℹ 備份檔案完成
[2026-05-04 16:00:01] 開始轉換時間範圍: 2026-05-04 15:00:00 到 2026-05-04 15:59:59
[2026-05-04 16:00:01] ℹ su_web 該時段內無資料變動，未生成有效 SQL。
[2026-05-04 16:00:01] ℹ sm_m2 該時段內無資料變動，未生成有效 SQL。
[2026-05-04 16:00:01] ℹ 備份檔案完成
[2026-05-04 16:30:01] 開始轉換時間範圍: 2026-05-04 15:00:00 到 2026-05-04 15:59:59
[2026-05-04 16:30:01] ℹ su_web 該時段內無資料變動，未生成有效 SQL。
[2026-05-04 16:30:01] ℹ sm_m2 該時段內無資料變動，未生成有效 SQL。
[2026-05-04 16:30:02] ℹ 備份檔案完成
[2026-05-04 17:00:01] 開始轉換時間範圍: 2026-05-04 16:00:00 到 2026-05-04 16:59:59
[2026-05-04 17:00:01] ✓ su_web 完成: /mnt/web/www/hksu/.db/files/2026/05/04/20260504_16_Backup_su_web.sql.zip
[2026-05-04 17:00:01] ℹ sm_m2 該時段內無資料變動，未生成有效 SQL。
[2026-05-04 17:00:01] ℹ 備份檔案，提交 Git 。
[2026-05-04 17:00:01] ℹ 備份檔案，add . 完成。
[2026-05-04 17:00:01] ℹ 備份檔案，commit -m backup 20260504_16 完成。
[2026-05-04 17:00:01] ℹ 備份檔案，開始 push。
[2026-05-04 17:00:03] ℹ 備份檔案完成
[2026-05-04 17:30:01] 開始轉換時間範圍: 2026-05-04 16:00:00 到 2026-05-04 16:59:59
[2026-05-04 17:30:01] ✓ su_web 完成: /mnt/web/www/hksu/.db/files/2026/05/04/20260504_16_Backup_su_web.sql.zip
[2026-05-04 17:30:01] ℹ sm_m2 該時段內無資料變動，未生成有效 SQL。
[2026-05-04 17:30:01] ℹ 備份檔案，提交 Git 。
[2026-05-04 17:30:01] ℹ 備份檔案，add . 完成。
[2026-05-04 17:30:01] ℹ 備份檔案，commit -m backup 20260504_16 完成。
[2026-05-04 17:30:01] ℹ 備份檔案，開始 push。
[2026-05-04 17:30:03] ℹ 備份檔案完成
[2026-05-04 18:00:01] 開始轉換時間範圍: 2026-05-04 17:00:00 到 2026-05-04 17:59:59
[2026-05-04 18:00:01] ℹ su_web 該時段內無資料變動，未生成有效 SQL。
[2026-05-04 18:00:01] ℹ sm_m2 該時段內無資料變動，未生成有效 SQL。
[2026-05-04 18:00:01] ℹ 備份檔案完成
[2026-05-04 18:30:01] 開始轉換時間範圍: 2026-05-04 17:00:00 到 2026-05-04 17:59:59
[2026-05-04 18:30:01] ℹ su_web 該時段內無資料變動，未生成有效 SQL。
[2026-05-04 18:30:01] ℹ sm_m2 該時段內無資料變動，未生成有效 SQL。
[2026-05-04 18:30:01] ℹ 備份檔案完成
[2026-05-04 19:00:01] 開始轉換時間範圍: 2026-05-04 18:00:00 到 2026-05-04 18:59:59
[2026-05-04 19:00:01] ℹ su_web 該時段內無資料變動，未生成有效 SQL。
[2026-05-04 19:00:01] ℹ sm_m2 該時段內無資料變動，未生成有效 SQL。
[2026-05-04 19:00:01] ℹ 備份檔案完成
[2026-05-04 19:30:01] 開始轉換時間範圍: 2026-05-04 18:00:00 到 2026-05-04 18:59:59
[2026-05-04 19:30:02] ℹ su_web 該時段內無資料變動，未生成有效 SQL。
[2026-05-04 19:30:02] ℹ sm_m2 該時段內無資料變動，未生成有效 SQL。
[2026-05-04 19:30:02] ℹ 備份檔案完成
[2026-05-04 20:00:01] 開始轉換時間範圍: 2026-05-04 19:00:00 到 2026-05-04 19:59:59
[2026-05-04 20:00:01] ℹ su_web 該時段內無資料變動，未生成有效 SQL。
[2026-05-04 20:00:01] ℹ sm_m2 該時段內無資料變動，未生成有效 SQL。
[2026-05-04 20:00:01] ℹ 備份檔案完成
[2026-05-04 20:30:01] 開始轉換時間範圍: 2026-05-04 19:00:00 到 2026-05-04 19:59:59
[2026-05-04 20:30:01] ℹ su_web 該時段內無資料變動，未生成有效 SQL。
[2026-05-04 20:30:01] ℹ sm_m2 該時段內無資料變動，未生成有效 SQL。
[2026-05-04 20:30:01] ℹ 備份檔案完成
[2026-05-04 21:00:01] 開始轉換時間範圍: 2026-05-04 20:00:00 到 2026-05-04 20:59:59
[2026-05-04 21:00:01] ℹ su_web 該時段內無資料變動，未生成有效 SQL。
[2026-05-04 21:00:01] ℹ sm_m2 該時段內無資料變動，未生成有效 SQL。
[2026-05-04 21:00:01] ℹ 備份檔案完成
[2026-05-04 21:30:01] 開始轉換時間範圍: 2026-05-04 20:00:00 到 2026-05-04 20:59:59
[2026-05-04 21:30:01] ℹ su_web 該時段內無資料變動，未生成有效 SQL。
[2026-05-04 21:30:01] ℹ sm_m2 該時段內無資料變動，未生成有效 SQL。
[2026-05-04 21:30:01] ℹ 備份檔案完成
[2026-05-04 22:00:01] 開始轉換時間範圍: 2026-05-04 21:00:00 到 2026-05-04 21:59:59
[2026-05-04 22:00:01] ℹ su_web 該時段內無資料變動，未生成有效 SQL。
[2026-05-04 22:00:01] ℹ sm_m2 該時段內無資料變動，未生成有效 SQL。
[2026-05-04 22:00:01] ℹ 備份檔案完成
[2026-05-04 22:30:01] 開始轉換時間範圍: 2026-05-04 21:00:00 到 2026-05-04 21:59:59
[2026-05-04 22:30:01] ℹ su_web 該時段內無資料變動，未生成有效 SQL。
[2026-05-04 22:30:01] ℹ sm_m2 該時段內無資料變動，未生成有效 SQL。
[2026-05-04 22:30:01] ℹ 備份檔案完成
[2026-05-04 23:00:01] 開始轉換時間範圍: 2026-05-04 22:00:00 到 2026-05-04 22:59:59
[2026-05-04 23:00:01] ℹ su_web 該時段內無資料變動，未生成有效 SQL。
[2026-05-04 23:00:01] ℹ sm_m2 該時段內無資料變動，未生成有效 SQL。
[2026-05-04 23:00:01] ℹ 備份檔案完成
[2026-05-04 23:30:01] 開始轉換時間範圍: 2026-05-04 22:00:00 到 2026-05-04 22:59:59
[2026-05-04 23:30:01] ℹ su_web 該時段內無資料變動，未生成有效 SQL。
[2026-05-04 23:30:01] ℹ sm_m2 該時段內無資料變動，未生成有效 SQL。
[2026-05-04 23:30:01] ℹ 備份檔案完成
[2026-05-05 00:00:01] 開始轉換時間範圍: 2026-05-04 23:00:00 到 2026-05-04 23:59:59
[2026-05-05 00:00:01] ℹ su_web 該時段內無資料變動，未生成有效 SQL。
[2026-05-05 00:00:01] ℹ sm_m2 該時段內無資料變動，未生成有效 SQL。
[2026-05-05 00:00:01] ℹ 備份檔案完成
[2026-05-05 00:30:01] 開始轉換時間範圍: 2026-05-04 23:00:00 到 2026-05-04 23:59:59
[2026-05-05 00:30:01] ℹ su_web 該時段內無資料變動，未生成有效 SQL。
[2026-05-05 00:30:01] ℹ sm_m2 該時段內無資料變動，未生成有效 SQL。
[2026-05-05 00:30:01] ℹ 備份檔案完成
[2026-05-05 01:00:01] 開始轉換時間範圍: 2026-05-05 00:00:00 到 2026-05-05 00:59:59
[2026-05-05 01:00:01] ℹ su_web 該時段內無資料變動，未生成有效 SQL。
[2026-05-05 01:00:01] ℹ sm_m2 該時段內無資料變動，未生成有效 SQL。
[2026-05-05 01:00:01] ℹ 備份檔案完成
[2026-05-05 01:30:01] 開始轉換時間範圍: 2026-05-05 00:00:00 到 2026-05-05 00:59:59
[2026-05-05 01:30:01] ℹ su_web 該時段內無資料變動，未生成有效 SQL。
[2026-05-05 01:30:01] ℹ sm_m2 該時段內無資料變動，未生成有效 SQL。
[2026-05-05 01:30:01] ℹ 備份檔案完成
[2026-05-05 02:00:01] 開始轉換時間範圍: 2026-05-05 01:00:00 到 2026-05-05 01:59:59
[2026-05-05 02:00:01] ℹ su_web 該時段內無資料變動，未生成有效 SQL。
[2026-05-05 02:00:01] ℹ sm_m2 該時段內無資料變動，未生成有效 SQL。
[2026-05-05 02:00:01] ℹ 備份檔案完成
[2026-05-05 02:30:01] 開始轉換時間範圍: 2026-05-05 01:00:00 到 2026-05-05 01:59:59
[2026-05-05 02:30:02] ℹ su_web 該時段內無資料變動，未生成有效 SQL。
[2026-05-05 02:30:02] ℹ sm_m2 該時段內無資料變動，未生成有效 SQL。
[2026-05-05 02:30:02] ℹ 備份檔案完成
[2026-05-05 03:00:01] 開始轉換時間範圍: 2026-05-05 02:00:00 到 2026-05-05 02:59:59
[2026-05-05 03:00:01] ℹ su_web 該時段內無資料變動，未生成有效 SQL。
[2026-05-05 03:00:01] ℹ sm_m2 該時段內無資料變動，未生成有效 SQL。
[2026-05-05 03:00:01] ℹ 備份檔案完成
[2026-05-05 03:30:01] 開始轉換時間範圍: 2026-05-05 02:00:00 到 2026-05-05 02:59:59
[2026-05-05 03:30:01] ℹ su_web 該時段內無資料變動，未生成有效 SQL。
[2026-05-05 03:30:01] ℹ sm_m2 該時段內無資料變動，未生成有效 SQL。
[2026-05-05 03:30:01] ℹ 備份檔案完成
[2026-05-05 04:00:01] 開始轉換時間範圍: 2026-05-05 03:00:00 到 2026-05-05 03:59:59
[2026-05-05 04:00:01] ℹ su_web 該時段內無資料變動，未生成有效 SQL。
[2026-05-05 04:00:01] ℹ sm_m2 該時段內無資料變動，未生成有效 SQL。
[2026-05-05 04:00:01] ℹ 備份檔案完成
[2026-05-05 04:30:01] 開始轉換時間範圍: 2026-05-05 03:00:00 到 2026-05-05 03:59:59
[2026-05-05 04:30:01] ℹ su_web 該時段內無資料變動，未生成有效 SQL。
[2026-05-05 04:30:01] ℹ sm_m2 該時段內無資料變動，未生成有效 SQL。
[2026-05-05 04:30:02] ℹ 備份檔案完成
[2026-05-05 05:00:01] 開始轉換時間範圍: 2026-05-05 04:00:00 到 2026-05-05 04:59:59
[2026-05-05 05:00:01] ℹ su_web 該時段內無資料變動，未生成有效 SQL。
[2026-05-05 05:00:01] ℹ sm_m2 該時段內無資料變動，未生成有效 SQL。
[2026-05-05 05:00:01] ℹ 備份檔案完成
[2026-05-05 05:30:01] 開始轉換時間範圍: 2026-05-05 04:00:00 到 2026-05-05 04:59:59
[2026-05-05 05:30:01] ℹ su_web 該時段內無資料變動，未生成有效 SQL。
[2026-05-05 05:30:01] ℹ sm_m2 該時段內無資料變動，未生成有效 SQL。
[2026-05-05 05:30:01] ℹ 備份檔案完成
[2026-05-05 06:00:01] 開始轉換時間範圍: 2026-05-05 05:00:00 到 2026-05-05 05:59:59
[2026-05-05 06:00:01] ℹ su_web 該時段內無資料變動，未生成有效 SQL。
[2026-05-05 06:00:01] ℹ sm_m2 該時段內無資料變動，未生成有效 SQL。
[2026-05-05 06:00:01] ℹ 備份檔案完成
[2026-05-05 06:30:01] 開始轉換時間範圍: 2026-05-05 05:00:00 到 2026-05-05 05:59:59
[2026-05-05 06:30:01] ℹ su_web 該時段內無資料變動，未生成有效 SQL。
[2026-05-05 06:30:01] ℹ sm_m2 該時段內無資料變動，未生成有效 SQL。
[2026-05-05 06:30:02] ℹ 備份檔案完成
[2026-05-05 07:00:01] 開始轉換時間範圍: 2026-05-05 06:00:00 到 2026-05-05 06:59:59
[2026-05-05 07:00:01] ℹ su_web 該時段內無資料變動，未生成有效 SQL。
[2026-05-05 07:00:01] ℹ sm_m2 該時段內無資料變動，未生成有效 SQL。
[2026-05-05 07:00:01] ℹ 備份檔案完成
[2026-05-05 07:30:02] 開始轉換時間範圍: 2026-05-05 06:00:00 到 2026-05-05 06:59:59
[2026-05-05 07:30:02] ℹ su_web 該時段內無資料變動，未生成有效 SQL。
[2026-05-05 07:30:02] ℹ sm_m2 該時段內無資料變動，未生成有效 SQL。
[2026-05-05 07:30:02] ℹ 備份檔案完成
[2026-05-05 08:00:01] 開始轉換時間範圍: 2026-05-05 07:00:00 到 2026-05-05 07:59:59
[2026-05-05 08:00:01] ℹ su_web 該時段內無資料變動，未生成有效 SQL。
[2026-05-05 08:00:01] ℹ sm_m2 該時段內無資料變動，未生成有效 SQL。
[2026-05-05 08:00:01] ℹ 備份檔案完成
[2026-05-05 08:30:01] 開始轉換時間範圍: 2026-05-05 07:00:00 到 2026-05-05 07:59:59
[2026-05-05 08:30:01] ℹ su_web 該時段內無資料變動，未生成有效 SQL。
[2026-05-05 08:30:01] ℹ sm_m2 該時段內無資料變動，未生成有效 SQL。
[2026-05-05 08:30:01] ℹ 備份檔案完成
[2026-05-05 09:00:01] 開始轉換時間範圍: 2026-05-05 08:00:00 到 2026-05-05 08:59:59
[2026-05-05 09:00:01] ℹ su_web 該時段內無資料變動，未生成有效 SQL。
[2026-05-05 09:00:01] ℹ sm_m2 該時段內無資料變動，未生成有效 SQL。
[2026-05-05 09:00:01] ℹ 備份檔案完成
[2026-05-05 09:30:01] 開始轉換時間範圍: 2026-05-05 08:00:00 到 2026-05-05 08:59:59
[2026-05-05 09:30:01] ℹ su_web 該時段內無資料變動，未生成有效 SQL。
[2026-05-05 09:30:01] ℹ sm_m2 該時段內無資料變動，未生成有效 SQL。
[2026-05-05 09:30:01] ℹ 備份檔案完成
[2026-05-05 10:00:01] 開始轉換時間範圍: 2026-05-05 09:00:00 到 2026-05-05 09:59:59
[2026-05-05 10:00:01] ℹ su_web 該時段內無資料變動，未生成有效 SQL。
[2026-05-05 10:00:01] ℹ sm_m2 該時段內無資料變動，未生成有效 SQL。
[2026-05-05 10:00:01] ℹ 備份檔案完成
[2026-05-05 10:30:01] 開始轉換時間範圍: 2026-05-05 09:00:00 到 2026-05-05 09:59:59
[2026-05-05 10:30:01] ℹ su_web 該時段內無資料變動，未生成有效 SQL。
[2026-05-05 10:30:01] ℹ sm_m2 該時段內無資料變動，未生成有效 SQL。
[2026-05-05 10:30:01] ℹ 備份檔案完成
[2026-05-05 11:00:01] 開始轉換時間範圍: 2026-05-05 10:00:00 到 2026-05-05 10:59:59
[2026-05-05 11:00:01] ℹ su_web 該時段內無資料變動，未生成有效 SQL。
[2026-05-05 11:00:01] ℹ sm_m2 該時段內無資料變動，未生成有效 SQL。
[2026-05-05 11:00:01] ℹ 備份檔案完成
[2026-05-05 11:30:01] 開始轉換時間範圍: 2026-05-05 10:00:00 到 2026-05-05 10:59:59
[2026-05-05 11:30:02] ℹ su_web 該時段內無資料變動，未生成有效 SQL。
[2026-05-05 11:30:02] ℹ sm_m2 該時段內無資料變動，未生成有效 SQL。
[2026-05-05 11:30:02] ℹ 備份檔案完成
[2026-05-05 12:00:01] 開始轉換時間範圍: 2026-05-05 11:00:00 到 2026-05-05 11:59:59
[2026-05-05 12:00:01] ✓ su_web 完成: /mnt/web/www/hksu/.db/files/2026/05/05/20260505_11_Backup_su_web.sql.zip
[2026-05-05 12:00:01] ℹ sm_m2 該時段內無資料變動，未生成有效 SQL。
[2026-05-05 12:00:01] ℹ 備份檔案，提交 Git 。
[2026-05-05 12:00:01] ℹ 備份檔案，add . 完成。
[2026-05-05 12:00:01] ℹ 備份檔案，commit -m backup 20260505_11 完成。
[2026-05-05 12:00:01] ℹ 備份檔案，開始 push。
[2026-05-05 12:00:03] ℹ 備份檔案完成
[2026-05-05 12:30:01] 開始轉換時間範圍: 2026-05-05 11:00:00 到 2026-05-05 11:59:59
[2026-05-05 12:30:02] ✓ su_web 完成: /mnt/web/www/hksu/.db/files/2026/05/05/20260505_11_Backup_su_web.sql.zip
[2026-05-05 12:30:02] ℹ sm_m2 該時段內無資料變動，未生成有效 SQL。
[2026-05-05 12:30:02] ℹ 備份檔案，提交 Git 。
[2026-05-05 12:30:02] ℹ 備份檔案，add . 完成。
[2026-05-05 12:30:02] ℹ 備份檔案，commit -m backup 20260505_11 完成。
[2026-05-05 12:30:02] ℹ 備份檔案，開始 push。
[2026-05-05 12:30:04] ℹ 備份檔案完成
[2026-05-05 13:00:01] 開始轉換時間範圍: 2026-05-05 12:00:00 到 2026-05-05 12:59:59
[2026-05-05 13:00:01] ✓ su_web 完成: /mnt/web/www/hksu/.db/files/2026/05/05/20260505_12_Backup_su_web.sql.zip
[2026-05-05 13:00:01] ℹ sm_m2 該時段內無資料變動，未生成有效 SQL。
[2026-05-05 13:00:01] ℹ 備份檔案，提交 Git 。
[2026-05-05 13:00:01] ℹ 備份檔案，add . 完成。
[2026-05-05 13:00:01] ℹ 備份檔案，commit -m backup 20260505_12 完成。
[2026-05-05 13:00:01] ℹ 備份檔案，開始 push。
[2026-05-05 13:00:03] ℹ 備份檔案完成
[2026-05-05 13:30:01] 開始轉換時間範圍: 2026-05-05 12:00:00 到 2026-05-05 12:59:59
[2026-05-05 13:30:02] ✓ su_web 完成: /mnt/web/www/hksu/.db/files/2026/05/05/20260505_12_Backup_su_web.sql.zip
[2026-05-05 13:30:02] ℹ sm_m2 該時段內無資料變動，未生成有效 SQL。
[2026-05-05 13:30:02] ℹ 備份檔案，提交 Git 。
[2026-05-05 13:30:02] ℹ 備份檔案，add . 完成。
[2026-05-05 13:30:02] ℹ 備份檔案，commit -m backup 20260505_12 完成。
[2026-05-05 13:30:02] ℹ 備份檔案，開始 push。
[2026-05-05 13:30:04] ℹ 備份檔案完成
[2026-05-05 14:00:01] 開始轉換時間範圍: 2026-05-05 13:00:00 到 2026-05-05 13:59:59
[2026-05-05 14:00:01] ℹ su_web 該時段內無資料變動，未生成有效 SQL。
[2026-05-05 14:00:01] ℹ sm_m2 該時段內無資料變動，未生成有效 SQL。
[2026-05-05 14:00:01] ℹ 備份檔案完成
[2026-05-05 14:30:01] 開始轉換時間範圍: 2026-05-05 13:00:00 到 2026-05-05 13:59:59
[2026-05-05 14:30:01] ℹ su_web 該時段內無資料變動，未生成有效 SQL。
[2026-05-05 14:30:01] ℹ sm_m2 該時段內無資料變動，未生成有效 SQL。
[2026-05-05 14:30:01] ℹ 備份檔案完成
[2026-05-05 15:00:01] 開始轉換時間範圍: 2026-05-05 14:00:00 到 2026-05-05 14:59:59
[2026-05-05 15:00:01] ℹ su_web 該時段內無資料變動，未生成有效 SQL。
[2026-05-05 15:00:02] ℹ sm_m2 該時段內無資料變動，未生成有效 SQL。
[2026-05-05 15:00:02] ℹ 備份檔案完成
[2026-05-05 15:30:01] 開始轉換時間範圍: 2026-05-05 14:00:00 到 2026-05-05 14:59:59
[2026-05-05 15:30:01] ℹ su_web 該時段內無資料變動，未生成有效 SQL。
[2026-05-05 15:30:01] ℹ sm_m2 該時段內無資料變動，未生成有效 SQL。
[2026-05-05 15:30:01] ℹ 備份檔案完成
[2026-05-05 16:00:01] 開始轉換時間範圍: 2026-05-05 15:00:00 到 2026-05-05 15:59:59
[2026-05-05 16:00:01] ℹ su_web 該時段內無資料變動，未生成有效 SQL。
[2026-05-05 16:00:01] ℹ sm_m2 該時段內無資料變動，未生成有效 SQL。
[2026-05-05 16:00:01] ℹ 備份檔案完成
[2026-05-05 16:30:01] 開始轉換時間範圍: 2026-05-05 15:00:00 到 2026-05-05 15:59:59
[2026-05-05 16:30:01] ℹ su_web 該時段內無資料變動，未生成有效 SQL。
[2026-05-05 16:30:01] ℹ sm_m2 該時段內無資料變動，未生成有效 SQL。
[2026-05-05 16:30:01] ℹ 備份檔案完成
[2026-05-05 17:00:02] 開始轉換時間範圍: 2026-05-05 16:00:00 到 2026-05-05 16:59:59
[2026-05-05 17:00:02] ℹ su_web 該時段內無資料變動，未生成有效 SQL。
[2026-05-05 17:00:02] ℹ sm_m2 該時段內無資料變動，未生成有效 SQL。
[2026-05-05 17:00:02] ℹ 備份檔案完成
[2026-05-05 17:30:01] 開始轉換時間範圍: 2026-05-05 16:00:00 到 2026-05-05 16:59:59
[2026-05-05 17:30:02] ℹ su_web 該時段內無資料變動，未生成有效 SQL。
[2026-05-05 17:30:02] ℹ sm_m2 該時段內無資料變動，未生成有效 SQL。
[2026-05-05 17:30:02] ℹ 備份檔案完成
[2026-05-05 18:00:01] 開始轉換時間範圍: 2026-05-05 17:00:00 到 2026-05-05 17:59:59
[2026-05-05 18:00:01] ℹ su_web 該時段內無資料變動，未生成有效 SQL。
[2026-05-05 18:00:01] ℹ sm_m2 該時段內無資料變動，未生成有效 SQL。
[2026-05-05 18:00:01] ℹ 備份檔案完成
[2026-05-05 18:30:01] 開始轉換時間範圍: 2026-05-05 17:00:00 到 2026-05-05 17:59:59
[2026-05-05 18:30:01] ℹ su_web 該時段內無資料變動，未生成有效 SQL。
[2026-05-05 18:30:01] ℹ sm_m2 該時段內無資料變動，未生成有效 SQL。
[2026-05-05 18:30:01] ℹ 備份檔案完成
[2026-05-05 19:00:01] 開始轉換時間範圍: 2026-05-05 18:00:00 到 2026-05-05 18:59:59
[2026-05-05 19:00:02] ℹ su_web 該時段內無資料變動，未生成有效 SQL。
[2026-05-05 19:00:02] ℹ sm_m2 該時段內無資料變動，未生成有效 SQL。
[2026-05-05 19:00:02] ℹ 備份檔案完成
[2026-05-05 19:30:01] 開始轉換時間範圍: 2026-05-05 18:00:00 到 2026-05-05 18:59:59
[2026-05-05 19:30:01] ℹ su_web 該時段內無資料變動，未生成有效 SQL。
[2026-05-05 19:30:01] ℹ sm_m2 該時段內無資料變動，未生成有效 SQL。
[2026-05-05 19:30:02] ℹ 備份檔案完成
[2026-05-05 20:00:01] 開始轉換時間範圍: 2026-05-05 19:00:00 到 2026-05-05 19:59:59
[2026-05-05 20:00:01] ℹ su_web 該時段內無資料變動，未生成有效 SQL。
[2026-05-05 20:00:01] ℹ sm_m2 該時段內無資料變動，未生成有效 SQL。
[2026-05-05 20:00:01] ℹ 備份檔案完成
[2026-05-05 20:30:01] 開始轉換時間範圍: 2026-05-05 19:00:00 到 2026-05-05 19:59:59
[2026-05-05 20:30:01] ℹ su_web 該時段內無資料變動，未生成有效 SQL。
[2026-05-05 20:30:01] ℹ sm_m2 該時段內無資料變動，未生成有效 SQL。
[2026-05-05 20:30:01] ℹ 備份檔案完成
[2026-05-05 21:00:01] 開始轉換時間範圍: 2026-05-05 20:00:00 到 2026-05-05 20:59:59
[2026-05-05 21:00:01] ℹ su_web 該時段內無資料變動，未生成有效 SQL。
[2026-05-05 21:00:01] ℹ sm_m2 該時段內無資料變動，未生成有效 SQL。
[2026-05-05 21:00:01] ℹ 備份檔案完成
[2026-05-05 21:30:01] 開始轉換時間範圍: 2026-05-05 20:00:00 到 2026-05-05 20:59:59
[2026-05-05 21:30:01] ℹ su_web 該時段內無資料變動，未生成有效 SQL。
[2026-05-05 21:30:01] ℹ sm_m2 該時段內無資料變動，未生成有效 SQL。
[2026-05-05 21:30:01] ℹ 備份檔案完成
[2026-05-05 22:00:01] 開始轉換時間範圍: 2026-05-05 21:00:00 到 2026-05-05 21:59:59
[2026-05-05 22:00:02] ℹ su_web 該時段內無資料變動，未生成有效 SQL。
[2026-05-05 22:00:02] ℹ sm_m2 該時段內無資料變動，未生成有效 SQL。
[2026-05-05 22:00:02] ℹ 備份檔案完成
[2026-05-05 22:30:01] 開始轉換時間範圍: 2026-05-05 21:00:00 到 2026-05-05 21:59:59
[2026-05-05 22:30:01] ℹ su_web 該時段內無資料變動，未生成有效 SQL。
[2026-05-05 22:30:01] ℹ sm_m2 該時段內無資料變動，未生成有效 SQL。
[2026-05-05 22:30:02] ℹ 備份檔案完成
[2026-05-05 23:00:01] 開始轉換時間範圍: 2026-05-05 22:00:00 到 2026-05-05 22:59:59
[2026-05-05 23:00:01] ℹ su_web 該時段內無資料變動，未生成有效 SQL。
[2026-05-05 23:00:01] ℹ sm_m2 該時段內無資料變動，未生成有效 SQL。
[2026-05-05 23:00:01] ℹ 備份檔案完成
[2026-05-05 23:30:01] 開始轉換時間範圍: 2026-05-05 22:00:00 到 2026-05-05 22:59:59
[2026-05-05 23:30:01] ℹ su_web 該時段內無資料變動，未生成有效 SQL。
[2026-05-05 23:30:01] ℹ sm_m2 該時段內無資料變動，未生成有效 SQL。
[2026-05-05 23:30:01] ℹ 備份檔案完成
[2026-05-06 00:00:01] 開始轉換時間範圍: 2026-05-05 23:00:00 到 2026-05-05 23:59:59
[2026-05-06 00:00:01] ℹ su_web 該時段內無資料變動，未生成有效 SQL。
[2026-05-06 00:00:01] ℹ sm_m2 該時段內無資料變動，未生成有效 SQL。
[2026-05-06 00:00:01] ℹ 備份檔案完成
[2026-05-06 00:30:01] 開始轉換時間範圍: 2026-05-05 23:00:00 到 2026-05-05 23:59:59
[2026-05-06 00:30:01] ℹ su_web 該時段內無資料變動，未生成有效 SQL。
[2026-05-06 00:30:01] ℹ sm_m2 該時段內無資料變動，未生成有效 SQL。
[2026-05-06 00:30:02] ℹ 備份檔案完成
[2026-05-06 01:00:01] 開始轉換時間範圍: 2026-05-06 00:00:00 到 2026-05-06 00:59:59
[2026-05-06 01:00:01] ℹ su_web 該時段內無資料變動，未生成有效 SQL。
[2026-05-06 01:00:01] ℹ sm_m2 該時段內無資料變動，未生成有效 SQL。
[2026-05-06 01:00:01] ℹ 備份檔案完成
[2026-05-06 01:30:01] 開始轉換時間範圍: 2026-05-06 00:00:00 到 2026-05-06 00:59:59
[2026-05-06 01:30:01] ℹ su_web 該時段內無資料變動，未生成有效 SQL。
[2026-05-06 01:30:01] ℹ sm_m2 該時段內無資料變動，未生成有效 SQL。
[2026-05-06 01:30:01] ℹ 備份檔案完成
[2026-05-06 02:00:01] 開始轉換時間範圍: 2026-05-06 01:00:00 到 2026-05-06 01:59:59
[2026-05-06 02:00:02] ℹ su_web 該時段內無資料變動，未生成有效 SQL。
[2026-05-06 02:00:02] ℹ sm_m2 該時段內無資料變動，未生成有效 SQL。
[2026-05-06 02:00:02] ℹ 備份檔案完成
[2026-05-06 02:30:01] 開始轉換時間範圍: 2026-05-06 01:00:00 到 2026-05-06 01:59:59
[2026-05-06 02:30:02] ℹ su_web 該時段內無資料變動，未生成有效 SQL。
[2026-05-06 02:30:02] ℹ sm_m2 該時段內無資料變動，未生成有效 SQL。
[2026-05-06 02:30:02] ℹ 備份檔案完成
[2026-05-06 03:00:02] 開始轉換時間範圍: 2026-05-06 02:00:00 到 2026-05-06 02:59:59
[2026-05-06 03:00:02] ℹ su_web 該時段內無資料變動，未生成有效 SQL。
[2026-05-06 03:00:02] ℹ sm_m2 該時段內無資料變動，未生成有效 SQL。
[2026-05-06 03:00:02] ℹ 備份檔案完成
[2026-05-06 03:30:01] 開始轉換時間範圍: 2026-05-06 02:00:00 到 2026-05-06 02:59:59
[2026-05-06 03:30:02] ℹ su_web 該時段內無資料變動，未生成有效 SQL。
[2026-05-06 03:30:02] ℹ sm_m2 該時段內無資料變動，未生成有效 SQL。
[2026-05-06 03:30:02] ℹ 備份檔案完成
[2026-05-06 04:00:02] 開始轉換時間範圍: 2026-05-06 03:00:00 到 2026-05-06 03:59:59
[2026-05-06 04:00:02] ℹ su_web 該時段內無資料變動，未生成有效 SQL。
[2026-05-06 04:00:02] ℹ sm_m2 該時段內無資料變動，未生成有效 SQL。
[2026-05-06 04:00:02] ℹ 備份檔案完成
[2026-05-06 04:30:01] 開始轉換時間範圍: 2026-05-06 03:00:00 到 2026-05-06 03:59:59
[2026-05-06 04:30:01] ℹ su_web 該時段內無資料變動，未生成有效 SQL。
[2026-05-06 04:30:01] ℹ sm_m2 該時段內無資料變動，未生成有效 SQL。
[2026-05-06 04:30:01] ℹ 備份檔案完成
[2026-05-06 05:00:01] 開始轉換時間範圍: 2026-05-06 04:00:00 到 2026-05-06 04:59:59
[2026-05-06 05:00:01] ℹ su_web 該時段內無資料變動，未生成有效 SQL。
[2026-05-06 05:00:01] ℹ sm_m2 該時段內無資料變動，未生成有效 SQL。
[2026-05-06 05:00:02] ℹ 備份檔案完成
[2026-05-06 05:30:01] 開始轉換時間範圍: 2026-05-06 04:00:00 到 2026-05-06 04:59:59
[2026-05-06 05:30:01] ℹ su_web 該時段內無資料變動，未生成有效 SQL。
[2026-05-06 05:30:01] ℹ sm_m2 該時段內無資料變動，未生成有效 SQL。
[2026-05-06 05:30:01] ℹ 備份檔案完成
[2026-05-06 06:00:02] 開始轉換時間範圍: 2026-05-06 05:00:00 到 2026-05-06 05:59:59
[2026-05-06 06:00:02] ℹ su_web 該時段內無資料變動，未生成有效 SQL。
[2026-05-06 06:00:02] ℹ sm_m2 該時段內無資料變動，未生成有效 SQL。
[2026-05-06 06:00:02] ℹ 備份檔案完成
[2026-05-06 06:30:01] 開始轉換時間範圍: 2026-05-06 05:00:00 到 2026-05-06 05:59:59
[2026-05-06 06:30:01] ℹ su_web 該時段內無資料變動，未生成有效 SQL。
[2026-05-06 06:30:01] ℹ sm_m2 該時段內無資料變動，未生成有效 SQL。
[2026-05-06 06:30:01] ℹ 備份檔案完成
[2026-05-06 07:00:01] 開始轉換時間範圍: 2026-05-06 06:00:00 到 2026-05-06 06:59:59
[2026-05-06 07:00:01] ℹ su_web 該時段內無資料變動，未生成有效 SQL。
[2026-05-06 07:00:01] ℹ sm_m2 該時段內無資料變動，未生成有效 SQL。
[2026-05-06 07:00:01] ℹ 備份檔案完成
[2026-05-06 07:30:01] 開始轉換時間範圍: 2026-05-06 06:00:00 到 2026-05-06 06:59:59
[2026-05-06 07:30:01] ℹ su_web 該時段內無資料變動，未生成有效 SQL。
[2026-05-06 07:30:01] ℹ sm_m2 該時段內無資料變動，未生成有效 SQL。
[2026-05-06 07:30:01] ℹ 備份檔案完成
[2026-05-06 08:00:01] 開始轉換時間範圍: 2026-05-06 07:00:00 到 2026-05-06 07:59:59
[2026-05-06 08:00:01] ℹ su_web 該時段內無資料變動，未生成有效 SQL。
[2026-05-06 08:00:01] ℹ sm_m2 該時段內無資料變動，未生成有效 SQL。
[2026-05-06 08:00:01] ℹ 備份檔案完成
[2026-05-06 08:30:01] 開始轉換時間範圍: 2026-05-06 07:00:00 到 2026-05-06 07:59:59
[2026-05-06 08:30:01] ℹ su_web 該時段內無資料變動，未生成有效 SQL。
[2026-05-06 08:30:01] ℹ sm_m2 該時段內無資料變動，未生成有效 SQL。
[2026-05-06 08:30:01] ℹ 備份檔案完成
[2026-05-06 09:00:01] 開始轉換時間範圍: 2026-05-06 08:00:00 到 2026-05-06 08:59:59
[2026-05-06 09:00:01] ℹ su_web 該時段內無資料變動，未生成有效 SQL。
[2026-05-06 09:00:01] ℹ sm_m2 該時段內無資料變動，未生成有效 SQL。
[2026-05-06 09:00:01] ℹ 備份檔案完成
[2026-05-06 09:30:01] 開始轉換時間範圍: 2026-05-06 08:00:00 到 2026-05-06 08:59:59
[2026-05-06 09:30:02] ℹ su_web 該時段內無資料變動，未生成有效 SQL。
[2026-05-06 09:30:02] ℹ sm_m2 該時段內無資料變動，未生成有效 SQL。
[2026-05-06 09:30:02] ℹ 備份檔案完成
[2026-05-06 10:00:01] 開始轉換時間範圍: 2026-05-06 09:00:00 到 2026-05-06 09:59:59
[2026-05-06 10:00:01] ℹ su_web 該時段內無資料變動，未生成有效 SQL。
[2026-05-06 10:00:01] ℹ sm_m2 該時段內無資料變動，未生成有效 SQL。
[2026-05-06 10:00:01] ℹ 備份檔案完成
[2026-05-06 10:30:02] 開始轉換時間範圍: 2026-05-06 09:00:00 到 2026-05-06 09:59:59
[2026-05-06 10:30:02] ℹ su_web 該時段內無資料變動，未生成有效 SQL。
[2026-05-06 10:30:02] ℹ sm_m2 該時段內無資料變動，未生成有效 SQL。
[2026-05-06 10:30:02] ℹ 備份檔案完成
[2026-05-06 11:00:01] 開始轉換時間範圍: 2026-05-06 10:00:00 到 2026-05-06 10:59:59
[2026-05-06 11:00:01] ℹ su_web 該時段內無資料變動，未生成有效 SQL。
[2026-05-06 11:00:01] ℹ sm_m2 該時段內無資料變動，未生成有效 SQL。
[2026-05-06 11:00:01] ℹ 備份檔案完成
[2026-05-06 11:30:01] 開始轉換時間範圍: 2026-05-06 10:00:00 到 2026-05-06 10:59:59
[2026-05-06 11:30:01] ℹ su_web 該時段內無資料變動，未生成有效 SQL。
[2026-05-06 11:30:01] ℹ sm_m2 該時段內無資料變動，未生成有效 SQL。
[2026-05-06 11:30:02] ℹ 備份檔案完成
[2026-05-06 12:00:01] 開始轉換時間範圍: 2026-05-06 11:00:00 到 2026-05-06 11:59:59
[2026-05-06 12:00:01] ℹ su_web 該時段內無資料變動，未生成有效 SQL。
[2026-05-06 12:00:01] ℹ sm_m2 該時段內無資料變動，未生成有效 SQL。
[2026-05-06 12:00:01] ℹ 備份檔案完成
[2026-05-06 12:30:01] 開始轉換時間範圍: 2026-05-06 11:00:00 到 2026-05-06 11:59:59
[2026-05-06 12:30:01] ℹ su_web 該時段內無資料變動，未生成有效 SQL。
[2026-05-06 12:30:01] ℹ sm_m2 該時段內無資料變動，未生成有效 SQL。
[2026-05-06 12:30:01] ℹ 備份檔案完成
[2026-05-06 13:00:01] 開始轉換時間範圍: 2026-05-06 12:00:00 到 2026-05-06 12:59:59
[2026-05-06 13:00:01] ℹ su_web 該時段內無資料變動，未生成有效 SQL。
[2026-05-06 13:00:01] ℹ sm_m2 該時段內無資料變動，未生成有效 SQL。
[2026-05-06 13:00:01] ℹ 備份檔案完成
[2026-05-06 13:30:02] 開始轉換時間範圍: 2026-05-06 12:00:00 到 2026-05-06 12:59:59
[2026-05-06 13:30:02] ℹ su_web 該時段內無資料變動，未生成有效 SQL。
[2026-05-06 13:30:02] ℹ sm_m2 該時段內無資料變動，未生成有效 SQL。
[2026-05-06 13:30:02] ℹ 備份檔案完成
[2026-05-06 14:00:01] 開始轉換時間範圍: 2026-05-06 13:00:00 到 2026-05-06 13:59:59
[2026-05-06 14:00:01] ℹ su_web 該時段內無資料變動，未生成有效 SQL。
[2026-05-06 14:00:01] ℹ sm_m2 該時段內無資料變動，未生成有效 SQL。
[2026-05-06 14:00:01] ℹ 備份檔案完成
[2026-05-06 14:30:01] 開始轉換時間範圍: 2026-05-06 13:00:00 到 2026-05-06 13:59:59
[2026-05-06 14:30:01] ℹ su_web 該時段內無資料變動，未生成有效 SQL。
[2026-05-06 14:30:01] ℹ sm_m2 該時段內無資料變動，未生成有效 SQL。
[2026-05-06 14:30:01] ℹ 備份檔案完成
[2026-05-06 15:00:01] 開始轉換時間範圍: 2026-05-06 14:00:00 到 2026-05-06 14:59:59
[2026-05-06 15:00:01] ℹ su_web 該時段內無資料變動，未生成有效 SQL。
[2026-05-06 15:00:01] ℹ sm_m2 該時段內無資料變動，未生成有效 SQL。
[2026-05-06 15:00:01] ℹ 備份檔案完成
[2026-05-06 15:30:01] 開始轉換時間範圍: 2026-05-06 14:00:00 到 2026-05-06 14:59:59
[2026-05-06 15:30:02] ℹ su_web 該時段內無資料變動，未生成有效 SQL。
[2026-05-06 15:30:02] ℹ sm_m2 該時段內無資料變動，未生成有效 SQL。
[2026-05-06 15:30:02] ℹ 備份檔案完成
[2026-05-06 16:00:02] 開始轉換時間範圍: 2026-05-06 15:00:00 到 2026-05-06 15:59:59
[2026-05-06 16:00:02] ℹ su_web 該時段內無資料變動，未生成有效 SQL。
[2026-05-06 16:00:02] ℹ sm_m2 該時段內無資料變動，未生成有效 SQL。
[2026-05-06 16:00:02] ℹ 備份檔案完成
[2026-05-06 16:30:01] 開始轉換時間範圍: 2026-05-06 15:00:00 到 2026-05-06 15:59:59
[2026-05-06 16:30:01] ℹ su_web 該時段內無資料變動，未生成有效 SQL。
[2026-05-06 16:30:01] ℹ sm_m2 該時段內無資料變動，未生成有效 SQL。
[2026-05-06 16:30:02] ℹ 備份檔案完成
[2026-05-06 17:00:01] 開始轉換時間範圍: 2026-05-06 16:00:00 到 2026-05-06 16:59:59
[2026-05-06 17:00:01] ℹ su_web 該時段內無資料變動，未生成有效 SQL。
[2026-05-06 17:00:01] ℹ sm_m2 該時段內無資料變動，未生成有效 SQL。
[2026-05-06 17:00:01] ℹ 備份檔案完成
[2026-05-06 17:30:01] 開始轉換時間範圍: 2026-05-06 16:00:00 到 2026-05-06 16:59:59
[2026-05-06 17:30:01] ℹ su_web 該時段內無資料變動，未生成有效 SQL。
[2026-05-06 17:30:01] ℹ sm_m2 該時段內無資料變動，未生成有效 SQL。
[2026-05-06 17:30:01] ℹ 備份檔案完成
[2026-05-06 18:00:01] 開始轉換時間範圍: 2026-05-06 17:00:00 到 2026-05-06 17:59:59
[2026-05-06 18:00:01] ℹ su_web 該時段內無資料變動，未生成有效 SQL。
[2026-05-06 18:00:01] ℹ sm_m2 該時段內無資料變動，未生成有效 SQL。
[2026-05-06 18:00:01] ℹ 備份檔案完成
[2026-05-06 18:30:01] 開始轉換時間範圍: 2026-05-06 17:00:00 到 2026-05-06 17:59:59
[2026-05-06 18:30:02] ℹ su_web 該時段內無資料變動，未生成有效 SQL。
[2026-05-06 18:30:02] ℹ sm_m2 該時段內無資料變動，未生成有效 SQL。
[2026-05-06 18:30:02] ℹ 備份檔案完成
[2026-05-06 19:00:02] 開始轉換時間範圍: 2026-05-06 18:00:00 到 2026-05-06 18:59:59
[2026-05-06 19:00:02] ℹ su_web 該時段內無資料變動，未生成有效 SQL。
[2026-05-06 19:00:02] ℹ sm_m2 該時段內無資料變動，未生成有效 SQL。
[2026-05-06 19:00:02] ℹ 備份檔案完成
[2026-05-06 19:30:01] 開始轉換時間範圍: 2026-05-06 18:00:00 到 2026-05-06 18:59:59
[2026-05-06 19:30:01] ℹ su_web 該時段內無資料變動，未生成有效 SQL。
[2026-05-06 19:30:01] ℹ sm_m2 該時段內無資料變動，未生成有效 SQL。
[2026-05-06 19:30:01] ℹ 備份檔案完成
[2026-05-06 20:00:01] 開始轉換時間範圍: 2026-05-06 19:00:00 到 2026-05-06 19:59:59
[2026-05-06 20:00:01] ℹ su_web 該時段內無資料變動，未生成有效 SQL。
[2026-05-06 20:00:01] ℹ sm_m2 該時段內無資料變動，未生成有效 SQL。
[2026-05-06 20:00:01] ℹ 備份檔案完成
[2026-05-06 20:30:01] 開始轉換時間範圍: 2026-05-06 19:00:00 到 2026-05-06 19:59:59
[2026-05-06 20:30:01] ℹ su_web 該時段內無資料變動，未生成有效 SQL。
[2026-05-06 20:30:01] ℹ sm_m2 該時段內無資料變動，未生成有效 SQL。
[2026-05-06 20:30:01] ℹ 備份檔案完成
[2026-05-06 21:00:01] 開始轉換時間範圍: 2026-05-06 20:00:00 到 2026-05-06 20:59:59
[2026-05-06 21:00:01] ℹ su_web 該時段內無資料變動，未生成有效 SQL。
[2026-05-06 21:00:01] ℹ sm_m2 該時段內無資料變動，未生成有效 SQL。
[2026-05-06 21:00:01] ℹ 備份檔案完成
[2026-05-06 21:30:01] 開始轉換時間範圍: 2026-05-06 20:00:00 到 2026-05-06 20:59:59
[2026-05-06 21:30:01] ℹ su_web 該時段內無資料變動，未生成有效 SQL。
[2026-05-06 21:30:01] ℹ sm_m2 該時段內無資料變動，未生成有效 SQL。
[2026-05-06 21:30:01] ℹ 備份檔案完成
[2026-05-06 22:00:01] 開始轉換時間範圍: 2026-05-06 21:00:00 到 2026-05-06 21:59:59
[2026-05-06 22:00:01] ℹ su_web 該時段內無資料變動，未生成有效 SQL。
[2026-05-06 22:00:01] ℹ sm_m2 該時段內無資料變動，未生成有效 SQL。
[2026-05-06 22:00:01] ℹ 備份檔案完成
[2026-05-06 22:30:01] 開始轉換時間範圍: 2026-05-06 21:00:00 到 2026-05-06 21:59:59
[2026-05-06 22:30:01] ℹ su_web 該時段內無資料變動，未生成有效 SQL。
[2026-05-06 22:30:01] ℹ sm_m2 該時段內無資料變動，未生成有效 SQL。
[2026-05-06 22:30:02] ℹ 備份檔案完成
[2026-05-06 23:00:02] 開始轉換時間範圍: 2026-05-06 22:00:00 到 2026-05-06 22:59:59
[2026-05-06 23:00:02] ℹ su_web 該時段內無資料變動，未生成有效 SQL。
[2026-05-06 23:00:02] ℹ sm_m2 該時段內無資料變動，未生成有效 SQL。
[2026-05-06 23:00:02] ℹ 備份檔案完成
[2026-05-06 23:30:01] 開始轉換時間範圍: 2026-05-06 22:00:00 到 2026-05-06 22:59:59
[2026-05-06 23:30:01] ℹ su_web 該時段內無資料變動，未生成有效 SQL。
[2026-05-06 23:30:01] ℹ sm_m2 該時段內無資料變動，未生成有效 SQL。
[2026-05-06 23:30:01] ℹ 備份檔案完成
[2026-05-07 00:00:01] 開始轉換時間範圍: 2026-05-06 23:00:00 到 2026-05-06 23:59:59
[2026-05-07 00:00:01] ℹ su_web 該時段內無資料變動，未生成有效 SQL。
[2026-05-07 00:00:01] ℹ sm_m2 該時段內無資料變動，未生成有效 SQL。
[2026-05-07 00:00:01] ℹ 備份檔案完成
[2026-05-07 00:30:01] 開始轉換時間範圍: 2026-05-06 23:00:00 到 2026-05-06 23:59:59
[2026-05-07 00:30:02] ℹ su_web 該時段內無資料變動，未生成有效 SQL。
[2026-05-07 00:30:02] ℹ sm_m2 該時段內無資料變動，未生成有效 SQL。
[2026-05-07 00:30:02] ℹ 備份檔案完成
[2026-05-07 01:00:02] 開始轉換時間範圍: 2026-05-07 00:00:00 到 2026-05-07 00:59:59
[2026-05-07 01:00:02] ℹ su_web 該時段內無資料變動，未生成有效 SQL。
[2026-05-07 01:00:02] ℹ sm_m2 該時段內無資料變動，未生成有效 SQL。
[2026-05-07 01:00:02] ℹ 備份檔案完成
[2026-05-07 01:30:01] 開始轉換時間範圍: 2026-05-07 00:00:00 到 2026-05-07 00:59:59
[2026-05-07 01:30:01] ℹ su_web 該時段內無資料變動，未生成有效 SQL。
[2026-05-07 01:30:01] ℹ sm_m2 該時段內無資料變動，未生成有效 SQL。
[2026-05-07 01:30:01] ℹ 備份檔案完成
[2026-05-07 02:00:01] 開始轉換時間範圍: 2026-05-07 01:00:00 到 2026-05-07 01:59:59
[2026-05-07 02:00:01] ℹ su_web 該時段內無資料變動，未生成有效 SQL。
[2026-05-07 02:00:01] ℹ sm_m2 該時段內無資料變動，未生成有效 SQL。
[2026-05-07 02:00:01] ℹ 備份檔案完成
[2026-05-07 02:30:01] 開始轉換時間範圍: 2026-05-07 01:00:00 到 2026-05-07 01:59:59
[2026-05-07 02:30:01] ℹ su_web 該時段內無資料變動，未生成有效 SQL。
[2026-05-07 02:30:01] ℹ sm_m2 該時段內無資料變動，未生成有效 SQL。
[2026-05-07 02:30:01] ℹ 備份檔案完成
[2026-05-07 03:00:01] 開始轉換時間範圍: 2026-05-07 02:00:00 到 2026-05-07 02:59:59
[2026-05-07 03:00:01] ℹ su_web 該時段內無資料變動，未生成有效 SQL。
[2026-05-07 03:00:02] ℹ sm_m2 該時段內無資料變動，未生成有效 SQL。
[2026-05-07 03:00:02] ℹ 備份檔案完成
[2026-05-07 03:30:01] 開始轉換時間範圍: 2026-05-07 02:00:00 到 2026-05-07 02:59:59
[2026-05-07 03:30:01] ℹ su_web 該時段內無資料變動，未生成有效 SQL。
[2026-05-07 03:30:01] ℹ sm_m2 該時段內無資料變動，未生成有效 SQL。
[2026-05-07 03:30:02] ℹ 備份檔案完成
[2026-05-07 04:00:01] 開始轉換時間範圍: 2026-05-07 03:00:00 到 2026-05-07 03:59:59
[2026-05-07 04:00:01] ℹ su_web 該時段內無資料變動，未生成有效 SQL。
[2026-05-07 04:00:01] ℹ sm_m2 該時段內無資料變動，未生成有效 SQL。
[2026-05-07 04:00:02] ℹ 備份檔案完成
[2026-05-07 04:30:01] 開始轉換時間範圍: 2026-05-07 03:00:00 到 2026-05-07 03:59:59
[2026-05-07 04:30:01] ℹ su_web 該時段內無資料變動，未生成有效 SQL。
[2026-05-07 04:30:01] ℹ sm_m2 該時段內無資料變動，未生成有效 SQL。
[2026-05-07 04:30:02] ℹ 備份檔案完成
[2026-05-07 05:00:01] 開始轉換時間範圍: 2026-05-07 04:00:00 到 2026-05-07 04:59:59
[2026-05-07 05:00:01] ℹ su_web 該時段內無資料變動，未生成有效 SQL。
[2026-05-07 05:00:01] ℹ sm_m2 該時段內無資料變動，未生成有效 SQL。
[2026-05-07 05:00:01] ℹ 備份檔案完成
[2026-05-07 05:30:01] 開始轉換時間範圍: 2026-05-07 04:00:00 到 2026-05-07 04:59:59
[2026-05-07 05:30:01] ℹ su_web 該時段內無資料變動，未生成有效 SQL。
[2026-05-07 05:30:01] ℹ sm_m2 該時段內無資料變動，未生成有效 SQL。
[2026-05-07 05:30:01] ℹ 備份檔案完成
[2026-05-07 06:00:01] 開始轉換時間範圍: 2026-05-07 05:00:00 到 2026-05-07 05:59:59
[2026-05-07 06:00:01] ℹ su_web 該時段內無資料變動，未生成有效 SQL。
[2026-05-07 06:00:01] ℹ sm_m2 該時段內無資料變動，未生成有效 SQL。
[2026-05-07 06:00:01] ℹ 備份檔案完成
[2026-05-07 06:30:01] 開始轉換時間範圍: 2026-05-07 05:00:00 到 2026-05-07 05:59:59
[2026-05-07 06:30:01] ℹ su_web 該時段內無資料變動，未生成有效 SQL。
[2026-05-07 06:30:01] ℹ sm_m2 該時段內無資料變動，未生成有效 SQL。
[2026-05-07 06:30:01] ℹ 備份檔案完成
[2026-05-07 07:00:02] 開始轉換時間範圍: 2026-05-07 06:00:00 到 2026-05-07 06:59:59
[2026-05-07 07:00:02] ℹ su_web 該時段內無資料變動，未生成有效 SQL。
[2026-05-07 07:00:02] ℹ sm_m2 該時段內無資料變動，未生成有效 SQL。
[2026-05-07 07:00:02] ℹ 備份檔案完成
[2026-05-07 07:30:01] 開始轉換時間範圍: 2026-05-07 06:00:00 到 2026-05-07 06:59:59
[2026-05-07 07:30:01] ℹ su_web 該時段內無資料變動，未生成有效 SQL。
[2026-05-07 07:30:01] ℹ sm_m2 該時段內無資料變動，未生成有效 SQL。
[2026-05-07 07:30:01] ℹ 備份檔案完成
[2026-05-07 08:00:01] 開始轉換時間範圍: 2026-05-07 07:00:00 到 2026-05-07 07:59:59
[2026-05-07 08:00:01] ℹ su_web 該時段內無資料變動，未生成有效 SQL。
[2026-05-07 08:00:02] ℹ sm_m2 該時段內無資料變動，未生成有效 SQL。
[2026-05-07 08:00:02] ℹ 備份檔案完成
[2026-05-07 08:30:01] 開始轉換時間範圍: 2026-05-07 07:00:00 到 2026-05-07 07:59:59
[2026-05-07 08:30:01] ℹ su_web 該時段內無資料變動，未生成有效 SQL。
[2026-05-07 08:30:01] ℹ sm_m2 該時段內無資料變動，未生成有效 SQL。
[2026-05-07 08:30:01] ℹ 備份檔案完成
[2026-05-07 09:00:02] 開始轉換時間範圍: 2026-05-07 08:00:00 到 2026-05-07 08:59:59
[2026-05-07 09:00:02] ℹ su_web 該時段內無資料變動，未生成有效 SQL。
[2026-05-07 09:00:02] ℹ sm_m2 該時段內無資料變動，未生成有效 SQL。
[2026-05-07 09:00:02] ℹ 備份檔案完成
[2026-05-07 09:30:01] 開始轉換時間範圍: 2026-05-07 08:00:00 到 2026-05-07 08:59:59
[2026-05-07 09:30:02] ℹ su_web 該時段內無資料變動，未生成有效 SQL。
[2026-05-07 09:30:02] ℹ sm_m2 該時段內無資料變動，未生成有效 SQL。
[2026-05-07 09:30:02] ℹ 備份檔案完成
[2026-05-07 10:00:01] 開始轉換時間範圍: 2026-05-07 09:00:00 到 2026-05-07 09:59:59
[2026-05-07 10:00:02] ℹ su_web 該時段內無資料變動，未生成有效 SQL。
[2026-05-07 10:00:02] ℹ sm_m2 該時段內無資料變動，未生成有效 SQL。
[2026-05-07 10:00:02] ℹ 備份檔案完成
[2026-05-07 10:30:01] 開始轉換時間範圍: 2026-05-07 09:00:00 到 2026-05-07 09:59:59
[2026-05-07 10:30:02] ℹ su_web 該時段內無資料變動，未生成有效 SQL。
[2026-05-07 10:30:02] ℹ sm_m2 該時段內無資料變動，未生成有效 SQL。
[2026-05-07 10:30:02] ℹ 備份檔案完成
[2026-05-07 11:00:01] 開始轉換時間範圍: 2026-05-07 10:00:00 到 2026-05-07 10:59:59
[2026-05-07 11:00:01] ℹ su_web 該時段內無資料變動，未生成有效 SQL。
[2026-05-07 11:00:01] ℹ sm_m2 該時段內無資料變動，未生成有效 SQL。
[2026-05-07 11:00:01] ℹ 備份檔案完成
[2026-05-07 11:30:02] 開始轉換時間範圍: 2026-05-07 10:00:00 到 2026-05-07 10:59:59
[2026-05-07 11:30:02] ℹ su_web 該時段內無資料變動，未生成有效 SQL。
[2026-05-07 11:30:02] ℹ sm_m2 該時段內無資料變動，未生成有效 SQL。
[2026-05-07 11:30:03] ℹ 備份檔案完成
[2026-05-07 12:00:01] 開始轉換時間範圍: 2026-05-07 11:00:00 到 2026-05-07 11:59:59
[2026-05-07 12:00:01] ℹ su_web 該時段內無資料變動，未生成有效 SQL。
[2026-05-07 12:00:01] ℹ sm_m2 該時段內無資料變動，未生成有效 SQL。
[2026-05-07 12:00:01] ℹ 備份檔案完成
[2026-05-07 12:30:01] 開始轉換時間範圍: 2026-05-07 11:00:00 到 2026-05-07 11:59:59
[2026-05-07 12:30:01] ℹ su_web 該時段內無資料變動，未生成有效 SQL。
[2026-05-07 12:30:01] ℹ sm_m2 該時段內無資料變動，未生成有效 SQL。
[2026-05-07 12:30:01] ℹ 備份檔案完成
[2026-05-07 13:00:01] 開始轉換時間範圍: 2026-05-07 12:00:00 到 2026-05-07 12:59:59
[2026-05-07 13:00:02] ℹ su_web 該時段內無資料變動，未生成有效 SQL。
[2026-05-07 13:00:02] ℹ sm_m2 該時段內無資料變動，未生成有效 SQL。
[2026-05-07 13:00:02] ℹ 備份檔案完成
[2026-05-07 13:30:01] 開始轉換時間範圍: 2026-05-07 12:00:00 到 2026-05-07 12:59:59
[2026-05-07 13:30:01] ℹ su_web 該時段內無資料變動，未生成有效 SQL。
[2026-05-07 13:30:01] ℹ sm_m2 該時段內無資料變動，未生成有效 SQL。
[2026-05-07 13:30:01] ℹ 備份檔案完成
[2026-05-07 14:00:01] 開始轉換時間範圍: 2026-05-07 13:00:00 到 2026-05-07 13:59:59
[2026-05-07 14:00:01] ℹ su_web 該時段內無資料變動，未生成有效 SQL。
[2026-05-07 14:00:01] ℹ sm_m2 該時段內無資料變動，未生成有效 SQL。
[2026-05-07 14:00:01] ℹ 備份檔案完成
[2026-05-07 14:30:01] 開始轉換時間範圍: 2026-05-07 13:00:00 到 2026-05-07 13:59:59
[2026-05-07 14:30:01] ℹ su_web 該時段內無資料變動，未生成有效 SQL。
[2026-05-07 14:30:01] ℹ sm_m2 該時段內無資料變動，未生成有效 SQL。
[2026-05-07 14:30:01] ℹ 備份檔案完成
[2026-05-07 15:00:01] 開始轉換時間範圍: 2026-05-07 14:00:00 到 2026-05-07 14:59:59
[2026-05-07 15:00:01] ℹ su_web 該時段內無資料變動，未生成有效 SQL。
[2026-05-07 15:00:01] ℹ sm_m2 該時段內無資料變動，未生成有效 SQL。
[2026-05-07 15:00:01] ℹ 備份檔案完成
[2026-05-07 15:30:01] 開始轉換時間範圍: 2026-05-07 14:00:00 到 2026-05-07 14:59:59
[2026-05-07 15:30:01] ℹ su_web 該時段內無資料變動，未生成有效 SQL。
[2026-05-07 15:30:01] ℹ sm_m2 該時段內無資料變動，未生成有效 SQL。
[2026-05-07 15:30:01] ℹ 備份檔案完成
[2026-05-07 16:00:01] 開始轉換時間範圍: 2026-05-07 15:00:00 到 2026-05-07 15:59:59
[2026-05-07 16:00:01] ℹ su_web 該時段內無資料變動，未生成有效 SQL。
[2026-05-07 16:00:01] ℹ sm_m2 該時段內無資料變動，未生成有效 SQL。
[2026-05-07 16:00:01] ℹ 備份檔案完成
[2026-05-07 16:30:02] 開始轉換時間範圍: 2026-05-07 15:00:00 到 2026-05-07 15:59:59
[2026-05-07 16:30:02] ℹ su_web 該時段內無資料變動，未生成有效 SQL。
[2026-05-07 16:30:02] ℹ sm_m2 該時段內無資料變動，未生成有效 SQL。
[2026-05-07 16:30:02] ℹ 備份檔案完成
[2026-05-07 17:00:01] 開始轉換時間範圍: 2026-05-07 16:00:00 到 2026-05-07 16:59:59
[2026-05-07 17:00:01] ℹ su_web 該時段內無資料變動，未生成有效 SQL。
[2026-05-07 17:00:01] ℹ sm_m2 該時段內無資料變動，未生成有效 SQL。
[2026-05-07 17:00:02] ℹ 備份檔案完成
[2026-05-07 17:30:02] 開始轉換時間範圍: 2026-05-07 16:00:00 到 2026-05-07 16:59:59
[2026-05-07 17:30:02] ℹ su_web 該時段內無資料變動，未生成有效 SQL。
[2026-05-07 17:30:02] ℹ sm_m2 該時段內無資料變動，未生成有效 SQL。
[2026-05-07 17:30:03] ℹ 備份檔案完成
[2026-05-07 18:00:01] 開始轉換時間範圍: 2026-05-07 17:00:00 到 2026-05-07 17:59:59
[2026-05-07 18:00:01] ℹ su_web 該時段內無資料變動，未生成有效 SQL。
[2026-05-07 18:00:01] ℹ sm_m2 該時段內無資料變動，未生成有效 SQL。
[2026-05-07 18:00:01] ℹ 備份檔案完成
[2026-05-07 18:30:01] 開始轉換時間範圍: 2026-05-07 17:00:00 到 2026-05-07 17:59:59
[2026-05-07 18:30:01] ℹ su_web 該時段內無資料變動，未生成有效 SQL。
[2026-05-07 18:30:01] ℹ sm_m2 該時段內無資料變動，未生成有效 SQL。
[2026-05-07 18:30:01] ℹ 備份檔案完成
[2026-05-07 19:00:01] 開始轉換時間範圍: 2026-05-07 18:00:00 到 2026-05-07 18:59:59
[2026-05-07 19:00:01] ℹ su_web 該時段內無資料變動，未生成有效 SQL。
[2026-05-07 19:00:01] ℹ sm_m2 該時段內無資料變動，未生成有效 SQL。
[2026-05-07 19:00:01] ℹ 備份檔案完成
[2026-05-07 19:30:01] 開始轉換時間範圍: 2026-05-07 18:00:00 到 2026-05-07 18:59:59
[2026-05-07 19:30:01] ℹ su_web 該時段內無資料變動，未生成有效 SQL。
[2026-05-07 19:30:01] ℹ sm_m2 該時段內無資料變動，未生成有效 SQL。
[2026-05-07 19:30:01] ℹ 備份檔案完成
[2026-05-07 20:00:01] 開始轉換時間範圍: 2026-05-07 19:00:00 到 2026-05-07 19:59:59
[2026-05-07 20:00:01] ℹ su_web 該時段內無資料變動，未生成有效 SQL。
[2026-05-07 20:00:01] ℹ sm_m2 該時段內無資料變動，未生成有效 SQL。
[2026-05-07 20:00:01] ℹ 備份檔案完成
[2026-05-07 20:30:02] 開始轉換時間範圍: 2026-05-07 19:00:00 到 2026-05-07 19:59:59
[2026-05-07 20:30:02] ℹ su_web 該時段內無資料變動，未生成有效 SQL。
[2026-05-07 20:30:02] ℹ sm_m2 該時段內無資料變動，未生成有效 SQL。
[2026-05-07 20:30:02] ℹ 備份檔案完成
[2026-05-07 21:00:01] 開始轉換時間範圍: 2026-05-07 20:00:00 到 2026-05-07 20:59:59
[2026-05-07 21:00:01] ℹ su_web 該時段內無資料變動，未生成有效 SQL。
[2026-05-07 21:00:01] ℹ sm_m2 該時段內無資料變動，未生成有效 SQL。
[2026-05-07 21:00:01] ℹ 備份檔案完成
[2026-05-07 21:30:01] 開始轉換時間範圍: 2026-05-07 20:00:00 到 2026-05-07 20:59:59
[2026-05-07 21:30:01] ℹ su_web 該時段內無資料變動，未生成有效 SQL。
[2026-05-07 21:30:01] ℹ sm_m2 該時段內無資料變動，未生成有效 SQL。
[2026-05-07 21:30:01] ℹ 備份檔案完成
[2026-05-07 22:00:01] 開始轉換時間範圍: 2026-05-07 21:00:00 到 2026-05-07 21:59:59
[2026-05-07 22:00:01] ℹ su_web 該時段內無資料變動，未生成有效 SQL。
[2026-05-07 22:00:01] ℹ sm_m2 該時段內無資料變動，未生成有效 SQL。
[2026-05-07 22:00:01] ℹ 備份檔案完成
[2026-05-07 22:30:01] 開始轉換時間範圍: 2026-05-07 21:00:00 到 2026-05-07 21:59:59
[2026-05-07 22:30:01] ℹ su_web 該時段內無資料變動，未生成有效 SQL。
[2026-05-07 22:30:02] ℹ sm_m2 該時段內無資料變動，未生成有效 SQL。
[2026-05-07 22:30:02] ℹ 備份檔案完成
[2026-05-07 23:00:02] 開始轉換時間範圍: 2026-05-07 22:00:00 到 2026-05-07 22:59:59
[2026-05-07 23:00:02] ℹ su_web 該時段內無資料變動，未生成有效 SQL。
[2026-05-07 23:00:02] ℹ sm_m2 該時段內無資料變動，未生成有效 SQL。
[2026-05-07 23:00:02] ℹ 備份檔案完成
[2026-05-07 23:30:01] 開始轉換時間範圍: 2026-05-07 22:00:00 到 2026-05-07 22:59:59
[2026-05-07 23:30:01] ℹ su_web 該時段內無資料變動，未生成有效 SQL。
[2026-05-07 23:30:01] ℹ sm_m2 該時段內無資料變動，未生成有效 SQL。
[2026-05-07 23:30:02] ℹ 備份檔案完成
[2026-05-08 00:00:01] 開始轉換時間範圍: 2026-05-07 23:00:00 到 2026-05-07 23:59:59
[2026-05-08 00:00:01] ℹ su_web 該時段內無資料變動，未生成有效 SQL。
[2026-05-08 00:00:01] ℹ sm_m2 該時段內無資料變動，未生成有效 SQL。
[2026-05-08 00:00:02] ℹ 備份檔案完成
[2026-05-08 00:30:01] 開始轉換時間範圍: 2026-05-07 23:00:00 到 2026-05-07 23:59:59
[2026-05-08 00:30:02] ℹ su_web 該時段內無資料變動，未生成有效 SQL。
[2026-05-08 00:30:02] ℹ sm_m2 該時段內無資料變動，未生成有效 SQL。
[2026-05-08 00:30:02] ℹ 備份檔案完成
[2026-05-08 01:00:01] 開始轉換時間範圍: 2026-05-08 00:00:00 到 2026-05-08 00:59:59
[2026-05-08 01:00:01] ℹ su_web 該時段內無資料變動，未生成有效 SQL。
[2026-05-08 01:00:01] ℹ sm_m2 該時段內無資料變動，未生成有效 SQL。
[2026-05-08 01:00:01] ℹ 備份檔案完成
[2026-05-08 01:30:02] 開始轉換時間範圍: 2026-05-08 00:00:00 到 2026-05-08 00:59:59
[2026-05-08 01:30:02] ℹ su_web 該時段內無資料變動，未生成有效 SQL。
[2026-05-08 01:30:02] ℹ sm_m2 該時段內無資料變動，未生成有效 SQL。
[2026-05-08 01:30:02] ℹ 備份檔案完成
[2026-05-08 02:00:01] 開始轉換時間範圍: 2026-05-08 01:00:00 到 2026-05-08 01:59:59
[2026-05-08 02:00:01] ℹ su_web 該時段內無資料變動，未生成有效 SQL。
[2026-05-08 02:00:01] ℹ sm_m2 該時段內無資料變動，未生成有效 SQL。
[2026-05-08 02:00:02] ℹ 備份檔案完成
[2026-05-08 02:30:01] 開始轉換時間範圍: 2026-05-08 01:00:00 到 2026-05-08 01:59:59
[2026-05-08 02:30:02] ℹ su_web 該時段內無資料變動，未生成有效 SQL。
[2026-05-08 02:30:02] ℹ sm_m2 該時段內無資料變動，未生成有效 SQL。
[2026-05-08 02:30:02] ℹ 備份檔案完成
[2026-05-08 03:00:01] 開始轉換時間範圍: 2026-05-08 02:00:00 到 2026-05-08 02:59:59
[2026-05-08 03:00:01] ℹ su_web 該時段內無資料變動，未生成有效 SQL。
[2026-05-08 03:00:01] ℹ sm_m2 該時段內無資料變動，未生成有效 SQL。
[2026-05-08 03:00:01] ℹ 備份檔案完成
[2026-05-08 03:30:01] 開始轉換時間範圍: 2026-05-08 02:00:00 到 2026-05-08 02:59:59
[2026-05-08 03:30:02] ℹ su_web 該時段內無資料變動，未生成有效 SQL。
[2026-05-08 03:30:02] ℹ sm_m2 該時段內無資料變動，未生成有效 SQL。
[2026-05-08 03:30:02] ℹ 備份檔案完成
[2026-05-08 04:00:02] 開始轉換時間範圍: 2026-05-08 03:00:00 到 2026-05-08 03:59:59
[2026-05-08 04:00:02] ℹ su_web 該時段內無資料變動，未生成有效 SQL。
[2026-05-08 04:00:02] ℹ sm_m2 該時段內無資料變動，未生成有效 SQL。
[2026-05-08 04:00:02] ℹ 備份檔案完成
[2026-05-08 04:30:01] 開始轉換時間範圍: 2026-05-08 03:00:00 到 2026-05-08 03:59:59
[2026-05-08 04:30:02] ℹ su_web 該時段內無資料變動，未生成有效 SQL。
[2026-05-08 04:30:02] ℹ sm_m2 該時段內無資料變動，未生成有效 SQL。
[2026-05-08 04:30:02] ℹ 備份檔案完成
[2026-05-08 05:00:01] 開始轉換時間範圍: 2026-05-08 04:00:00 到 2026-05-08 04:59:59
[2026-05-08 05:00:01] ℹ su_web 該時段內無資料變動，未生成有效 SQL。
[2026-05-08 05:00:02] ℹ sm_m2 該時段內無資料變動，未生成有效 SQL。
[2026-05-08 05:00:02] ℹ 備份檔案完成
[2026-05-08 05:30:01] 開始轉換時間範圍: 2026-05-08 04:00:00 到 2026-05-08 04:59:59
[2026-05-08 05:30:02] ℹ su_web 該時段內無資料變動，未生成有效 SQL。
[2026-05-08 05:30:02] ℹ sm_m2 該時段內無資料變動，未生成有效 SQL。
[2026-05-08 05:30:02] ℹ 備份檔案完成
[2026-05-08 06:00:01] 開始轉換時間範圍: 2026-05-08 05:00:00 到 2026-05-08 05:59:59
[2026-05-08 06:00:01] ℹ su_web 該時段內無資料變動，未生成有效 SQL。
[2026-05-08 06:00:01] ℹ sm_m2 該時段內無資料變動，未生成有效 SQL。
[2026-05-08 06:00:01] ℹ 備份檔案完成
[2026-05-08 06:30:01] 開始轉換時間範圍: 2026-05-08 05:00:00 到 2026-05-08 05:59:59
[2026-05-08 06:30:01] ℹ su_web 該時段內無資料變動，未生成有效 SQL。
[2026-05-08 06:30:01] ℹ sm_m2 該時段內無資料變動，未生成有效 SQL。
[2026-05-08 06:30:01] ℹ 備份檔案完成
[2026-05-08 07:00:01] 開始轉換時間範圍: 2026-05-08 06:00:00 到 2026-05-08 06:59:59
[2026-05-08 07:00:01] ℹ su_web 該時段內無資料變動，未生成有效 SQL。
[2026-05-08 07:00:01] ℹ sm_m2 該時段內無資料變動，未生成有效 SQL。
[2026-05-08 07:00:01] ℹ 備份檔案完成
[2026-05-08 07:30:02] 開始轉換時間範圍: 2026-05-08 06:00:00 到 2026-05-08 06:59:59
[2026-05-08 07:30:02] ℹ su_web 該時段內無資料變動，未生成有效 SQL。
[2026-05-08 07:30:02] ℹ sm_m2 該時段內無資料變動，未生成有效 SQL。
[2026-05-08 07:30:02] ℹ 備份檔案完成
[2026-05-08 08:00:02] 開始轉換時間範圍: 2026-05-08 07:00:00 到 2026-05-08 07:59:59
[2026-05-08 08:00:02] ℹ su_web 該時段內無資料變動，未生成有效 SQL。
[2026-05-08 08:00:02] ℹ sm_m2 該時段內無資料變動，未生成有效 SQL。
[2026-05-08 08:00:02] ℹ 備份檔案完成
[2026-05-08 08:30:02] 開始轉換時間範圍: 2026-05-08 07:00:00 到 2026-05-08 07:59:59
[2026-05-08 08:30:02] ℹ su_web 該時段內無資料變動，未生成有效 SQL。
[2026-05-08 08:30:02] ℹ sm_m2 該時段內無資料變動，未生成有效 SQL。
[2026-05-08 08:30:02] ℹ 備份檔案完成
[2026-05-08 09:00:02] 開始轉換時間範圍: 2026-05-08 08:00:00 到 2026-05-08 08:59:59
[2026-05-08 09:00:02] ℹ su_web 該時段內無資料變動，未生成有效 SQL。
[2026-05-08 09:00:02] ℹ sm_m2 該時段內無資料變動，未生成有效 SQL。
[2026-05-08 09:00:02] ℹ 備份檔案完成
[2026-05-08 09:30:01] 開始轉換時間範圍: 2026-05-08 08:00:00 到 2026-05-08 08:59:59
[2026-05-08 09:30:01] ℹ su_web 該時段內無資料變動，未生成有效 SQL。
[2026-05-08 09:30:02] ℹ sm_m2 該時段內無資料變動，未生成有效 SQL。
[2026-05-08 09:30:02] ℹ 備份檔案完成
[2026-05-08 10:00:01] 開始轉換時間範圍: 2026-05-08 09:00:00 到 2026-05-08 09:59:59
[2026-05-08 10:00:01] ℹ su_web 該時段內無資料變動，未生成有效 SQL。
[2026-05-08 10:00:02] ℹ sm_m2 該時段內無資料變動，未生成有效 SQL。
[2026-05-08 10:00:02] ℹ 備份檔案完成
[2026-05-08 10:30:01] 開始轉換時間範圍: 2026-05-08 09:00:00 到 2026-05-08 09:59:59
[2026-05-08 10:30:01] ℹ su_web 該時段內無資料變動，未生成有效 SQL。
[2026-05-08 10:30:01] ℹ sm_m2 該時段內無資料變動，未生成有效 SQL。
[2026-05-08 10:30:01] ℹ 備份檔案完成
[2026-05-08 11:00:01] 開始轉換時間範圍: 2026-05-08 10:00:00 到 2026-05-08 10:59:59
[2026-05-08 11:00:01] ℹ su_web 該時段內無資料變動，未生成有效 SQL。
[2026-05-08 11:00:01] ℹ sm_m2 該時段內無資料變動，未生成有效 SQL。
[2026-05-08 11:00:01] ℹ 備份檔案完成
[2026-05-08 11:30:01] 開始轉換時間範圍: 2026-05-08 10:00:00 到 2026-05-08 10:59:59
[2026-05-08 11:30:01] ℹ su_web 該時段內無資料變動，未生成有效 SQL。
[2026-05-08 11:30:01] ℹ sm_m2 該時段內無資料變動，未生成有效 SQL。
[2026-05-08 11:30:01] ℹ 備份檔案完成
[2026-05-08 12:00:01] 開始轉換時間範圍: 2026-05-08 11:00:00 到 2026-05-08 11:59:59
[2026-05-08 12:00:01] ✓ su_web 完成: /mnt/web/www/hksu/.db/files/2026/05/08/20260508_11_Backup_su_web.sql.zip
[2026-05-08 12:00:01] ℹ sm_m2 該時段內無資料變動，未生成有效 SQL。
[2026-05-08 12:00:01] ℹ 備份檔案，提交 Git 。
[2026-05-08 12:00:01] ℹ 備份檔案，add . 完成。
[2026-05-08 12:00:01] ℹ 備份檔案，commit -m backup 20260508_11 完成。
[2026-05-08 12:00:01] ℹ 備份檔案，開始 push。
[2026-05-08 12:00:04] ℹ 備份檔案完成
[2026-05-08 12:30:02] 開始轉換時間範圍: 2026-05-08 11:00:00 到 2026-05-08 11:59:59
[2026-05-08 12:30:02] ✓ su_web 完成: /mnt/web/www/hksu/.db/files/2026/05/08/20260508_11_Backup_su_web.sql.zip
[2026-05-08 12:30:02] ℹ sm_m2 該時段內無資料變動，未生成有效 SQL。
[2026-05-08 12:30:02] ℹ 備份檔案，提交 Git 。
[2026-05-08 12:30:02] ℹ 備份檔案，add . 完成。
[2026-05-08 12:30:02] ℹ 備份檔案，commit -m backup 20260508_11 完成。
[2026-05-08 12:30:02] ℹ 備份檔案，開始 push。
[2026-05-08 12:30:04] ℹ 備份檔案完成
[2026-05-08 13:00:01] 開始轉換時間範圍: 2026-05-08 12:00:00 到 2026-05-08 12:59:59
[2026-05-08 13:00:01] ℹ su_web 該時段內無資料變動，未生成有效 SQL。
[2026-05-08 13:00:01] ℹ sm_m2 該時段內無資料變動，未生成有效 SQL。
[2026-05-08 13:00:01] ℹ 備份檔案完成
[2026-05-08 13:30:01] 開始轉換時間範圍: 2026-05-08 12:00:00 到 2026-05-08 12:59:59
[2026-05-08 13:30:01] ℹ su_web 該時段內無資料變動，未生成有效 SQL。
[2026-05-08 13:30:01] ℹ sm_m2 該時段內無資料變動，未生成有效 SQL。
[2026-05-08 13:30:01] ℹ 備份檔案完成
[2026-05-08 14:00:01] 開始轉換時間範圍: 2026-05-08 13:00:00 到 2026-05-08 13:59:59
[2026-05-08 14:00:01] ℹ su_web 該時段內無資料變動，未生成有效 SQL。
[2026-05-08 14:00:01] ℹ sm_m2 該時段內無資料變動，未生成有效 SQL。
[2026-05-08 14:00:01] ℹ 備份檔案完成
[2026-05-08 14:30:01] 開始轉換時間範圍: 2026-05-08 13:00:00 到 2026-05-08 13:59:59
[2026-05-08 14:30:02] ℹ su_web 該時段內無資料變動，未生成有效 SQL。
[2026-05-08 14:30:02] ℹ sm_m2 該時段內無資料變動，未生成有效 SQL。
[2026-05-08 14:30:02] ℹ 備份檔案完成
[2026-05-08 15:00:02] 開始轉換時間範圍: 2026-05-08 14:00:00 到 2026-05-08 14:59:59
[2026-05-08 15:00:02] ℹ su_web 該時段內無資料變動，未生成有效 SQL。
[2026-05-08 15:00:02] ℹ sm_m2 該時段內無資料變動，未生成有效 SQL。
[2026-05-08 15:00:02] ℹ 備份檔案完成
[2026-05-08 15:30:01] 開始轉換時間範圍: 2026-05-08 14:00:00 到 2026-05-08 14:59:59
[2026-05-08 15:30:01] ℹ su_web 該時段內無資料變動，未生成有效 SQL。
[2026-05-08 15:30:02] ℹ sm_m2 該時段內無資料變動，未生成有效 SQL。
[2026-05-08 15:30:02] ℹ 備份檔案完成
[2026-05-08 16:00:01] 開始轉換時間範圍: 2026-05-08 15:00:00 到 2026-05-08 15:59:59
[2026-05-08 16:00:02] ✓ su_web 完成: /mnt/web/www/hksu/.db/files/2026/05/08/20260508_15_Backup_su_web.sql.zip
[2026-05-08 16:00:02] ℹ sm_m2 該時段內無資料變動，未生成有效 SQL。
[2026-05-08 16:00:02] ℹ 備份檔案，提交 Git 。
[2026-05-08 16:00:02] ℹ 備份檔案，add . 完成。
[2026-05-08 16:00:02] ℹ 備份檔案，commit -m backup 20260508_15 完成。
[2026-05-08 16:00:02] ℹ 備份檔案，開始 push。
[2026-05-08 16:00:04] ℹ 備份檔案完成
[2026-05-08 16:30:02] 開始轉換時間範圍: 2026-05-08 15:00:00 到 2026-05-08 15:59:59
[2026-05-08 16:30:02] ✓ su_web 完成: /mnt/web/www/hksu/.db/files/2026/05/08/20260508_15_Backup_su_web.sql.zip
[2026-05-08 16:30:02] ℹ sm_m2 該時段內無資料變動，未生成有效 SQL。
[2026-05-08 16:30:02] ℹ 備份檔案，提交 Git 。
[2026-05-08 16:30:02] ℹ 備份檔案，add . 完成。
[2026-05-08 16:30:02] ℹ 備份檔案，commit -m backup 20260508_15 完成。
[2026-05-08 16:30:02] ℹ 備份檔案，開始 push。
[2026-05-08 16:30:04] ℹ 備份檔案完成
[2026-05-08 17:00:01] 開始轉換時間範圍: 2026-05-08 16:00:00 到 2026-05-08 16:59:59
[2026-05-08 17:00:01] ℹ su_web 該時段內無資料變動，未生成有效 SQL。
[2026-05-08 17:00:01] ℹ sm_m2 該時段內無資料變動，未生成有效 SQL。
[2026-05-08 17:00:01] ℹ 備份檔案完成
[2026-05-08 17:30:01] 開始轉換時間範圍: 2026-05-08 16:00:00 到 2026-05-08 16:59:59
[2026-05-08 17:30:01] ℹ su_web 該時段內無資料變動，未生成有效 SQL。
[2026-05-08 17:30:01] ℹ sm_m2 該時段內無資料變動，未生成有效 SQL。
[2026-05-08 17:30:01] ℹ 備份檔案完成
[2026-05-08 18:00:01] 開始轉換時間範圍: 2026-05-08 17:00:00 到 2026-05-08 17:59:59
[2026-05-08 18:00:01] ℹ su_web 該時段內無資料變動，未生成有效 SQL。
[2026-05-08 18:00:01] ℹ sm_m2 該時段內無資料變動，未生成有效 SQL。
[2026-05-08 18:00:01] ℹ 備份檔案完成
[2026-05-08 18:30:01] 開始轉換時間範圍: 2026-05-08 17:00:00 到 2026-05-08 17:59:59
[2026-05-08 18:30:01] ℹ su_web 該時段內無資料變動，未生成有效 SQL。
[2026-05-08 18:30:01] ℹ sm_m2 該時段內無資料變動，未生成有效 SQL。
[2026-05-08 18:30:01] ℹ 備份檔案完成
[2026-05-08 19:00:01] 開始轉換時間範圍: 2026-05-08 18:00:00 到 2026-05-08 18:59:59
[2026-05-08 19:00:01] ℹ su_web 該時段內無資料變動，未生成有效 SQL。
[2026-05-08 19:00:01] ℹ sm_m2 該時段內無資料變動，未生成有效 SQL。
[2026-05-08 19:00:01] ℹ 備份檔案完成
[2026-05-08 19:30:02] 開始轉換時間範圍: 2026-05-08 18:00:00 到 2026-05-08 18:59:59
[2026-05-08 19:30:02] ℹ su_web 該時段內無資料變動，未生成有效 SQL。
[2026-05-08 19:30:02] ℹ sm_m2 該時段內無資料變動，未生成有效 SQL。
[2026-05-08 19:30:02] ℹ 備份檔案完成
[2026-05-08 20:00:01] 開始轉換時間範圍: 2026-05-08 19:00:00 到 2026-05-08 19:59:59
[2026-05-08 20:00:01] ℹ su_web 該時段內無資料變動，未生成有效 SQL。
[2026-05-08 20:00:01] ℹ sm_m2 該時段內無資料變動，未生成有效 SQL。
[2026-05-08 20:00:01] ℹ 備份檔案完成
[2026-05-08 20:30:01] 開始轉換時間範圍: 2026-05-08 19:00:00 到 2026-05-08 19:59:59
[2026-05-08 20:30:01] ℹ su_web 該時段內無資料變動，未生成有效 SQL。
[2026-05-08 20:30:01] ℹ sm_m2 該時段內無資料變動，未生成有效 SQL。
[2026-05-08 20:30:02] ℹ 備份檔案完成
[2026-05-08 21:00:02] 開始轉換時間範圍: 2026-05-08 20:00:00 到 2026-05-08 20:59:59
[2026-05-08 21:00:02] ℹ su_web 該時段內無資料變動，未生成有效 SQL。
[2026-05-08 21:00:02] ℹ sm_m2 該時段內無資料變動，未生成有效 SQL。
[2026-05-08 21:00:02] ℹ 備份檔案完成
[2026-05-08 21:30:01] 開始轉換時間範圍: 2026-05-08 20:00:00 到 2026-05-08 20:59:59
[2026-05-08 21:30:01] ℹ su_web 該時段內無資料變動，未生成有效 SQL。
[2026-05-08 21:30:01] ℹ sm_m2 該時段內無資料變動，未生成有效 SQL。
[2026-05-08 21:30:02] ℹ 備份檔案完成
[2026-05-08 22:00:01] 開始轉換時間範圍: 2026-05-08 21:00:00 到 2026-05-08 21:59:59
[2026-05-08 22:00:01] ℹ su_web 該時段內無資料變動，未生成有效 SQL。
[2026-05-08 22:00:01] ℹ sm_m2 該時段內無資料變動，未生成有效 SQL。
[2026-05-08 22:00:02] ℹ 備份檔案完成
[2026-05-08 22:30:01] 開始轉換時間範圍: 2026-05-08 21:00:00 到 2026-05-08 21:59:59
[2026-05-08 22:30:01] ℹ su_web 該時段內無資料變動，未生成有效 SQL。
[2026-05-08 22:30:01] ℹ sm_m2 該時段內無資料變動，未生成有效 SQL。
[2026-05-08 22:30:01] ℹ 備份檔案完成
[2026-05-08 23:00:01] 開始轉換時間範圍: 2026-05-08 22:00:00 到 2026-05-08 22:59:59
[2026-05-08 23:00:01] ℹ su_web 該時段內無資料變動，未生成有效 SQL。
[2026-05-08 23:00:01] ℹ sm_m2 該時段內無資料變動，未生成有效 SQL。
[2026-05-08 23:00:01] ℹ 備份檔案完成
[2026-05-08 23:30:01] 開始轉換時間範圍: 2026-05-08 22:00:00 到 2026-05-08 22:59:59
[2026-05-08 23:30:01] ℹ su_web 該時段內無資料變動，未生成有效 SQL。
[2026-05-08 23:30:01] ℹ sm_m2 該時段內無資料變動，未生成有效 SQL。
[2026-05-08 23:30:01] ℹ 備份檔案完成
[2026-05-09 00:00:02] 開始轉換時間範圍: 2026-05-08 23:00:00 到 2026-05-08 23:59:59
[2026-05-09 00:00:02] ℹ su_web 該時段內無資料變動，未生成有效 SQL。
[2026-05-09 00:00:02] ℹ sm_m2 該時段內無資料變動，未生成有效 SQL。
[2026-05-09 00:00:02] ℹ 備份檔案完成
[2026-05-09 00:30:01] 開始轉換時間範圍: 2026-05-08 23:00:00 到 2026-05-08 23:59:59
[2026-05-09 00:30:01] ℹ su_web 該時段內無資料變動，未生成有效 SQL。
[2026-05-09 00:30:01] ℹ sm_m2 該時段內無資料變動，未生成有效 SQL。
[2026-05-09 00:30:01] ℹ 備份檔案完成
[2026-05-09 01:00:02] 開始轉換時間範圍: 2026-05-09 00:00:00 到 2026-05-09 00:59:59
[2026-05-09 01:00:02] ℹ su_web 該時段內無資料變動，未生成有效 SQL。
[2026-05-09 01:00:02] ℹ sm_m2 該時段內無資料變動，未生成有效 SQL。
[2026-05-09 01:00:02] ℹ 備份檔案完成
[2026-05-09 01:30:01] 開始轉換時間範圍: 2026-05-09 00:00:00 到 2026-05-09 00:59:59
[2026-05-09 01:30:02] ℹ su_web 該時段內無資料變動，未生成有效 SQL。
[2026-05-09 01:30:02] ℹ sm_m2 該時段內無資料變動，未生成有效 SQL。
[2026-05-09 01:30:02] ℹ 備份檔案完成
[2026-05-09 02:00:01] 開始轉換時間範圍: 2026-05-09 01:00:00 到 2026-05-09 01:59:59
[2026-05-09 02:00:01] ℹ su_web 該時段內無資料變動，未生成有效 SQL。
[2026-05-09 02:00:02] ℹ sm_m2 該時段內無資料變動，未生成有效 SQL。
[2026-05-09 02:00:02] ℹ 備份檔案完成
[2026-05-09 02:30:01] 開始轉換時間範圍: 2026-05-09 01:00:00 到 2026-05-09 01:59:59
[2026-05-09 02:30:01] ℹ su_web 該時段內無資料變動，未生成有效 SQL。
[2026-05-09 02:30:01] ℹ sm_m2 該時段內無資料變動，未生成有效 SQL。
[2026-05-09 02:30:01] ℹ 備份檔案完成
[2026-05-09 03:00:01] 開始轉換時間範圍: 2026-05-09 02:00:00 到 2026-05-09 02:59:59
[2026-05-09 03:00:01] ℹ su_web 該時段內無資料變動，未生成有效 SQL。
[2026-05-09 03:00:01] ℹ sm_m2 該時段內無資料變動，未生成有效 SQL。
[2026-05-09 03:00:01] ℹ 備份檔案完成
[2026-05-09 03:30:01] 開始轉換時間範圍: 2026-05-09 02:00:00 到 2026-05-09 02:59:59
[2026-05-09 03:30:02] ℹ su_web 該時段內無資料變動，未生成有效 SQL。
[2026-05-09 03:30:02] ℹ sm_m2 該時段內無資料變動，未生成有效 SQL。
[2026-05-09 03:30:02] ℹ 備份檔案完成
[2026-05-09 04:00:01] 開始轉換時間範圍: 2026-05-09 03:00:00 到 2026-05-09 03:59:59
[2026-05-09 04:00:01] ℹ su_web 該時段內無資料變動，未生成有效 SQL。
[2026-05-09 04:00:02] ℹ sm_m2 該時段內無資料變動，未生成有效 SQL。
[2026-05-09 04:00:02] ℹ 備份檔案完成
[2026-05-09 04:30:01] 開始轉換時間範圍: 2026-05-09 03:00:00 到 2026-05-09 03:59:59
[2026-05-09 04:30:02] ℹ su_web 該時段內無資料變動，未生成有效 SQL。
[2026-05-09 04:30:02] ℹ sm_m2 該時段內無資料變動，未生成有效 SQL。
[2026-05-09 04:30:02] ℹ 備份檔案完成
[2026-05-09 05:00:01] 開始轉換時間範圍: 2026-05-09 04:00:00 到 2026-05-09 04:59:59
[2026-05-09 05:00:01] ℹ su_web 該時段內無資料變動，未生成有效 SQL。
[2026-05-09 05:00:02] ℹ sm_m2 該時段內無資料變動，未生成有效 SQL。
[2026-05-09 05:00:02] ℹ 備份檔案完成
[2026-05-09 05:30:01] 開始轉換時間範圍: 2026-05-09 04:00:00 到 2026-05-09 04:59:59
[2026-05-09 05:30:01] ℹ su_web 該時段內無資料變動，未生成有效 SQL。
[2026-05-09 05:30:01] ℹ sm_m2 該時段內無資料變動，未生成有效 SQL。
[2026-05-09 05:30:01] ℹ 備份檔案完成
[2026-05-09 06:00:01] 開始轉換時間範圍: 2026-05-09 05:00:00 到 2026-05-09 05:59:59
[2026-05-09 06:00:01] ℹ su_web 該時段內無資料變動，未生成有效 SQL。
[2026-05-09 06:00:02] ℹ sm_m2 該時段內無資料變動，未生成有效 SQL。
[2026-05-09 06:00:02] ℹ 備份檔案完成
[2026-05-09 06:30:01] 開始轉換時間範圍: 2026-05-09 05:00:00 到 2026-05-09 05:59:59
[2026-05-09 06:30:01] ℹ su_web 該時段內無資料變動，未生成有效 SQL。
[2026-05-09 06:30:01] ℹ sm_m2 該時段內無資料變動，未生成有效 SQL。
[2026-05-09 06:30:01] ℹ 備份檔案完成
[2026-05-09 07:00:01] 開始轉換時間範圍: 2026-05-09 06:00:00 到 2026-05-09 06:59:59
[2026-05-09 07:00:01] ℹ su_web 該時段內無資料變動，未生成有效 SQL。
[2026-05-09 07:00:01] ℹ sm_m2 該時段內無資料變動，未生成有效 SQL。
[2026-05-09 07:00:01] ℹ 備份檔案完成
[2026-05-09 07:30:01] 開始轉換時間範圍: 2026-05-09 06:00:00 到 2026-05-09 06:59:59
[2026-05-09 07:30:01] ℹ su_web 該時段內無資料變動，未生成有效 SQL。
[2026-05-09 07:30:01] ℹ sm_m2 該時段內無資料變動，未生成有效 SQL。
[2026-05-09 07:30:01] ℹ 備份檔案完成
[2026-05-09 08:00:01] 開始轉換時間範圍: 2026-05-09 07:00:00 到 2026-05-09 07:59:59
[2026-05-09 08:00:01] ℹ su_web 該時段內無資料變動，未生成有效 SQL。
[2026-05-09 08:00:01] ℹ sm_m2 該時段內無資料變動，未生成有效 SQL。
[2026-05-09 08:00:01] ℹ 備份檔案完成
[2026-05-09 08:30:01] 開始轉換時間範圍: 2026-05-09 07:00:00 到 2026-05-09 07:59:59
[2026-05-09 08:30:01] ℹ su_web 該時段內無資料變動，未生成有效 SQL。
[2026-05-09 08:30:01] ℹ sm_m2 該時段內無資料變動，未生成有效 SQL。
[2026-05-09 08:30:01] ℹ 備份檔案完成
[2026-05-09 09:00:01] 開始轉換時間範圍: 2026-05-09 08:00:00 到 2026-05-09 08:59:59
[2026-05-09 09:00:01] ℹ su_web 該時段內無資料變動，未生成有效 SQL。
[2026-05-09 09:00:01] ℹ sm_m2 該時段內無資料變動，未生成有效 SQL。
[2026-05-09 09:00:01] ℹ 備份檔案完成
[2026-05-09 09:30:01] 開始轉換時間範圍: 2026-05-09 08:00:00 到 2026-05-09 08:59:59
[2026-05-09 09:30:01] ℹ su_web 該時段內無資料變動，未生成有效 SQL。
[2026-05-09 09:30:01] ℹ sm_m2 該時段內無資料變動，未生成有效 SQL。
[2026-05-09 09:30:01] ℹ 備份檔案完成
[2026-05-09 10:00:01] 開始轉換時間範圍: 2026-05-09 09:00:00 到 2026-05-09 09:59:59
[2026-05-09 10:00:01] ℹ su_web 該時段內無資料變動，未生成有效 SQL。
[2026-05-09 10:00:01] ℹ sm_m2 該時段內無資料變動，未生成有效 SQL。
[2026-05-09 10:00:01] ℹ 備份檔案完成
[2026-05-09 10:30:01] 開始轉換時間範圍: 2026-05-09 09:00:00 到 2026-05-09 09:59:59
[2026-05-09 10:30:01] ℹ su_web 該時段內無資料變動，未生成有效 SQL。
[2026-05-09 10:30:01] ℹ sm_m2 該時段內無資料變動，未生成有效 SQL。
[2026-05-09 10:30:01] ℹ 備份檔案完成
[2026-05-09 11:00:01] 開始轉換時間範圍: 2026-05-09 10:00:00 到 2026-05-09 10:59:59
[2026-05-09 11:00:01] ℹ su_web 該時段內無資料變動，未生成有效 SQL。
[2026-05-09 11:00:01] ℹ sm_m2 該時段內無資料變動，未生成有效 SQL。
[2026-05-09 11:00:01] ℹ 備份檔案完成
[2026-05-09 11:30:01] 開始轉換時間範圍: 2026-05-09 10:00:00 到 2026-05-09 10:59:59
[2026-05-09 11:30:01] ℹ su_web 該時段內無資料變動，未生成有效 SQL。
[2026-05-09 11:30:01] ℹ sm_m2 該時段內無資料變動，未生成有效 SQL。
[2026-05-09 11:30:01] ℹ 備份檔案完成
[2026-05-09 12:00:01] 開始轉換時間範圍: 2026-05-09 11:00:00 到 2026-05-09 11:59:59
[2026-05-09 12:00:01] ℹ su_web 該時段內無資料變動，未生成有效 SQL。
[2026-05-09 12:00:01] ℹ sm_m2 該時段內無資料變動，未生成有效 SQL。
[2026-05-09 12:00:01] ℹ 備份檔案完成
[2026-05-09 12:30:01] 開始轉換時間範圍: 2026-05-09 11:00:00 到 2026-05-09 11:59:59
[2026-05-09 12:30:01] ℹ su_web 該時段內無資料變動，未生成有效 SQL。
[2026-05-09 12:30:01] ℹ sm_m2 該時段內無資料變動，未生成有效 SQL。
[2026-05-09 12:30:01] ℹ 備份檔案完成
[2026-05-09 13:00:01] 開始轉換時間範圍: 2026-05-09 12:00:00 到 2026-05-09 12:59:59
[2026-05-09 13:00:01] ℹ su_web 該時段內無資料變動，未生成有效 SQL。
[2026-05-09 13:00:01] ℹ sm_m2 該時段內無資料變動，未生成有效 SQL。
[2026-05-09 13:00:01] ℹ 備份檔案完成
[2026-05-09 13:30:01] 開始轉換時間範圍: 2026-05-09 12:00:00 到 2026-05-09 12:59:59
[2026-05-09 13:30:02] ℹ su_web 該時段內無資料變動，未生成有效 SQL。
[2026-05-09 13:30:02] ℹ sm_m2 該時段內無資料變動，未生成有效 SQL。
[2026-05-09 13:30:02] ℹ 備份檔案完成
[2026-05-09 14:00:01] 開始轉換時間範圍: 2026-05-09 13:00:00 到 2026-05-09 13:59:59
[2026-05-09 14:00:01] ℹ su_web 該時段內無資料變動，未生成有效 SQL。
[2026-05-09 14:00:01] ℹ sm_m2 該時段內無資料變動，未生成有效 SQL。
[2026-05-09 14:00:01] ℹ 備份檔案完成
[2026-05-09 14:30:02] 開始轉換時間範圍: 2026-05-09 13:00:00 到 2026-05-09 13:59:59
[2026-05-09 14:30:02] ℹ su_web 該時段內無資料變動，未生成有效 SQL。
[2026-05-09 14:30:02] ℹ sm_m2 該時段內無資料變動，未生成有效 SQL。
[2026-05-09 14:30:02] ℹ 備份檔案完成
[2026-05-09 15:00:01] 開始轉換時間範圍: 2026-05-09 14:00:00 到 2026-05-09 14:59:59
[2026-05-09 15:00:02] ℹ su_web 該時段內無資料變動，未生成有效 SQL。
[2026-05-09 15:00:02] ℹ sm_m2 該時段內無資料變動，未生成有效 SQL。
[2026-05-09 15:00:02] ℹ 備份檔案完成
[2026-05-09 15:30:01] 開始轉換時間範圍: 2026-05-09 14:00:00 到 2026-05-09 14:59:59
[2026-05-09 15:30:02] ℹ su_web 該時段內無資料變動，未生成有效 SQL。
[2026-05-09 15:30:02] ℹ sm_m2 該時段內無資料變動，未生成有效 SQL。
[2026-05-09 15:30:02] ℹ 備份檔案完成
[2026-05-09 16:00:01] 開始轉換時間範圍: 2026-05-09 15:00:00 到 2026-05-09 15:59:59
[2026-05-09 16:00:01] ℹ su_web 該時段內無資料變動，未生成有效 SQL。
[2026-05-09 16:00:02] ℹ sm_m2 該時段內無資料變動，未生成有效 SQL。
[2026-05-09 16:00:02] ℹ 備份檔案完成
[2026-05-09 16:30:01] 開始轉換時間範圍: 2026-05-09 15:00:00 到 2026-05-09 15:59:59
[2026-05-09 16:30:02] ℹ su_web 該時段內無資料變動，未生成有效 SQL。
[2026-05-09 16:30:02] ℹ sm_m2 該時段內無資料變動，未生成有效 SQL。
[2026-05-09 16:30:02] ℹ 備份檔案完成
[2026-05-09 17:00:01] 開始轉換時間範圍: 2026-05-09 16:00:00 到 2026-05-09 16:59:59
[2026-05-09 17:00:02] ℹ su_web 該時段內無資料變動，未生成有效 SQL。
[2026-05-09 17:00:02] ℹ sm_m2 該時段內無資料變動，未生成有效 SQL。
[2026-05-09 17:00:02] ℹ 備份檔案完成
[2026-05-09 17:30:01] 開始轉換時間範圍: 2026-05-09 16:00:00 到 2026-05-09 16:59:59
[2026-05-09 17:30:01] ℹ su_web 該時段內無資料變動，未生成有效 SQL。
[2026-05-09 17:30:01] ℹ sm_m2 該時段內無資料變動，未生成有效 SQL。
[2026-05-09 17:30:01] ℹ 備份檔案完成
[2026-05-09 18:00:01] 開始轉換時間範圍: 2026-05-09 17:00:00 到 2026-05-09 17:59:59
[2026-05-09 18:00:01] ℹ su_web 該時段內無資料變動，未生成有效 SQL。
[2026-05-09 18:00:01] ℹ sm_m2 該時段內無資料變動，未生成有效 SQL。
[2026-05-09 18:00:01] ℹ 備份檔案完成
[2026-05-09 18:30:02] 開始轉換時間範圍: 2026-05-09 17:00:00 到 2026-05-09 17:59:59
[2026-05-09 18:30:02] ℹ su_web 該時段內無資料變動，未生成有效 SQL。
[2026-05-09 18:30:02] ℹ sm_m2 該時段內無資料變動，未生成有效 SQL。
[2026-05-09 18:30:02] ℹ 備份檔案完成
[2026-05-09 19:00:01] 開始轉換時間範圍: 2026-05-09 18:00:00 到 2026-05-09 18:59:59
[2026-05-09 19:00:01] ℹ su_web 該時段內無資料變動，未生成有效 SQL。
[2026-05-09 19:00:01] ℹ sm_m2 該時段內無資料變動，未生成有效 SQL。
[2026-05-09 19:00:01] ℹ 備份檔案完成
[2026-05-09 19:30:01] 開始轉換時間範圍: 2026-05-09 18:00:00 到 2026-05-09 18:59:59
[2026-05-09 19:30:01] ℹ su_web 該時段內無資料變動，未生成有效 SQL。
[2026-05-09 19:30:01] ℹ sm_m2 該時段內無資料變動，未生成有效 SQL。
[2026-05-09 19:30:01] ℹ 備份檔案完成
[2026-05-09 20:00:01] 開始轉換時間範圍: 2026-05-09 19:00:00 到 2026-05-09 19:59:59
[2026-05-09 20:00:01] ℹ su_web 該時段內無資料變動，未生成有效 SQL。
[2026-05-09 20:00:01] ℹ sm_m2 該時段內無資料變動，未生成有效 SQL。
[2026-05-09 20:00:01] ℹ 備份檔案完成
[2026-05-09 20:30:01] 開始轉換時間範圍: 2026-05-09 19:00:00 到 2026-05-09 19:59:59
[2026-05-09 20:30:01] ℹ su_web 該時段內無資料變動，未生成有效 SQL。
[2026-05-09 20:30:01] ℹ sm_m2 該時段內無資料變動，未生成有效 SQL。
[2026-05-09 20:30:01] ℹ 備份檔案完成
[2026-05-09 21:00:01] 開始轉換時間範圍: 2026-05-09 20:00:00 到 2026-05-09 20:59:59
[2026-05-09 21:00:01] ✓ su_web 完成: /mnt/web/www/hksu/.db/files/2026/05/09/20260509_20_Backup_su_web.sql.zip
[2026-05-09 21:00:01] ℹ sm_m2 該時段內無資料變動，未生成有效 SQL。
[2026-05-09 21:00:01] ℹ 備份檔案，提交 Git 。
[2026-05-09 21:00:01] ℹ 備份檔案，add . 完成。
[2026-05-09 21:00:01] ℹ 備份檔案，commit -m backup 20260509_20 完成。
[2026-05-09 21:00:01] ℹ 備份檔案，開始 push。
[2026-05-09 21:00:03] ℹ 備份檔案完成
[2026-05-09 21:30:01] 開始轉換時間範圍: 2026-05-09 20:00:00 到 2026-05-09 20:59:59
[2026-05-09 21:30:01] ✓ su_web 完成: /mnt/web/www/hksu/.db/files/2026/05/09/20260509_20_Backup_su_web.sql.zip
[2026-05-09 21:30:01] ℹ sm_m2 該時段內無資料變動，未生成有效 SQL。
[2026-05-09 21:30:01] ℹ 備份檔案，提交 Git 。
[2026-05-09 21:30:01] ℹ 備份檔案，add . 完成。
[2026-05-09 21:30:02] ℹ 備份檔案，commit -m backup 20260509_20 完成。
[2026-05-09 21:30:02] ℹ 備份檔案，開始 push。
[2026-05-09 21:30:03] ℹ 備份檔案完成
[2026-05-09 22:00:01] 開始轉換時間範圍: 2026-05-09 21:00:00 到 2026-05-09 21:59:59
[2026-05-09 22:00:01] ℹ su_web 該時段內無資料變動，未生成有效 SQL。
[2026-05-09 22:00:01] ℹ sm_m2 該時段內無資料變動，未生成有效 SQL。
[2026-05-09 22:00:02] ℹ 備份檔案完成
[2026-05-09 22:30:01] 開始轉換時間範圍: 2026-05-09 21:00:00 到 2026-05-09 21:59:59
[2026-05-09 22:30:01] ℹ su_web 該時段內無資料變動，未生成有效 SQL。
[2026-05-09 22:30:01] ℹ sm_m2 該時段內無資料變動，未生成有效 SQL。
[2026-05-09 22:30:01] ℹ 備份檔案完成
[2026-05-09 23:00:01] 開始轉換時間範圍: 2026-05-09 22:00:00 到 2026-05-09 22:59:59
[2026-05-09 23:00:01] ℹ su_web 該時段內無資料變動，未生成有效 SQL。
[2026-05-09 23:00:01] ℹ sm_m2 該時段內無資料變動，未生成有效 SQL。
[2026-05-09 23:00:01] ℹ 備份檔案完成
[2026-05-09 23:30:01] 開始轉換時間範圍: 2026-05-09 22:00:00 到 2026-05-09 22:59:59
[2026-05-09 23:30:01] ℹ su_web 該時段內無資料變動，未生成有效 SQL。
[2026-05-09 23:30:01] ℹ sm_m2 該時段內無資料變動，未生成有效 SQL。
[2026-05-09 23:30:02] ℹ 備份檔案完成
[2026-05-10 00:00:01] 開始轉換時間範圍: 2026-05-09 23:00:00 到 2026-05-09 23:59:59
[2026-05-10 00:00:01] ℹ su_web 該時段內無資料變動，未生成有效 SQL。
[2026-05-10 00:00:01] ℹ sm_m2 該時段內無資料變動，未生成有效 SQL。
[2026-05-10 00:00:01] ℹ 備份檔案完成
[2026-05-10 00:30:01] 開始轉換時間範圍: 2026-05-09 23:00:00 到 2026-05-09 23:59:59
[2026-05-10 00:30:02] ℹ su_web 該時段內無資料變動，未生成有效 SQL。
[2026-05-10 00:30:02] ℹ sm_m2 該時段內無資料變動，未生成有效 SQL。
[2026-05-10 00:30:02] ℹ 備份檔案完成
[2026-05-10 01:00:01] 開始轉換時間範圍: 2026-05-10 00:00:00 到 2026-05-10 00:59:59
[2026-05-10 01:00:01] ℹ su_web 該時段內無資料變動，未生成有效 SQL。
[2026-05-10 01:00:01] ℹ sm_m2 該時段內無資料變動，未生成有效 SQL。
[2026-05-10 01:00:01] ℹ 備份檔案完成
[2026-05-10 01:30:01] 開始轉換時間範圍: 2026-05-10 00:00:00 到 2026-05-10 00:59:59
[2026-05-10 01:30:01] ℹ su_web 該時段內無資料變動，未生成有效 SQL。
[2026-05-10 01:30:01] ℹ sm_m2 該時段內無資料變動，未生成有效 SQL。
[2026-05-10 01:30:01] ℹ 備份檔案完成
[2026-05-10 02:00:01] 開始轉換時間範圍: 2026-05-10 01:00:00 到 2026-05-10 01:59:59
[2026-05-10 02:00:01] ℹ su_web 該時段內無資料變動，未生成有效 SQL。
[2026-05-10 02:00:01] ℹ sm_m2 該時段內無資料變動，未生成有效 SQL。
[2026-05-10 02:00:01] ℹ 備份檔案完成
[2026-05-10 02:30:01] 開始轉換時間範圍: 2026-05-10 01:00:00 到 2026-05-10 01:59:59
[2026-05-10 02:30:01] ℹ su_web 該時段內無資料變動，未生成有效 SQL。
[2026-05-10 02:30:01] ℹ sm_m2 該時段內無資料變動，未生成有效 SQL。
[2026-05-10 02:30:01] ℹ 備份檔案完成
[2026-05-10 03:00:01] 開始轉換時間範圍: 2026-05-10 02:00:00 到 2026-05-10 02:59:59
[2026-05-10 03:00:02] ℹ su_web 該時段內無資料變動，未生成有效 SQL。
[2026-05-10 03:00:02] ℹ sm_m2 該時段內無資料變動，未生成有效 SQL。
[2026-05-10 03:00:02] ℹ 備份檔案完成
[2026-05-10 03:30:02] 開始轉換時間範圍: 2026-05-10 02:00:00 到 2026-05-10 02:59:59
[2026-05-10 03:30:02] ℹ su_web 該時段內無資料變動，未生成有效 SQL。
[2026-05-10 03:30:02] ℹ sm_m2 該時段內無資料變動，未生成有效 SQL。
[2026-05-10 03:30:02] ℹ 備份檔案完成
[2026-05-10 04:00:01] 開始轉換時間範圍: 2026-05-10 03:00:00 到 2026-05-10 03:59:59
[2026-05-10 04:00:01] ℹ su_web 該時段內無資料變動，未生成有效 SQL。
[2026-05-10 04:00:01] ℹ sm_m2 該時段內無資料變動，未生成有效 SQL。
[2026-05-10 04:00:01] ℹ 備份檔案完成
[2026-05-10 04:30:02] 開始轉換時間範圍: 2026-05-10 03:00:00 到 2026-05-10 03:59:59
[2026-05-10 04:30:02] ℹ su_web 該時段內無資料變動，未生成有效 SQL。
[2026-05-10 04:30:02] ℹ sm_m2 該時段內無資料變動，未生成有效 SQL。
[2026-05-10 04:30:02] ℹ 備份檔案完成
[2026-05-10 05:00:01] 開始轉換時間範圍: 2026-05-10 04:00:00 到 2026-05-10 04:59:59
[2026-05-10 05:00:01] ℹ su_web 該時段內無資料變動，未生成有效 SQL。
[2026-05-10 05:00:02] ℹ sm_m2 該時段內無資料變動，未生成有效 SQL。
[2026-05-10 05:00:02] ℹ 備份檔案完成
[2026-05-10 05:30:01] 開始轉換時間範圍: 2026-05-10 04:00:00 到 2026-05-10 04:59:59
[2026-05-10 05:30:01] ℹ su_web 該時段內無資料變動，未生成有效 SQL。
[2026-05-10 05:30:01] ℹ sm_m2 該時段內無資料變動，未生成有效 SQL。
[2026-05-10 05:30:01] ℹ 備份檔案完成
[2026-05-10 06:00:01] 開始轉換時間範圍: 2026-05-10 05:00:00 到 2026-05-10 05:59:59
[2026-05-10 06:00:02] ℹ su_web 該時段內無資料變動，未生成有效 SQL。
[2026-05-10 06:00:02] ℹ sm_m2 該時段內無資料變動，未生成有效 SQL。
[2026-05-10 06:00:02] ℹ 備份檔案完成
[2026-05-10 06:30:01] 開始轉換時間範圍: 2026-05-10 05:00:00 到 2026-05-10 05:59:59
[2026-05-10 06:30:01] ℹ su_web 該時段內無資料變動，未生成有效 SQL。
[2026-05-10 06:30:01] ℹ sm_m2 該時段內無資料變動，未生成有效 SQL。
[2026-05-10 06:30:01] ℹ 備份檔案完成
[2026-05-10 07:00:02] 開始轉換時間範圍: 2026-05-10 06:00:00 到 2026-05-10 06:59:59
[2026-05-10 07:00:02] ℹ su_web 該時段內無資料變動，未生成有效 SQL。
[2026-05-10 07:00:02] ℹ sm_m2 該時段內無資料變動，未生成有效 SQL。
[2026-05-10 07:00:02] ℹ 備份檔案完成
[2026-05-10 07:30:01] 開始轉換時間範圍: 2026-05-10 06:00:00 到 2026-05-10 06:59:59
[2026-05-10 07:30:01] ℹ su_web 該時段內無資料變動，未生成有效 SQL。
[2026-05-10 07:30:01] ℹ sm_m2 該時段內無資料變動，未生成有效 SQL。
[2026-05-10 07:30:01] ℹ 備份檔案完成
[2026-05-10 08:00:01] 開始轉換時間範圍: 2026-05-10 07:00:00 到 2026-05-10 07:59:59
[2026-05-10 08:00:01] ℹ su_web 該時段內無資料變動，未生成有效 SQL。
[2026-05-10 08:00:01] ℹ sm_m2 該時段內無資料變動，未生成有效 SQL。
[2026-05-10 08:00:01] ℹ 備份檔案完成
[2026-05-10 08:30:01] 開始轉換時間範圍: 2026-05-10 07:00:00 到 2026-05-10 07:59:59
[2026-05-10 08:30:01] ℹ su_web 該時段內無資料變動，未生成有效 SQL。
[2026-05-10 08:30:01] ℹ sm_m2 該時段內無資料變動，未生成有效 SQL。
[2026-05-10 08:30:01] ℹ 備份檔案完成
[2026-05-10 09:00:01] 開始轉換時間範圍: 2026-05-10 08:00:00 到 2026-05-10 08:59:59
[2026-05-10 09:00:01] ℹ su_web 該時段內無資料變動，未生成有效 SQL。
[2026-05-10 09:00:01] ℹ sm_m2 該時段內無資料變動，未生成有效 SQL。
[2026-05-10 09:00:01] ℹ 備份檔案完成
[2026-05-10 09:30:01] 開始轉換時間範圍: 2026-05-10 08:00:00 到 2026-05-10 08:59:59
[2026-05-10 09:30:01] ℹ su_web 該時段內無資料變動，未生成有效 SQL。
[2026-05-10 09:30:01] ℹ sm_m2 該時段內無資料變動，未生成有效 SQL。
[2026-05-10 09:30:01] ℹ 備份檔案完成
[2026-05-10 10:00:01] 開始轉換時間範圍: 2026-05-10 09:00:00 到 2026-05-10 09:59:59
[2026-05-10 10:00:01] ℹ su_web 該時段內無資料變動，未生成有效 SQL。
[2026-05-10 10:00:01] ℹ sm_m2 該時段內無資料變動，未生成有效 SQL。
[2026-05-10 10:00:01] ℹ 備份檔案完成
[2026-05-10 10:30:01] 開始轉換時間範圍: 2026-05-10 09:00:00 到 2026-05-10 09:59:59
[2026-05-10 10:30:01] ℹ su_web 該時段內無資料變動，未生成有效 SQL。
[2026-05-10 10:30:01] ℹ sm_m2 該時段內無資料變動，未生成有效 SQL。
[2026-05-10 10:30:01] ℹ 備份檔案完成
[2026-05-10 11:00:01] 開始轉換時間範圍: 2026-05-10 10:00:00 到 2026-05-10 10:59:59
[2026-05-10 11:00:01] ℹ su_web 該時段內無資料變動，未生成有效 SQL。
[2026-05-10 11:00:01] ℹ sm_m2 該時段內無資料變動，未生成有效 SQL。
[2026-05-10 11:00:01] ℹ 備份檔案完成
[2026-05-10 11:30:01] 開始轉換時間範圍: 2026-05-10 10:00:00 到 2026-05-10 10:59:59
[2026-05-10 11:30:01] ℹ su_web 該時段內無資料變動，未生成有效 SQL。
[2026-05-10 11:30:01] ℹ sm_m2 該時段內無資料變動，未生成有效 SQL。
[2026-05-10 11:30:01] ℹ 備份檔案完成
[2026-05-10 12:00:01] 開始轉換時間範圍: 2026-05-10 11:00:00 到 2026-05-10 11:59:59
[2026-05-10 12:00:01] ℹ su_web 該時段內無資料變動，未生成有效 SQL。
[2026-05-10 12:00:01] ℹ sm_m2 該時段內無資料變動，未生成有效 SQL。
[2026-05-10 12:00:01] ℹ 備份檔案完成
[2026-05-10 12:30:01] 開始轉換時間範圍: 2026-05-10 11:00:00 到 2026-05-10 11:59:59
[2026-05-10 12:30:01] ℹ su_web 該時段內無資料變動，未生成有效 SQL。
[2026-05-10 12:30:01] ℹ sm_m2 該時段內無資料變動，未生成有效 SQL。
[2026-05-10 12:30:01] ℹ 備份檔案完成
[2026-05-10 13:00:01] 開始轉換時間範圍: 2026-05-10 12:00:00 到 2026-05-10 12:59:59
[2026-05-10 13:00:01] ℹ su_web 該時段內無資料變動，未生成有效 SQL。
[2026-05-10 13:00:01] ℹ sm_m2 該時段內無資料變動，未生成有效 SQL。
[2026-05-10 13:00:01] ℹ 備份檔案完成
[2026-05-10 13:30:01] 開始轉換時間範圍: 2026-05-10 12:00:00 到 2026-05-10 12:59:59
[2026-05-10 13:30:01] ℹ su_web 該時段內無資料變動，未生成有效 SQL。
[2026-05-10 13:30:01] ℹ sm_m2 該時段內無資料變動，未生成有效 SQL。
[2026-05-10 13:30:01] ℹ 備份檔案完成
[2026-05-10 14:00:01] 開始轉換時間範圍: 2026-05-10 13:00:00 到 2026-05-10 13:59:59
[2026-05-10 14:00:01] ℹ su_web 該時段內無資料變動，未生成有效 SQL。
[2026-05-10 14:00:01] ℹ sm_m2 該時段內無資料變動，未生成有效 SQL。
[2026-05-10 14:00:01] ℹ 備份檔案完成
[2026-05-10 14:30:01] 開始轉換時間範圍: 2026-05-10 13:00:00 到 2026-05-10 13:59:59
[2026-05-10 14:30:01] ℹ su_web 該時段內無資料變動，未生成有效 SQL。
[2026-05-10 14:30:01] ℹ sm_m2 該時段內無資料變動，未生成有效 SQL。
[2026-05-10 14:30:01] ℹ 備份檔案完成
[2026-05-10 15:00:01] 開始轉換時間範圍: 2026-05-10 14:00:00 到 2026-05-10 14:59:59
[2026-05-10 15:00:01] ℹ su_web 該時段內無資料變動，未生成有效 SQL。
[2026-05-10 15:00:01] ℹ sm_m2 該時段內無資料變動，未生成有效 SQL。
[2026-05-10 15:00:01] ℹ 備份檔案完成
[2026-05-10 15:30:01] 開始轉換時間範圍: 2026-05-10 14:00:00 到 2026-05-10 14:59:59
[2026-05-10 15:30:02] ℹ su_web 該時段內無資料變動，未生成有效 SQL。
[2026-05-10 15:30:02] ℹ sm_m2 該時段內無資料變動，未生成有效 SQL。
[2026-05-10 15:30:02] ℹ 備份檔案完成
[2026-05-10 16:00:01] 開始轉換時間範圍: 2026-05-10 15:00:00 到 2026-05-10 15:59:59
[2026-05-10 16:00:01] ℹ su_web 該時段內無資料變動，未生成有效 SQL。
[2026-05-10 16:00:01] ℹ sm_m2 該時段內無資料變動，未生成有效 SQL。
[2026-05-10 16:00:01] ℹ 備份檔案完成
[2026-05-10 16:30:01] 開始轉換時間範圍: 2026-05-10 15:00:00 到 2026-05-10 15:59:59
[2026-05-10 16:30:01] ℹ su_web 該時段內無資料變動，未生成有效 SQL。
[2026-05-10 16:30:01] ℹ sm_m2 該時段內無資料變動，未生成有效 SQL。
[2026-05-10 16:30:01] ℹ 備份檔案完成
[2026-05-10 17:00:01] 開始轉換時間範圍: 2026-05-10 16:00:00 到 2026-05-10 16:59:59
[2026-05-10 17:00:01] ℹ su_web 該時段內無資料變動，未生成有效 SQL。
[2026-05-10 17:00:01] ℹ sm_m2 該時段內無資料變動，未生成有效 SQL。
[2026-05-10 17:00:01] ℹ 備份檔案完成
[2026-05-10 17:30:01] 開始轉換時間範圍: 2026-05-10 16:00:00 到 2026-05-10 16:59:59
[2026-05-10 17:30:01] ℹ su_web 該時段內無資料變動，未生成有效 SQL。
[2026-05-10 17:30:01] ℹ sm_m2 該時段內無資料變動，未生成有效 SQL。
[2026-05-10 17:30:01] ℹ 備份檔案完成
[2026-05-10 18:00:01] 開始轉換時間範圍: 2026-05-10 17:00:00 到 2026-05-10 17:59:59
[2026-05-10 18:00:01] ℹ su_web 該時段內無資料變動，未生成有效 SQL。
[2026-05-10 18:00:02] ℹ sm_m2 該時段內無資料變動，未生成有效 SQL。
[2026-05-10 18:00:02] ℹ 備份檔案完成
[2026-05-10 18:30:01] 開始轉換時間範圍: 2026-05-10 17:00:00 到 2026-05-10 17:59:59
[2026-05-10 18:30:01] ℹ su_web 該時段內無資料變動，未生成有效 SQL。
[2026-05-10 18:30:01] ℹ sm_m2 該時段內無資料變動，未生成有效 SQL。
[2026-05-10 18:30:01] ℹ 備份檔案完成
[2026-05-10 19:00:01] 開始轉換時間範圍: 2026-05-10 18:00:00 到 2026-05-10 18:59:59
[2026-05-10 19:00:01] ℹ su_web 該時段內無資料變動，未生成有效 SQL。
[2026-05-10 19:00:02] ℹ sm_m2 該時段內無資料變動，未生成有效 SQL。
[2026-05-10 19:00:02] ℹ 備份檔案完成
[2026-05-10 19:30:01] 開始轉換時間範圍: 2026-05-10 18:00:00 到 2026-05-10 18:59:59
[2026-05-10 19:30:01] ℹ su_web 該時段內無資料變動，未生成有效 SQL。
[2026-05-10 19:30:01] ℹ sm_m2 該時段內無資料變動，未生成有效 SQL。
[2026-05-10 19:30:01] ℹ 備份檔案完成
[2026-05-10 20:00:01] 開始轉換時間範圍: 2026-05-10 19:00:00 到 2026-05-10 19:59:59
[2026-05-10 20:00:01] ℹ su_web 該時段內無資料變動，未生成有效 SQL。
[2026-05-10 20:00:01] ℹ sm_m2 該時段內無資料變動，未生成有效 SQL。
[2026-05-10 20:00:01] ℹ 備份檔案完成
[2026-05-10 20:30:01] 開始轉換時間範圍: 2026-05-10 19:00:00 到 2026-05-10 19:59:59
[2026-05-10 20:30:01] ℹ su_web 該時段內無資料變動，未生成有效 SQL。
[2026-05-10 20:30:01] ℹ sm_m2 該時段內無資料變動，未生成有效 SQL。
[2026-05-10 20:30:01] ℹ 備份檔案完成
[2026-05-10 21:00:01] 開始轉換時間範圍: 2026-05-10 20:00:00 到 2026-05-10 20:59:59
[2026-05-10 21:00:01] ℹ su_web 該時段內無資料變動，未生成有效 SQL。
[2026-05-10 21:00:01] ℹ sm_m2 該時段內無資料變動，未生成有效 SQL。
[2026-05-10 21:00:01] ℹ 備份檔案完成
[2026-05-10 21:30:01] 開始轉換時間範圍: 2026-05-10 20:00:00 到 2026-05-10 20:59:59
[2026-05-10 21:30:01] ℹ su_web 該時段內無資料變動，未生成有效 SQL。
[2026-05-10 21:30:01] ℹ sm_m2 該時段內無資料變動，未生成有效 SQL。
[2026-05-10 21:30:02] ℹ 備份檔案完成
[2026-05-10 22:00:02] 開始轉換時間範圍: 2026-05-10 21:00:00 到 2026-05-10 21:59:59
[2026-05-10 22:00:02] ℹ su_web 該時段內無資料變動，未生成有效 SQL。
[2026-05-10 22:00:02] ℹ sm_m2 該時段內無資料變動，未生成有效 SQL。
[2026-05-10 22:00:02] ℹ 備份檔案完成
[2026-05-10 22:30:01] 開始轉換時間範圍: 2026-05-10 21:00:00 到 2026-05-10 21:59:59
[2026-05-10 22:30:01] ℹ su_web 該時段內無資料變動，未生成有效 SQL。
[2026-05-10 22:30:01] ℹ sm_m2 該時段內無資料變動，未生成有效 SQL。
[2026-05-10 22:30:02] ℹ 備份檔案完成
[2026-05-10 23:00:01] 開始轉換時間範圍: 2026-05-10 22:00:00 到 2026-05-10 22:59:59
[2026-05-10 23:00:01] ℹ su_web 該時段內無資料變動，未生成有效 SQL。
[2026-05-10 23:00:02] ℹ sm_m2 該時段內無資料變動，未生成有效 SQL。
[2026-05-10 23:00:02] ℹ 備份檔案完成
[2026-05-10 23:30:02] 開始轉換時間範圍: 2026-05-10 22:00:00 到 2026-05-10 22:59:59
[2026-05-10 23:30:02] ℹ su_web 該時段內無資料變動，未生成有效 SQL。
[2026-05-10 23:30:02] ℹ sm_m2 該時段內無資料變動，未生成有效 SQL。
[2026-05-10 23:30:02] ℹ 備份檔案完成
[2026-05-11 00:00:01] 開始轉換時間範圍: 2026-05-10 23:00:00 到 2026-05-10 23:59:59
[2026-05-11 00:00:01] ℹ su_web 該時段內無資料變動，未生成有效 SQL。
[2026-05-11 00:00:01] ℹ sm_m2 該時段內無資料變動，未生成有效 SQL。
[2026-05-11 00:00:01] ℹ 備份檔案完成
[2026-05-11 00:30:01] 開始轉換時間範圍: 2026-05-10 23:00:00 到 2026-05-10 23:59:59
[2026-05-11 00:30:01] ℹ su_web 該時段內無資料變動，未生成有效 SQL。
[2026-05-11 00:30:01] ℹ sm_m2 該時段內無資料變動，未生成有效 SQL。
[2026-05-11 00:30:01] ℹ 備份檔案完成
[2026-05-11 01:00:02] 開始轉換時間範圍: 2026-05-11 00:00:00 到 2026-05-11 00:59:59
[2026-05-11 01:00:02] ℹ su_web 該時段內無資料變動，未生成有效 SQL。
[2026-05-11 01:00:02] ℹ sm_m2 該時段內無資料變動，未生成有效 SQL。
[2026-05-11 01:00:02] ℹ 備份檔案完成
[2026-05-11 01:30:01] 開始轉換時間範圍: 2026-05-11 00:00:00 到 2026-05-11 00:59:59
[2026-05-11 01:30:01] ℹ su_web 該時段內無資料變動，未生成有效 SQL。
[2026-05-11 01:30:01] ℹ sm_m2 該時段內無資料變動，未生成有效 SQL。
[2026-05-11 01:30:01] ℹ 備份檔案完成
[2026-05-11 02:00:01] 開始轉換時間範圍: 2026-05-11 01:00:00 到 2026-05-11 01:59:59
[2026-05-11 02:00:01] ℹ su_web 該時段內無資料變動，未生成有效 SQL。
[2026-05-11 02:00:01] ℹ sm_m2 該時段內無資料變動，未生成有效 SQL。
[2026-05-11 02:00:01] ℹ 備份檔案完成
[2026-05-11 02:30:01] 開始轉換時間範圍: 2026-05-11 01:00:00 到 2026-05-11 01:59:59
[2026-05-11 02:30:01] ℹ su_web 該時段內無資料變動，未生成有效 SQL。
[2026-05-11 02:30:01] ℹ sm_m2 該時段內無資料變動，未生成有效 SQL。
[2026-05-11 02:30:01] ℹ 備份檔案完成
[2026-05-11 03:00:01] 開始轉換時間範圍: 2026-05-11 02:00:00 到 2026-05-11 02:59:59
[2026-05-11 03:00:01] ℹ su_web 該時段內無資料變動，未生成有效 SQL。
[2026-05-11 03:00:01] ℹ sm_m2 該時段內無資料變動，未生成有效 SQL。
[2026-05-11 03:00:01] ℹ 備份檔案完成
[2026-05-11 03:30:01] 開始轉換時間範圍: 2026-05-11 02:00:00 到 2026-05-11 02:59:59
[2026-05-11 03:30:01] ℹ su_web 該時段內無資料變動，未生成有效 SQL。
[2026-05-11 03:30:01] ℹ sm_m2 該時段內無資料變動，未生成有效 SQL。
[2026-05-11 03:30:01] ℹ 備份檔案完成
[2026-05-11 04:00:01] 開始轉換時間範圍: 2026-05-11 03:00:00 到 2026-05-11 03:59:59
[2026-05-11 04:00:01] ℹ su_web 該時段內無資料變動，未生成有效 SQL。
[2026-05-11 04:00:01] ℹ sm_m2 該時段內無資料變動，未生成有效 SQL。
[2026-05-11 04:00:01] ℹ 備份檔案完成
[2026-05-11 04:30:01] 開始轉換時間範圍: 2026-05-11 03:00:00 到 2026-05-11 03:59:59
[2026-05-11 04:30:01] ℹ su_web 該時段內無資料變動，未生成有效 SQL。
[2026-05-11 04:30:01] ℹ sm_m2 該時段內無資料變動，未生成有效 SQL。
[2026-05-11 04:30:02] ℹ 備份檔案完成
[2026-05-11 05:00:01] 開始轉換時間範圍: 2026-05-11 04:00:00 到 2026-05-11 04:59:59
[2026-05-11 05:00:01] ℹ su_web 該時段內無資料變動，未生成有效 SQL。
[2026-05-11 05:00:01] ℹ sm_m2 該時段內無資料變動，未生成有效 SQL。
[2026-05-11 05:00:01] ℹ 備份檔案完成
[2026-05-11 05:30:01] 開始轉換時間範圍: 2026-05-11 04:00:00 到 2026-05-11 04:59:59
[2026-05-11 05:30:01] ℹ su_web 該時段內無資料變動，未生成有效 SQL。
[2026-05-11 05:30:01] ℹ sm_m2 該時段內無資料變動，未生成有效 SQL。
[2026-05-11 05:30:01] ℹ 備份檔案完成
[2026-05-11 06:00:01] 開始轉換時間範圍: 2026-05-11 05:00:00 到 2026-05-11 05:59:59
[2026-05-11 06:00:01] ℹ su_web 該時段內無資料變動，未生成有效 SQL。
[2026-05-11 06:00:01] ℹ sm_m2 該時段內無資料變動，未生成有效 SQL。
[2026-05-11 06:00:01] ℹ 備份檔案完成
[2026-05-11 06:30:01] 開始轉換時間範圍: 2026-05-11 05:00:00 到 2026-05-11 05:59:59
[2026-05-11 06:30:01] ℹ su_web 該時段內無資料變動，未生成有效 SQL。
[2026-05-11 06:30:01] ℹ sm_m2 該時段內無資料變動，未生成有效 SQL。
[2026-05-11 06:30:02] ℹ 備份檔案完成
[2026-05-11 07:00:01] 開始轉換時間範圍: 2026-05-11 06:00:00 到 2026-05-11 06:59:59
[2026-05-11 07:00:01] ℹ su_web 該時段內無資料變動，未生成有效 SQL。
[2026-05-11 07:00:01] ℹ sm_m2 該時段內無資料變動，未生成有效 SQL。
[2026-05-11 07:00:01] ℹ 備份檔案完成
[2026-05-11 07:30:01] 開始轉換時間範圍: 2026-05-11 06:00:00 到 2026-05-11 06:59:59
[2026-05-11 07:30:01] ℹ su_web 該時段內無資料變動，未生成有效 SQL。
[2026-05-11 07:30:01] ℹ sm_m2 該時段內無資料變動，未生成有效 SQL。
[2026-05-11 07:30:01] ℹ 備份檔案完成
[2026-05-11 08:00:01] 開始轉換時間範圍: 2026-05-11 07:00:00 到 2026-05-11 07:59:59
[2026-05-11 08:00:01] ℹ su_web 該時段內無資料變動，未生成有效 SQL。
[2026-05-11 08:00:01] ℹ sm_m2 該時段內無資料變動，未生成有效 SQL。
[2026-05-11 08:00:01] ℹ 備份檔案完成
[2026-05-11 08:30:01] 開始轉換時間範圍: 2026-05-11 07:00:00 到 2026-05-11 07:59:59
[2026-05-11 08:30:01] ℹ su_web 該時段內無資料變動，未生成有效 SQL。
[2026-05-11 08:30:01] ℹ sm_m2 該時段內無資料變動，未生成有效 SQL。
[2026-05-11 08:30:02] ℹ 備份檔案完成
[2026-05-11 09:00:01] 開始轉換時間範圍: 2026-05-11 08:00:00 到 2026-05-11 08:59:59
[2026-05-11 09:00:01] ℹ su_web 該時段內無資料變動，未生成有效 SQL。
[2026-05-11 09:00:01] ℹ sm_m2 該時段內無資料變動，未生成有效 SQL。
[2026-05-11 09:00:01] ℹ 備份檔案完成
[2026-05-11 09:30:02] 開始轉換時間範圍: 2026-05-11 08:00:00 到 2026-05-11 08:59:59
[2026-05-11 09:30:02] ℹ su_web 該時段內無資料變動，未生成有效 SQL。
[2026-05-11 09:30:02] ℹ sm_m2 該時段內無資料變動，未生成有效 SQL。
[2026-05-11 09:30:02] ℹ 備份檔案完成
[2026-05-11 10:00:01] 開始轉換時間範圍: 2026-05-11 09:00:00 到 2026-05-11 09:59:59
[2026-05-11 10:00:01] ℹ su_web 該時段內無資料變動，未生成有效 SQL。
[2026-05-11 10:00:01] ℹ sm_m2 該時段內無資料變動，未生成有效 SQL。
[2026-05-11 10:00:01] ℹ 備份檔案完成
[2026-05-11 10:30:01] 開始轉換時間範圍: 2026-05-11 09:00:00 到 2026-05-11 09:59:59
[2026-05-11 10:30:01] ℹ su_web 該時段內無資料變動，未生成有效 SQL。
[2026-05-11 10:30:01] ℹ sm_m2 該時段內無資料變動，未生成有效 SQL。
[2026-05-11 10:30:01] ℹ 備份檔案完成
[2026-05-11 11:00:01] 開始轉換時間範圍: 2026-05-11 10:00:00 到 2026-05-11 10:59:59
[2026-05-11 11:00:01] ℹ su_web 該時段內無資料變動，未生成有效 SQL。
[2026-05-11 11:00:01] ℹ sm_m2 該時段內無資料變動，未生成有效 SQL。
[2026-05-11 11:00:02] ℹ 備份檔案完成
[2026-05-11 11:30:01] 開始轉換時間範圍: 2026-05-11 10:00:00 到 2026-05-11 10:59:59
[2026-05-11 11:30:01] ℹ su_web 該時段內無資料變動，未生成有效 SQL。
[2026-05-11 11:30:01] ℹ sm_m2 該時段內無資料變動，未生成有效 SQL。
[2026-05-11 11:30:01] ℹ 備份檔案完成
[2026-05-11 12:00:01] 開始轉換時間範圍: 2026-05-11 11:00:00 到 2026-05-11 11:59:59
[2026-05-11 12:00:01] ℹ su_web 該時段內無資料變動，未生成有效 SQL。
[2026-05-11 12:00:01] ℹ sm_m2 該時段內無資料變動，未生成有效 SQL。
[2026-05-11 12:00:01] ℹ 備份檔案完成
[2026-05-11 12:30:02] 開始轉換時間範圍: 2026-05-11 11:00:00 到 2026-05-11 11:59:59
[2026-05-11 12:30:02] ℹ su_web 該時段內無資料變動，未生成有效 SQL。
[2026-05-11 12:30:02] ℹ sm_m2 該時段內無資料變動，未生成有效 SQL。
[2026-05-11 12:30:02] ℹ 備份檔案完成
[2026-05-11 13:00:01] 開始轉換時間範圍: 2026-05-11 12:00:00 到 2026-05-11 12:59:59
[2026-05-11 13:00:01] ℹ su_web 該時段內無資料變動，未生成有效 SQL。
[2026-05-11 13:00:01] ℹ sm_m2 該時段內無資料變動，未生成有效 SQL。
[2026-05-11 13:00:01] ℹ 備份檔案完成
[2026-05-11 13:30:01] 開始轉換時間範圍: 2026-05-11 12:00:00 到 2026-05-11 12:59:59
[2026-05-11 13:30:01] ℹ su_web 該時段內無資料變動，未生成有效 SQL。
[2026-05-11 13:30:01] ℹ sm_m2 該時段內無資料變動，未生成有效 SQL。
[2026-05-11 13:30:02] ℹ 備份檔案完成
[2026-05-11 14:00:02] 開始轉換時間範圍: 2026-05-11 13:00:00 到 2026-05-11 13:59:59
[2026-05-11 14:00:02] ℹ su_web 該時段內無資料變動，未生成有效 SQL。
[2026-05-11 14:00:02] ℹ sm_m2 該時段內無資料變動，未生成有效 SQL。
[2026-05-11 14:00:02] ℹ 備份檔案完成
[2026-05-11 14:30:01] 開始轉換時間範圍: 2026-05-11 13:00:00 到 2026-05-11 13:59:59
[2026-05-11 14:30:01] ℹ su_web 該時段內無資料變動，未生成有效 SQL。
[2026-05-11 14:30:01] ℹ sm_m2 該時段內無資料變動，未生成有效 SQL。
[2026-05-11 14:30:01] ℹ 備份檔案完成
[2026-05-11 15:00:01] 開始轉換時間範圍: 2026-05-11 14:00:00 到 2026-05-11 14:59:59
[2026-05-11 15:00:01] ℹ su_web 該時段內無資料變動，未生成有效 SQL。
[2026-05-11 15:00:01] ℹ sm_m2 該時段內無資料變動，未生成有效 SQL。
[2026-05-11 15:00:01] ℹ 備份檔案完成
[2026-05-11 15:30:01] 開始轉換時間範圍: 2026-05-11 14:00:00 到 2026-05-11 14:59:59
[2026-05-11 15:30:01] ℹ su_web 該時段內無資料變動，未生成有效 SQL。
[2026-05-11 15:30:01] ℹ sm_m2 該時段內無資料變動，未生成有效 SQL。
[2026-05-11 15:30:01] ℹ 備份檔案完成
[2026-05-11 16:00:01] 開始轉換時間範圍: 2026-05-11 15:00:00 到 2026-05-11 15:59:59
[2026-05-11 16:00:01] ℹ su_web 該時段內無資料變動，未生成有效 SQL。
[2026-05-11 16:00:02] ℹ sm_m2 該時段內無資料變動，未生成有效 SQL。
[2026-05-11 16:00:02] ℹ 備份檔案完成
[2026-05-11 16:30:01] 開始轉換時間範圍: 2026-05-11 15:00:00 到 2026-05-11 15:59:59
[2026-05-11 16:30:01] ℹ su_web 該時段內無資料變動，未生成有效 SQL。
[2026-05-11 16:30:01] ℹ sm_m2 該時段內無資料變動，未生成有效 SQL。
[2026-05-11 16:30:01] ℹ 備份檔案完成
[2026-05-11 17:00:01] 開始轉換時間範圍: 2026-05-11 16:00:00 到 2026-05-11 16:59:59
[2026-05-11 17:00:02] ℹ su_web 該時段內無資料變動，未生成有效 SQL。
[2026-05-11 17:00:02] ℹ sm_m2 該時段內無資料變動，未生成有效 SQL。
[2026-05-11 17:00:02] ℹ 備份檔案完成
[2026-05-11 17:30:01] 開始轉換時間範圍: 2026-05-11 16:00:00 到 2026-05-11 16:59:59
[2026-05-11 17:30:01] ℹ su_web 該時段內無資料變動，未生成有效 SQL。
[2026-05-11 17:30:01] ℹ sm_m2 該時段內無資料變動，未生成有效 SQL。
[2026-05-11 17:30:01] ℹ 備份檔案完成
[2026-05-11 18:00:01] 開始轉換時間範圍: 2026-05-11 17:00:00 到 2026-05-11 17:59:59
[2026-05-11 18:00:01] ℹ su_web 該時段內無資料變動，未生成有效 SQL。
[2026-05-11 18:00:01] ℹ sm_m2 該時段內無資料變動，未生成有效 SQL。
[2026-05-11 18:00:01] ℹ 備份檔案完成
[2026-05-11 18:30:01] 開始轉換時間範圍: 2026-05-11 17:00:00 到 2026-05-11 17:59:59
[2026-05-11 18:30:01] ℹ su_web 該時段內無資料變動，未生成有效 SQL。
[2026-05-11 18:30:01] ℹ sm_m2 該時段內無資料變動，未生成有效 SQL。
[2026-05-11 18:30:01] ℹ 備份檔案完成
[2026-05-11 19:00:01] 開始轉換時間範圍: 2026-05-11 18:00:00 到 2026-05-11 18:59:59
[2026-05-11 19:00:01] ℹ su_web 該時段內無資料變動，未生成有效 SQL。
[2026-05-11 19:00:01] ℹ sm_m2 該時段內無資料變動，未生成有效 SQL。
[2026-05-11 19:00:01] ℹ 備份檔案完成
[2026-05-11 19:30:01] 開始轉換時間範圍: 2026-05-11 18:00:00 到 2026-05-11 18:59:59
[2026-05-11 19:30:02] ℹ su_web 該時段內無資料變動，未生成有效 SQL。
[2026-05-11 19:30:02] ℹ sm_m2 該時段內無資料變動，未生成有效 SQL。
[2026-05-11 19:30:02] ℹ 備份檔案完成
[2026-05-11 20:00:01] 開始轉換時間範圍: 2026-05-11 19:00:00 到 2026-05-11 19:59:59
[2026-05-11 20:00:01] ℹ su_web 該時段內無資料變動，未生成有效 SQL。
[2026-05-11 20:00:01] ℹ sm_m2 該時段內無資料變動，未生成有效 SQL。
[2026-05-11 20:00:01] ℹ 備份檔案完成
[2026-05-11 20:30:01] 開始轉換時間範圍: 2026-05-11 19:00:00 到 2026-05-11 19:59:59
[2026-05-11 20:30:02] ℹ su_web 該時段內無資料變動，未生成有效 SQL。
[2026-05-11 20:30:02] ℹ sm_m2 該時段內無資料變動，未生成有效 SQL。
[2026-05-11 20:30:02] ℹ 備份檔案完成
[2026-05-11 21:00:01] 開始轉換時間範圍: 2026-05-11 20:00:00 到 2026-05-11 20:59:59
[2026-05-11 21:00:01] ℹ su_web 該時段內無資料變動，未生成有效 SQL。
[2026-05-11 21:00:01] ℹ sm_m2 該時段內無資料變動，未生成有效 SQL。
[2026-05-11 21:00:01] ℹ 備份檔案完成
[2026-05-11 21:30:01] 開始轉換時間範圍: 2026-05-11 20:00:00 到 2026-05-11 20:59:59
[2026-05-11 21:30:01] ℹ su_web 該時段內無資料變動，未生成有效 SQL。
[2026-05-11 21:30:01] ℹ sm_m2 該時段內無資料變動，未生成有效 SQL。
[2026-05-11 21:30:02] ℹ 備份檔案完成
[2026-05-11 22:00:01] 開始轉換時間範圍: 2026-05-11 21:00:00 到 2026-05-11 21:59:59
[2026-05-11 22:00:01] ℹ su_web 該時段內無資料變動，未生成有效 SQL。
[2026-05-11 22:00:01] ℹ sm_m2 該時段內無資料變動，未生成有效 SQL。
[2026-05-11 22:00:01] ℹ 備份檔案完成
[2026-05-11 22:30:01] 開始轉換時間範圍: 2026-05-11 21:00:00 到 2026-05-11 21:59:59
[2026-05-11 22:30:02] ℹ su_web 該時段內無資料變動，未生成有效 SQL。
[2026-05-11 22:30:02] ℹ sm_m2 該時段內無資料變動，未生成有效 SQL。
[2026-05-11 22:30:02] ℹ 備份檔案完成
[2026-05-11 23:00:01] 開始轉換時間範圍: 2026-05-11 22:00:00 到 2026-05-11 22:59:59
[2026-05-11 23:00:01] ℹ su_web 該時段內無資料變動，未生成有效 SQL。
[2026-05-11 23:00:01] ℹ sm_m2 該時段內無資料變動，未生成有效 SQL。
[2026-05-11 23:00:01] ℹ 備份檔案完成
[2026-05-11 23:30:01] 開始轉換時間範圍: 2026-05-11 22:00:00 到 2026-05-11 22:59:59
[2026-05-11 23:30:01] ℹ su_web 該時段內無資料變動，未生成有效 SQL。
[2026-05-11 23:30:01] ℹ sm_m2 該時段內無資料變動，未生成有效 SQL。
[2026-05-11 23:30:01] ℹ 備份檔案完成
[2026-05-12 00:00:01] 開始轉換時間範圍: 2026-05-11 23:00:00 到 2026-05-11 23:59:59
[2026-05-12 00:00:01] ℹ su_web 該時段內無資料變動，未生成有效 SQL。
[2026-05-12 00:00:01] ℹ sm_m2 該時段內無資料變動，未生成有效 SQL。
[2026-05-12 00:00:01] ℹ 備份檔案完成
[2026-05-12 00:30:01] 開始轉換時間範圍: 2026-05-11 23:00:00 到 2026-05-11 23:59:59
[2026-05-12 00:30:01] ℹ su_web 該時段內無資料變動，未生成有效 SQL。
[2026-05-12 00:30:01] ℹ sm_m2 該時段內無資料變動，未生成有效 SQL。
[2026-05-12 00:30:01] ℹ 備份檔案完成
[2026-05-12 01:00:01] 開始轉換時間範圍: 2026-05-12 00:00:00 到 2026-05-12 00:59:59
[2026-05-12 01:00:01] ℹ su_web 該時段內無資料變動，未生成有效 SQL。
[2026-05-12 01:00:01] ℹ sm_m2 該時段內無資料變動，未生成有效 SQL。
[2026-05-12 01:00:01] ℹ 備份檔案完成
[2026-05-12 01:30:01] 開始轉換時間範圍: 2026-05-12 00:00:00 到 2026-05-12 00:59:59
[2026-05-12 01:30:01] ℹ su_web 該時段內無資料變動，未生成有效 SQL。
[2026-05-12 01:30:01] ℹ sm_m2 該時段內無資料變動，未生成有效 SQL。
[2026-05-12 01:30:02] ℹ 備份檔案完成
[2026-05-12 02:00:02] 開始轉換時間範圍: 2026-05-12 01:00:00 到 2026-05-12 01:59:59
[2026-05-12 02:00:02] ℹ su_web 該時段內無資料變動，未生成有效 SQL。
[2026-05-12 02:00:02] ℹ sm_m2 該時段內無資料變動，未生成有效 SQL。
[2026-05-12 02:00:02] ℹ 備份檔案完成
[2026-05-12 02:30:01] 開始轉換時間範圍: 2026-05-12 01:00:00 到 2026-05-12 01:59:59
[2026-05-12 02:30:01] ℹ su_web 該時段內無資料變動，未生成有效 SQL。
[2026-05-12 02:30:01] ℹ sm_m2 該時段內無資料變動，未生成有效 SQL。
[2026-05-12 02:30:01] ℹ 備份檔案完成
[2026-05-12 03:00:02] 開始轉換時間範圍: 2026-05-12 02:00:00 到 2026-05-12 02:59:59
[2026-05-12 03:00:02] ℹ su_web 該時段內無資料變動，未生成有效 SQL。
[2026-05-12 03:00:02] ℹ sm_m2 該時段內無資料變動，未生成有效 SQL。
[2026-05-12 03:00:02] ℹ 備份檔案完成
[2026-05-12 03:30:01] 開始轉換時間範圍: 2026-05-12 02:00:00 到 2026-05-12 02:59:59
[2026-05-12 03:30:01] ℹ su_web 該時段內無資料變動，未生成有效 SQL。
[2026-05-12 03:30:01] ℹ sm_m2 該時段內無資料變動，未生成有效 SQL。
[2026-05-12 03:30:01] ℹ 備份檔案完成
[2026-05-12 04:00:01] 開始轉換時間範圍: 2026-05-12 03:00:00 到 2026-05-12 03:59:59
[2026-05-12 04:00:01] ℹ su_web 該時段內無資料變動，未生成有效 SQL。
[2026-05-12 04:00:01] ℹ sm_m2 該時段內無資料變動，未生成有效 SQL。
[2026-05-12 04:00:01] ℹ 備份檔案完成
[2026-05-12 04:30:01] 開始轉換時間範圍: 2026-05-12 03:00:00 到 2026-05-12 03:59:59
[2026-05-12 04:30:01] ℹ su_web 該時段內無資料變動，未生成有效 SQL。
[2026-05-12 04:30:01] ℹ sm_m2 該時段內無資料變動，未生成有效 SQL。
[2026-05-12 04:30:01] ℹ 備份檔案完成
[2026-05-12 05:00:02] 開始轉換時間範圍: 2026-05-12 04:00:00 到 2026-05-12 04:59:59
[2026-05-12 05:00:02] ℹ su_web 該時段內無資料變動，未生成有效 SQL。
[2026-05-12 05:00:02] ℹ sm_m2 該時段內無資料變動，未生成有效 SQL。
[2026-05-12 05:00:02] ℹ 備份檔案完成
[2026-05-12 05:30:01] 開始轉換時間範圍: 2026-05-12 04:00:00 到 2026-05-12 04:59:59
[2026-05-12 05:30:01] ℹ su_web 該時段內無資料變動，未生成有效 SQL。
[2026-05-12 05:30:01] ℹ sm_m2 該時段內無資料變動，未生成有效 SQL。
[2026-05-12 05:30:01] ℹ 備份檔案完成
[2026-05-12 06:00:01] 開始轉換時間範圍: 2026-05-12 05:00:00 到 2026-05-12 05:59:59
[2026-05-12 06:00:01] ℹ su_web 該時段內無資料變動，未生成有效 SQL。
[2026-05-12 06:00:01] ℹ sm_m2 該時段內無資料變動，未生成有效 SQL。
[2026-05-12 06:00:01] ℹ 備份檔案完成
[2026-05-12 06:30:01] 開始轉換時間範圍: 2026-05-12 05:00:00 到 2026-05-12 05:59:59
[2026-05-12 06:30:02] ℹ su_web 該時段內無資料變動，未生成有效 SQL。
[2026-05-12 06:30:02] ℹ sm_m2 該時段內無資料變動，未生成有效 SQL。
[2026-05-12 06:30:02] ℹ 備份檔案完成
[2026-05-12 07:00:01] 開始轉換時間範圍: 2026-05-12 06:00:00 到 2026-05-12 06:59:59
[2026-05-12 07:00:01] ℹ su_web 該時段內無資料變動，未生成有效 SQL。
[2026-05-12 07:00:01] ℹ sm_m2 該時段內無資料變動，未生成有效 SQL。
[2026-05-12 07:00:02] ℹ 備份檔案完成
[2026-05-12 07:30:01] 開始轉換時間範圍: 2026-05-12 06:00:00 到 2026-05-12 06:59:59
[2026-05-12 07:30:01] ℹ su_web 該時段內無資料變動，未生成有效 SQL。
[2026-05-12 07:30:01] ℹ sm_m2 該時段內無資料變動，未生成有效 SQL。
[2026-05-12 07:30:01] ℹ 備份檔案完成
[2026-05-12 08:00:01] 開始轉換時間範圍: 2026-05-12 07:00:00 到 2026-05-12 07:59:59
[2026-05-12 08:00:01] ℹ su_web 該時段內無資料變動，未生成有效 SQL。
[2026-05-12 08:00:01] ℹ sm_m2 該時段內無資料變動，未生成有效 SQL。
[2026-05-12 08:00:01] ℹ 備份檔案完成
[2026-05-12 08:30:01] 開始轉換時間範圍: 2026-05-12 07:00:00 到 2026-05-12 07:59:59
[2026-05-12 08:30:01] ℹ su_web 該時段內無資料變動，未生成有效 SQL。
[2026-05-12 08:30:01] ℹ sm_m2 該時段內無資料變動，未生成有效 SQL。
[2026-05-12 08:30:01] ℹ 備份檔案完成
[2026-05-12 09:00:01] 開始轉換時間範圍: 2026-05-12 08:00:00 到 2026-05-12 08:59:59
[2026-05-12 09:00:01] ℹ su_web 該時段內無資料變動，未生成有效 SQL。
[2026-05-12 09:00:01] ℹ sm_m2 該時段內無資料變動，未生成有效 SQL。
[2026-05-12 09:00:01] ℹ 備份檔案完成
[2026-05-12 09:30:02] 開始轉換時間範圍: 2026-05-12 08:00:00 到 2026-05-12 08:59:59
[2026-05-12 09:30:02] ℹ su_web 該時段內無資料變動，未生成有效 SQL。
[2026-05-12 09:30:02] ℹ sm_m2 該時段內無資料變動，未生成有效 SQL。
[2026-05-12 09:30:02] ℹ 備份檔案完成
[2026-05-12 10:00:01] 開始轉換時間範圍: 2026-05-12 09:00:00 到 2026-05-12 09:59:59
[2026-05-12 10:00:01] ℹ su_web 該時段內無資料變動，未生成有效 SQL。
[2026-05-12 10:00:01] ℹ sm_m2 該時段內無資料變動，未生成有效 SQL。
[2026-05-12 10:00:01] ℹ 備份檔案完成
[2026-05-12 10:30:01] 開始轉換時間範圍: 2026-05-12 09:00:00 到 2026-05-12 09:59:59
[2026-05-12 10:30:01] ℹ su_web 該時段內無資料變動，未生成有效 SQL。
[2026-05-12 10:30:01] ℹ sm_m2 該時段內無資料變動，未生成有效 SQL。
[2026-05-12 10:30:01] ℹ 備份檔案完成
[2026-05-12 11:00:01] 開始轉換時間範圍: 2026-05-12 10:00:00 到 2026-05-12 10:59:59
[2026-05-12 11:00:01] ℹ su_web 該時段內無資料變動，未生成有效 SQL。
[2026-05-12 11:00:01] ℹ sm_m2 該時段內無資料變動，未生成有效 SQL。
[2026-05-12 11:00:01] ℹ 備份檔案完成
[2026-05-12 11:30:02] 開始轉換時間範圍: 2026-05-12 10:00:00 到 2026-05-12 10:59:59
[2026-05-12 11:30:02] ℹ su_web 該時段內無資料變動，未生成有效 SQL。
[2026-05-12 11:30:02] ℹ sm_m2 該時段內無資料變動，未生成有效 SQL。
[2026-05-12 11:30:02] ℹ 備份檔案完成
[2026-05-12 12:00:01] 開始轉換時間範圍: 2026-05-12 11:00:00 到 2026-05-12 11:59:59
[2026-05-12 12:00:01] ℹ su_web 該時段內無資料變動，未生成有效 SQL。
[2026-05-12 12:00:01] ℹ sm_m2 該時段內無資料變動，未生成有效 SQL。
[2026-05-12 12:00:01] ℹ 備份檔案完成
[2026-05-12 12:30:01] 開始轉換時間範圍: 2026-05-12 11:00:00 到 2026-05-12 11:59:59
[2026-05-12 12:30:01] ℹ su_web 該時段內無資料變動，未生成有效 SQL。
[2026-05-12 12:30:01] ℹ sm_m2 該時段內無資料變動，未生成有效 SQL。
[2026-05-12 12:30:02] ℹ 備份檔案完成
[2026-05-12 13:00:01] 開始轉換時間範圍: 2026-05-12 12:00:00 到 2026-05-12 12:59:59
[2026-05-12 13:00:01] ℹ su_web 該時段內無資料變動，未生成有效 SQL。
[2026-05-12 13:00:01] ℹ sm_m2 該時段內無資料變動，未生成有效 SQL。
[2026-05-12 13:00:01] ℹ 備份檔案完成
[2026-05-12 13:30:01] 開始轉換時間範圍: 2026-05-12 12:00:00 到 2026-05-12 12:59:59
[2026-05-12 13:30:01] ℹ su_web 該時段內無資料變動，未生成有效 SQL。
[2026-05-12 13:30:01] ℹ sm_m2 該時段內無資料變動，未生成有效 SQL。
[2026-05-12 13:30:01] ℹ 備份檔案完成
[2026-05-12 14:00:02] 開始轉換時間範圍: 2026-05-12 13:00:00 到 2026-05-12 13:59:59
[2026-05-12 14:00:02] ℹ su_web 該時段內無資料變動，未生成有效 SQL。
[2026-05-12 14:00:02] ℹ sm_m2 該時段內無資料變動，未生成有效 SQL。
[2026-05-12 14:00:02] ℹ 備份檔案完成
[2026-05-12 14:30:01] 開始轉換時間範圍: 2026-05-12 13:00:00 到 2026-05-12 13:59:59
[2026-05-12 14:30:01] ℹ su_web 該時段內無資料變動，未生成有效 SQL。
[2026-05-12 14:30:02] ℹ sm_m2 該時段內無資料變動，未生成有效 SQL。
[2026-05-12 14:30:02] ℹ 備份檔案完成
[2026-05-12 15:00:01] 開始轉換時間範圍: 2026-05-12 14:00:00 到 2026-05-12 14:59:59
[2026-05-12 15:00:01] ℹ su_web 該時段內無資料變動，未生成有效 SQL。
[2026-05-12 15:00:01] ℹ sm_m2 該時段內無資料變動，未生成有效 SQL。
[2026-05-12 15:00:01] ℹ 備份檔案完成
[2026-05-12 15:30:01] 開始轉換時間範圍: 2026-05-12 14:00:00 到 2026-05-12 14:59:59
[2026-05-12 15:30:02] ℹ su_web 該時段內無資料變動，未生成有效 SQL。
[2026-05-12 15:30:02] ℹ sm_m2 該時段內無資料變動，未生成有效 SQL。
[2026-05-12 15:30:02] ℹ 備份檔案完成
[2026-05-12 16:00:01] 開始轉換時間範圍: 2026-05-12 15:00:00 到 2026-05-12 15:59:59
[2026-05-12 16:00:02] ℹ su_web 該時段內無資料變動，未生成有效 SQL。
[2026-05-12 16:00:02] ℹ sm_m2 該時段內無資料變動，未生成有效 SQL。
[2026-05-12 16:00:02] ℹ 備份檔案完成
[2026-05-12 16:30:01] 開始轉換時間範圍: 2026-05-12 15:00:00 到 2026-05-12 15:59:59
[2026-05-12 16:30:01] ℹ su_web 該時段內無資料變動，未生成有效 SQL。
[2026-05-12 16:30:01] ℹ sm_m2 該時段內無資料變動，未生成有效 SQL。
[2026-05-12 16:30:01] ℹ 備份檔案完成
[2026-05-12 17:00:01] 開始轉換時間範圍: 2026-05-12 16:00:00 到 2026-05-12 16:59:59
[2026-05-12 17:00:01] ℹ su_web 該時段內無資料變動，未生成有效 SQL。
[2026-05-12 17:00:01] ℹ sm_m2 該時段內無資料變動，未生成有效 SQL。
[2026-05-12 17:00:01] ℹ 備份檔案完成
[2026-05-12 17:30:01] 開始轉換時間範圍: 2026-05-12 16:00:00 到 2026-05-12 16:59:59
[2026-05-12 17:30:02] ℹ su_web 該時段內無資料變動，未生成有效 SQL。
[2026-05-12 17:30:02] ℹ sm_m2 該時段內無資料變動，未生成有效 SQL。
[2026-05-12 17:30:02] ℹ 備份檔案完成
[2026-05-12 18:00:02] 開始轉換時間範圍: 2026-05-12 17:00:00 到 2026-05-12 17:59:59
[2026-05-12 18:00:02] ℹ su_web 該時段內無資料變動，未生成有效 SQL。
[2026-05-12 18:00:02] ℹ sm_m2 該時段內無資料變動，未生成有效 SQL。
[2026-05-12 18:00:02] ℹ 備份檔案完成
[2026-05-12 18:30:01] 開始轉換時間範圍: 2026-05-12 17:00:00 到 2026-05-12 17:59:59
[2026-05-12 18:30:01] ℹ su_web 該時段內無資料變動，未生成有效 SQL。
[2026-05-12 18:30:01] ℹ sm_m2 該時段內無資料變動，未生成有效 SQL。
[2026-05-12 18:30:01] ℹ 備份檔案完成
[2026-05-12 19:00:01] 開始轉換時間範圍: 2026-05-12 18:00:00 到 2026-05-12 18:59:59
[2026-05-12 19:00:01] ℹ su_web 該時段內無資料變動，未生成有效 SQL。
[2026-05-12 19:00:01] ℹ sm_m2 該時段內無資料變動，未生成有效 SQL。
[2026-05-12 19:00:01] ℹ 備份檔案完成
[2026-05-12 19:30:01] 開始轉換時間範圍: 2026-05-12 18:00:00 到 2026-05-12 18:59:59
[2026-05-12 19:30:01] ℹ su_web 該時段內無資料變動，未生成有效 SQL。
[2026-05-12 19:30:01] ℹ sm_m2 該時段內無資料變動，未生成有效 SQL。
[2026-05-12 19:30:01] ℹ 備份檔案完成
[2026-05-12 20:00:01] 開始轉換時間範圍: 2026-05-12 19:00:00 到 2026-05-12 19:59:59
[2026-05-12 20:00:01] ℹ su_web 該時段內無資料變動，未生成有效 SQL。
[2026-05-12 20:00:01] ℹ sm_m2 該時段內無資料變動，未生成有效 SQL。
[2026-05-12 20:00:01] ℹ 備份檔案完成
[2026-05-12 20:30:02] 開始轉換時間範圍: 2026-05-12 19:00:00 到 2026-05-12 19:59:59
[2026-05-12 20:30:02] ℹ su_web 該時段內無資料變動，未生成有效 SQL。
[2026-05-12 20:30:02] ℹ sm_m2 該時段內無資料變動，未生成有效 SQL。
[2026-05-12 20:30:02] ℹ 備份檔案完成
[2026-05-12 21:00:01] 開始轉換時間範圍: 2026-05-12 20:00:00 到 2026-05-12 20:59:59
[2026-05-12 21:00:01] ℹ su_web 該時段內無資料變動，未生成有效 SQL。
[2026-05-12 21:00:01] ℹ sm_m2 該時段內無資料變動，未生成有效 SQL。
[2026-05-12 21:00:01] ℹ 備份檔案完成
[2026-05-12 21:30:01] 開始轉換時間範圍: 2026-05-12 20:00:00 到 2026-05-12 20:59:59
[2026-05-12 21:30:01] ℹ su_web 該時段內無資料變動，未生成有效 SQL。
[2026-05-12 21:30:01] ℹ sm_m2 該時段內無資料變動，未生成有效 SQL。
[2026-05-12 21:30:01] ℹ 備份檔案完成
[2026-05-12 22:00:01] 開始轉換時間範圍: 2026-05-12 21:00:00 到 2026-05-12 21:59:59
[2026-05-12 22:00:02] ℹ su_web 該時段內無資料變動，未生成有效 SQL。
[2026-05-12 22:00:02] ℹ sm_m2 該時段內無資料變動，未生成有效 SQL。
[2026-05-12 22:00:02] ℹ 備份檔案完成
[2026-05-12 22:30:01] 開始轉換時間範圍: 2026-05-12 21:00:00 到 2026-05-12 21:59:59
[2026-05-12 22:30:01] ℹ su_web 該時段內無資料變動，未生成有效 SQL。
[2026-05-12 22:30:01] ℹ sm_m2 該時段內無資料變動，未生成有效 SQL。
[2026-05-12 22:30:02] ℹ 備份檔案完成
[2026-05-12 23:00:01] 開始轉換時間範圍: 2026-05-12 22:00:00 到 2026-05-12 22:59:59
[2026-05-12 23:00:01] ℹ su_web 該時段內無資料變動，未生成有效 SQL。
[2026-05-12 23:00:01] ℹ sm_m2 該時段內無資料變動，未生成有效 SQL。
[2026-05-12 23:00:01] ℹ 備份檔案完成
[2026-05-12 23:30:01] 開始轉換時間範圍: 2026-05-12 22:00:00 到 2026-05-12 22:59:59
[2026-05-12 23:30:01] ℹ su_web 該時段內無資料變動，未生成有效 SQL。
[2026-05-12 23:30:01] ℹ sm_m2 該時段內無資料變動，未生成有效 SQL。
[2026-05-12 23:30:01] ℹ 備份檔案完成
[2026-05-13 00:00:01] 開始轉換時間範圍: 2026-05-12 23:00:00 到 2026-05-12 23:59:59
[2026-05-13 00:00:01] ℹ su_web 該時段內無資料變動，未生成有效 SQL。
[2026-05-13 00:00:02] ℹ sm_m2 該時段內無資料變動，未生成有效 SQL。
[2026-05-13 00:00:02] ℹ 備份檔案完成
[2026-05-13 00:30:01] 開始轉換時間範圍: 2026-05-12 23:00:00 到 2026-05-12 23:59:59
[2026-05-13 00:30:01] ℹ su_web 該時段內無資料變動，未生成有效 SQL。
[2026-05-13 00:30:01] ℹ sm_m2 該時段內無資料變動，未生成有效 SQL。
[2026-05-13 00:30:01] ℹ 備份檔案完成
[2026-05-13 01:00:01] 開始轉換時間範圍: 2026-05-13 00:00:00 到 2026-05-13 00:59:59
[2026-05-13 01:00:01] ℹ su_web 該時段內無資料變動，未生成有效 SQL。
[2026-05-13 01:00:01] ℹ sm_m2 該時段內無資料變動，未生成有效 SQL。
[2026-05-13 01:00:01] ℹ 備份檔案完成
[2026-05-13 01:30:01] 開始轉換時間範圍: 2026-05-13 00:00:00 到 2026-05-13 00:59:59
[2026-05-13 01:30:01] ℹ su_web 該時段內無資料變動，未生成有效 SQL。
[2026-05-13 01:30:01] ℹ sm_m2 該時段內無資料變動，未生成有效 SQL。
[2026-05-13 01:30:01] ℹ 備份檔案完成
[2026-05-13 02:00:01] 開始轉換時間範圍: 2026-05-13 01:00:00 到 2026-05-13 01:59:59
[2026-05-13 02:00:01] ℹ su_web 該時段內無資料變動，未生成有效 SQL。
[2026-05-13 02:00:01] ℹ sm_m2 該時段內無資料變動，未生成有效 SQL。
[2026-05-13 02:00:02] ℹ 備份檔案完成
[2026-05-13 02:30:01] 開始轉換時間範圍: 2026-05-13 01:00:00 到 2026-05-13 01:59:59
[2026-05-13 02:30:01] ℹ su_web 該時段內無資料變動，未生成有效 SQL。
[2026-05-13 02:30:01] ℹ sm_m2 該時段內無資料變動，未生成有效 SQL。
[2026-05-13 02:30:02] ℹ 備份檔案完成
[2026-05-13 03:00:01] 開始轉換時間範圍: 2026-05-13 02:00:00 到 2026-05-13 02:59:59
[2026-05-13 03:00:01] ℹ su_web 該時段內無資料變動，未生成有效 SQL。
[2026-05-13 03:00:01] ℹ sm_m2 該時段內無資料變動，未生成有效 SQL。
[2026-05-13 03:00:01] ℹ 備份檔案完成
[2026-05-13 03:30:01] 開始轉換時間範圍: 2026-05-13 02:00:00 到 2026-05-13 02:59:59
[2026-05-13 03:30:01] ℹ su_web 該時段內無資料變動，未生成有效 SQL。
[2026-05-13 03:30:01] ℹ sm_m2 該時段內無資料變動，未生成有效 SQL。
[2026-05-13 03:30:02] ℹ 備份檔案完成
[2026-05-13 04:00:01] 開始轉換時間範圍: 2026-05-13 03:00:00 到 2026-05-13 03:59:59
[2026-05-13 04:00:01] ℹ su_web 該時段內無資料變動，未生成有效 SQL。
[2026-05-13 04:00:01] ℹ sm_m2 該時段內無資料變動，未生成有效 SQL。
[2026-05-13 04:00:01] ℹ 備份檔案完成
[2026-05-13 04:30:01] 開始轉換時間範圍: 2026-05-13 03:00:00 到 2026-05-13 03:59:59
[2026-05-13 04:30:02] ℹ su_web 該時段內無資料變動，未生成有效 SQL。
[2026-05-13 04:30:02] ℹ sm_m2 該時段內無資料變動，未生成有效 SQL。
[2026-05-13 04:30:02] ℹ 備份檔案完成
[2026-05-13 05:00:01] 開始轉換時間範圍: 2026-05-13 04:00:00 到 2026-05-13 04:59:59
[2026-05-13 05:00:01] ℹ su_web 該時段內無資料變動，未生成有效 SQL。
[2026-05-13 05:00:01] ℹ sm_m2 該時段內無資料變動，未生成有效 SQL。
[2026-05-13 05:00:01] ℹ 備份檔案完成
[2026-05-13 05:30:01] 開始轉換時間範圍: 2026-05-13 04:00:00 到 2026-05-13 04:59:59
[2026-05-13 05:30:01] ℹ su_web 該時段內無資料變動，未生成有效 SQL。
[2026-05-13 05:30:01] ℹ sm_m2 該時段內無資料變動，未生成有效 SQL。
[2026-05-13 05:30:01] ℹ 備份檔案完成
[2026-05-13 06:00:01] 開始轉換時間範圍: 2026-05-13 05:00:00 到 2026-05-13 05:59:59
[2026-05-13 06:00:01] ℹ su_web 該時段內無資料變動，未生成有效 SQL。
[2026-05-13 06:00:01] ℹ sm_m2 該時段內無資料變動，未生成有效 SQL。
[2026-05-13 06:00:01] ℹ 備份檔案完成
[2026-05-13 06:30:01] 開始轉換時間範圍: 2026-05-13 05:00:00 到 2026-05-13 05:59:59
[2026-05-13 06:30:01] ℹ su_web 該時段內無資料變動，未生成有效 SQL。
[2026-05-13 06:30:01] ℹ sm_m2 該時段內無資料變動，未生成有效 SQL。
[2026-05-13 06:30:02] ℹ 備份檔案完成
[2026-05-13 07:00:01] 開始轉換時間範圍: 2026-05-13 06:00:00 到 2026-05-13 06:59:59
[2026-05-13 07:00:01] ℹ su_web 該時段內無資料變動，未生成有效 SQL。
[2026-05-13 07:00:02] ℹ sm_m2 該時段內無資料變動，未生成有效 SQL。
[2026-05-13 07:00:02] ℹ 備份檔案完成
[2026-05-13 07:30:01] 開始轉換時間範圍: 2026-05-13 06:00:00 到 2026-05-13 06:59:59
[2026-05-13 07:30:01] ℹ su_web 該時段內無資料變動，未生成有效 SQL。
[2026-05-13 07:30:01] ℹ sm_m2 該時段內無資料變動，未生成有效 SQL。
[2026-05-13 07:30:01] ℹ 備份檔案完成
[2026-05-13 08:00:02] 開始轉換時間範圍: 2026-05-13 07:00:00 到 2026-05-13 07:59:59
[2026-05-13 08:00:02] ℹ su_web 該時段內無資料變動，未生成有效 SQL。
[2026-05-13 08:00:02] ℹ sm_m2 該時段內無資料變動，未生成有效 SQL。
[2026-05-13 08:00:02] ℹ 備份檔案完成
[2026-05-13 08:30:01] 開始轉換時間範圍: 2026-05-13 07:00:00 到 2026-05-13 07:59:59
[2026-05-13 08:30:01] ℹ su_web 該時段內無資料變動，未生成有效 SQL。
[2026-05-13 08:30:01] ℹ sm_m2 該時段內無資料變動，未生成有效 SQL。
[2026-05-13 08:30:02] ℹ 備份檔案完成
[2026-05-13 09:00:01] 開始轉換時間範圍: 2026-05-13 08:00:00 到 2026-05-13 08:59:59
[2026-05-13 09:00:01] ℹ su_web 該時段內無資料變動，未生成有效 SQL。
[2026-05-13 09:00:01] ℹ sm_m2 該時段內無資料變動，未生成有效 SQL。
[2026-05-13 09:00:01] ℹ 備份檔案完成
[2026-05-13 09:30:01] 開始轉換時間範圍: 2026-05-13 08:00:00 到 2026-05-13 08:59:59
[2026-05-13 09:30:01] ℹ su_web 該時段內無資料變動，未生成有效 SQL。
[2026-05-13 09:30:01] ℹ sm_m2 該時段內無資料變動，未生成有效 SQL。
[2026-05-13 09:30:01] ℹ 備份檔案完成
[2026-05-13 10:00:01] 開始轉換時間範圍: 2026-05-13 09:00:00 到 2026-05-13 09:59:59
[2026-05-13 10:00:01] ℹ su_web 該時段內無資料變動，未生成有效 SQL。
[2026-05-13 10:00:01] ℹ sm_m2 該時段內無資料變動，未生成有效 SQL。
[2026-05-13 10:00:01] ℹ 備份檔案完成
[2026-05-13 10:30:01] 開始轉換時間範圍: 2026-05-13 09:00:00 到 2026-05-13 09:59:59
[2026-05-13 10:30:01] ℹ su_web 該時段內無資料變動，未生成有效 SQL。
[2026-05-13 10:30:01] ℹ sm_m2 該時段內無資料變動，未生成有效 SQL。
[2026-05-13 10:30:01] ℹ 備份檔案完成
[2026-05-13 11:00:01] 開始轉換時間範圍: 2026-05-13 10:00:00 到 2026-05-13 10:59:59
[2026-05-13 11:00:01] ℹ su_web 該時段內無資料變動，未生成有效 SQL。
[2026-05-13 11:00:01] ℹ sm_m2 該時段內無資料變動，未生成有效 SQL。
[2026-05-13 11:00:02] ℹ 備份檔案完成
[2026-05-13 11:30:01] 開始轉換時間範圍: 2026-05-13 10:00:00 到 2026-05-13 10:59:59
[2026-05-13 11:30:01] ℹ su_web 該時段內無資料變動，未生成有效 SQL。
[2026-05-13 11:30:01] ℹ sm_m2 該時段內無資料變動，未生成有效 SQL。
[2026-05-13 11:30:01] ℹ 備份檔案完成
[2026-05-13 12:00:02] 開始轉換時間範圍: 2026-05-13 11:00:00 到 2026-05-13 11:59:59
[2026-05-13 12:00:02] ℹ su_web 該時段內無資料變動，未生成有效 SQL。
[2026-05-13 12:00:02] ℹ sm_m2 該時段內無資料變動，未生成有效 SQL。
[2026-05-13 12:00:02] ℹ 備份檔案完成
[2026-05-13 12:30:02] 開始轉換時間範圍: 2026-05-13 11:00:00 到 2026-05-13 11:59:59
[2026-05-13 12:30:02] ℹ su_web 該時段內無資料變動，未生成有效 SQL。
[2026-05-13 12:30:02] ℹ sm_m2 該時段內無資料變動，未生成有效 SQL。
[2026-05-13 12:30:02] ℹ 備份檔案完成
[2026-05-13 13:00:01] 開始轉換時間範圍: 2026-05-13 12:00:00 到 2026-05-13 12:59:59
[2026-05-13 13:00:01] ℹ su_web 該時段內無資料變動，未生成有效 SQL。
[2026-05-13 13:00:01] ℹ sm_m2 該時段內無資料變動，未生成有效 SQL。
[2026-05-13 13:00:01] ℹ 備份檔案完成
[2026-05-13 13:30:01] 開始轉換時間範圍: 2026-05-13 12:00:00 到 2026-05-13 12:59:59
[2026-05-13 13:30:01] ℹ su_web 該時段內無資料變動，未生成有效 SQL。
[2026-05-13 13:30:01] ℹ sm_m2 該時段內無資料變動，未生成有效 SQL。
[2026-05-13 13:30:01] ℹ 備份檔案完成
[2026-05-13 14:00:01] 開始轉換時間範圍: 2026-05-13 13:00:00 到 2026-05-13 13:59:59
[2026-05-13 14:00:01] ℹ su_web 該時段內無資料變動，未生成有效 SQL。
[2026-05-13 14:00:01] ℹ sm_m2 該時段內無資料變動，未生成有效 SQL。
[2026-05-13 14:00:01] ℹ 備份檔案完成
[2026-05-13 14:30:01] 開始轉換時間範圍: 2026-05-13 13:00:00 到 2026-05-13 13:59:59
[2026-05-13 14:30:01] ℹ su_web 該時段內無資料變動，未生成有效 SQL。
[2026-05-13 14:30:01] ℹ sm_m2 該時段內無資料變動，未生成有效 SQL。
[2026-05-13 14:30:01] ℹ 備份檔案完成
[2026-05-13 15:00:01] 開始轉換時間範圍: 2026-05-13 14:00:00 到 2026-05-13 14:59:59
[2026-05-13 15:00:01] ✓ su_web 完成: /mnt/web/www/hksu/.db/files/2026/05/13/20260513_14_Backup_su_web.sql.zip
[2026-05-13 15:00:01] ℹ sm_m2 該時段內無資料變動，未生成有效 SQL。
[2026-05-13 15:00:01] ℹ 備份檔案，提交 Git 。
[2026-05-13 15:00:01] ℹ 備份檔案，add . 完成。
[2026-05-13 15:00:02] ℹ 備份檔案，commit -m backup 20260513_14 完成。
[2026-05-13 15:00:02] ℹ 備份檔案，開始 push。
[2026-05-13 15:00:04] ℹ 備份檔案完成
[2026-05-13 15:30:01] 開始轉換時間範圍: 2026-05-13 14:00:00 到 2026-05-13 14:59:59
[2026-05-13 15:30:02] ✓ su_web 完成: /mnt/web/www/hksu/.db/files/2026/05/13/20260513_14_Backup_su_web.sql.zip
[2026-05-13 15:30:02] ℹ sm_m2 該時段內無資料變動，未生成有效 SQL。
[2026-05-13 15:30:02] ℹ 備份檔案，提交 Git 。
[2026-05-13 15:30:02] ℹ 備份檔案，add . 完成。
[2026-05-13 15:30:02] ℹ 備份檔案，commit -m backup 20260513_14 完成。
[2026-05-13 15:30:02] ℹ 備份檔案，開始 push。
[2026-05-13 15:30:04] ℹ 備份檔案完成
[2026-05-13 16:00:01] 開始轉換時間範圍: 2026-05-13 15:00:00 到 2026-05-13 15:59:59
[2026-05-13 16:00:01] ℹ su_web 該時段內無資料變動，未生成有效 SQL。
[2026-05-13 16:00:01] ℹ sm_m2 該時段內無資料變動，未生成有效 SQL。
[2026-05-13 16:00:01] ℹ 備份檔案完成
[2026-05-13 16:30:01] 開始轉換時間範圍: 2026-05-13 15:00:00 到 2026-05-13 15:59:59
[2026-05-13 16:30:01] ℹ su_web 該時段內無資料變動，未生成有效 SQL。
[2026-05-13 16:30:01] ℹ sm_m2 該時段內無資料變動，未生成有效 SQL。
[2026-05-13 16:30:01] ℹ 備份檔案完成
[2026-05-13 17:00:01] 開始轉換時間範圍: 2026-05-13 16:00:00 到 2026-05-13 16:59:59
[2026-05-13 17:00:01] ℹ su_web 該時段內無資料變動，未生成有效 SQL。
[2026-05-13 17:00:01] ℹ sm_m2 該時段內無資料變動，未生成有效 SQL。
[2026-05-13 17:00:01] ℹ 備份檔案完成
[2026-05-13 17:30:02] 開始轉換時間範圍: 2026-05-13 16:00:00 到 2026-05-13 16:59:59
[2026-05-13 17:30:02] ℹ su_web 該時段內無資料變動，未生成有效 SQL。
[2026-05-13 17:30:02] ℹ sm_m2 該時段內無資料變動，未生成有效 SQL。
[2026-05-13 17:30:02] ℹ 備份檔案完成
[2026-05-13 18:00:01] 開始轉換時間範圍: 2026-05-13 17:00:00 到 2026-05-13 17:59:59
[2026-05-13 18:00:02] ℹ su_web 該時段內無資料變動，未生成有效 SQL。
[2026-05-13 18:00:02] ℹ sm_m2 該時段內無資料變動，未生成有效 SQL。
[2026-05-13 18:00:02] ℹ 備份檔案完成
[2026-05-13 18:30:01] 開始轉換時間範圍: 2026-05-13 17:00:00 到 2026-05-13 17:59:59
[2026-05-13 18:30:01] ℹ su_web 該時段內無資料變動，未生成有效 SQL。
[2026-05-13 18:30:01] ℹ sm_m2 該時段內無資料變動，未生成有效 SQL。
[2026-05-13 18:30:01] ℹ 備份檔案完成
[2026-05-13 19:00:01] 開始轉換時間範圍: 2026-05-13 18:00:00 到 2026-05-13 18:59:59
[2026-05-13 19:00:01] ℹ su_web 該時段內無資料變動，未生成有效 SQL。
[2026-05-13 19:00:01] ℹ sm_m2 該時段內無資料變動，未生成有效 SQL。
[2026-05-13 19:00:01] ℹ 備份檔案完成
[2026-05-13 19:30:01] 開始轉換時間範圍: 2026-05-13 18:00:00 到 2026-05-13 18:59:59
[2026-05-13 19:30:01] ℹ su_web 該時段內無資料變動，未生成有效 SQL。
[2026-05-13 19:30:01] ℹ sm_m2 該時段內無資料變動，未生成有效 SQL。
[2026-05-13 19:30:01] ℹ 備份檔案完成
[2026-05-13 20:00:02] 開始轉換時間範圍: 2026-05-13 19:00:00 到 2026-05-13 19:59:59
[2026-05-13 20:00:02] ℹ su_web 該時段內無資料變動，未生成有效 SQL。
[2026-05-13 20:00:02] ℹ sm_m2 該時段內無資料變動，未生成有效 SQL。
[2026-05-13 20:00:02] ℹ 備份檔案完成
[2026-05-13 20:30:01] 開始轉換時間範圍: 2026-05-13 19:00:00 到 2026-05-13 19:59:59
[2026-05-13 20:30:01] ℹ su_web 該時段內無資料變動，未生成有效 SQL。
[2026-05-13 20:30:02] ℹ sm_m2 該時段內無資料變動，未生成有效 SQL。
[2026-05-13 20:30:02] ℹ 備份檔案完成
[2026-05-13 21:00:01] 開始轉換時間範圍: 2026-05-13 20:00:00 到 2026-05-13 20:59:59
[2026-05-13 21:00:01] ℹ su_web 該時段內無資料變動，未生成有效 SQL。
[2026-05-13 21:00:01] ℹ sm_m2 該時段內無資料變動，未生成有效 SQL。
[2026-05-13 21:00:01] ℹ 備份檔案完成
[2026-05-13 21:30:01] 開始轉換時間範圍: 2026-05-13 20:00:00 到 2026-05-13 20:59:59
[2026-05-13 21:30:02] ℹ su_web 該時段內無資料變動，未生成有效 SQL。
[2026-05-13 21:30:02] ℹ sm_m2 該時段內無資料變動，未生成有效 SQL。
[2026-05-13 21:30:02] ℹ 備份檔案完成
[2026-05-13 22:00:01] 開始轉換時間範圍: 2026-05-13 21:00:00 到 2026-05-13 21:59:59
[2026-05-13 22:00:01] ℹ su_web 該時段內無資料變動，未生成有效 SQL。
[2026-05-13 22:00:01] ℹ sm_m2 該時段內無資料變動，未生成有效 SQL。
[2026-05-13 22:00:01] ℹ 備份檔案完成
[2026-05-13 22:30:02] 開始轉換時間範圍: 2026-05-13 21:00:00 到 2026-05-13 21:59:59
[2026-05-13 22:30:02] ℹ su_web 該時段內無資料變動，未生成有效 SQL。
[2026-05-13 22:30:02] ℹ sm_m2 該時段內無資料變動，未生成有效 SQL。
[2026-05-13 22:30:02] ℹ 備份檔案完成
[2026-05-13 23:00:01] 開始轉換時間範圍: 2026-05-13 22:00:00 到 2026-05-13 22:59:59
[2026-05-13 23:00:01] ℹ su_web 該時段內無資料變動，未生成有效 SQL。
[2026-05-13 23:00:01] ℹ sm_m2 該時段內無資料變動，未生成有效 SQL。
[2026-05-13 23:00:01] ℹ 備份檔案完成
[2026-05-13 23:30:01] 開始轉換時間範圍: 2026-05-13 22:00:00 到 2026-05-13 22:59:59
[2026-05-13 23:30:01] ℹ su_web 該時段內無資料變動，未生成有效 SQL。
[2026-05-13 23:30:01] ℹ sm_m2 該時段內無資料變動，未生成有效 SQL。
[2026-05-13 23:30:01] ℹ 備份檔案完成
[2026-05-14 00:00:01] 開始轉換時間範圍: 2026-05-13 23:00:00 到 2026-05-13 23:59:59
[2026-05-14 00:00:01] ℹ su_web 該時段內無資料變動，未生成有效 SQL。
[2026-05-14 00:00:01] ℹ sm_m2 該時段內無資料變動，未生成有效 SQL。
[2026-05-14 00:00:01] ℹ 備份檔案完成
[2026-05-14 00:30:02] 開始轉換時間範圍: 2026-05-13 23:00:00 到 2026-05-13 23:59:59
[2026-05-14 00:30:02] ℹ su_web 該時段內無資料變動，未生成有效 SQL。
[2026-05-14 00:30:02] ℹ sm_m2 該時段內無資料變動，未生成有效 SQL。
[2026-05-14 00:30:02] ℹ 備份檔案完成
[2026-05-14 01:00:02] 開始轉換時間範圍: 2026-05-14 00:00:00 到 2026-05-14 00:59:59
[2026-05-14 01:00:02] ℹ su_web 該時段內無資料變動，未生成有效 SQL。
[2026-05-14 01:00:02] ℹ sm_m2 該時段內無資料變動，未生成有效 SQL。
[2026-05-14 01:00:02] ℹ 備份檔案完成
[2026-05-14 01:30:01] 開始轉換時間範圍: 2026-05-14 00:00:00 到 2026-05-14 00:59:59
[2026-05-14 01:30:01] ℹ su_web 該時段內無資料變動，未生成有效 SQL。
[2026-05-14 01:30:01] ℹ sm_m2 該時段內無資料變動，未生成有效 SQL。
[2026-05-14 01:30:02] ℹ 備份檔案完成
[2026-05-14 02:00:01] 開始轉換時間範圍: 2026-05-14 01:00:00 到 2026-05-14 01:59:59
[2026-05-14 02:00:01] ℹ su_web 該時段內無資料變動，未生成有效 SQL。
[2026-05-14 02:00:01] ℹ sm_m2 該時段內無資料變動，未生成有效 SQL。
[2026-05-14 02:00:01] ℹ 備份檔案完成
[2026-05-14 02:30:01] 開始轉換時間範圍: 2026-05-14 01:00:00 到 2026-05-14 01:59:59
[2026-05-14 02:30:01] ℹ su_web 該時段內無資料變動，未生成有效 SQL。
[2026-05-14 02:30:01] ℹ sm_m2 該時段內無資料變動，未生成有效 SQL。
[2026-05-14 02:30:01] ℹ 備份檔案完成
[2026-05-14 03:00:01] 開始轉換時間範圍: 2026-05-14 02:00:00 到 2026-05-14 02:59:59
[2026-05-14 03:00:01] ℹ su_web 該時段內無資料變動，未生成有效 SQL。
[2026-05-14 03:00:01] ℹ sm_m2 該時段內無資料變動，未生成有效 SQL。
[2026-05-14 03:00:01] ℹ 備份檔案完成
[2026-05-14 03:30:01] 開始轉換時間範圍: 2026-05-14 02:00:00 到 2026-05-14 02:59:59
[2026-05-14 03:30:02] ℹ su_web 該時段內無資料變動，未生成有效 SQL。
[2026-05-14 03:30:02] ℹ sm_m2 該時段內無資料變動，未生成有效 SQL。
[2026-05-14 03:30:02] ℹ 備份檔案完成
[2026-05-14 04:00:01] 開始轉換時間範圍: 2026-05-14 03:00:00 到 2026-05-14 03:59:59
[2026-05-14 04:00:02] ℹ su_web 該時段內無資料變動，未生成有效 SQL。
[2026-05-14 04:00:02] ℹ sm_m2 該時段內無資料變動，未生成有效 SQL。
[2026-05-14 04:00:02] ℹ 備份檔案完成
[2026-05-14 04:30:01] 開始轉換時間範圍: 2026-05-14 03:00:00 到 2026-05-14 03:59:59
[2026-05-14 04:30:01] ℹ su_web 該時段內無資料變動，未生成有效 SQL。
[2026-05-14 04:30:01] ℹ sm_m2 該時段內無資料變動，未生成有效 SQL。
[2026-05-14 04:30:01] ℹ 備份檔案完成
[2026-05-14 05:00:01] 開始轉換時間範圍: 2026-05-14 04:00:00 到 2026-05-14 04:59:59
[2026-05-14 05:00:01] ℹ su_web 該時段內無資料變動，未生成有效 SQL。
[2026-05-14 05:00:01] ℹ sm_m2 該時段內無資料變動，未生成有效 SQL。
[2026-05-14 05:00:01] ℹ 備份檔案完成
[2026-05-14 05:30:01] 開始轉換時間範圍: 2026-05-14 04:00:00 到 2026-05-14 04:59:59
[2026-05-14 05:30:01] ℹ su_web 該時段內無資料變動，未生成有效 SQL。
[2026-05-14 05:30:01] ℹ sm_m2 該時段內無資料變動，未生成有效 SQL。
[2026-05-14 05:30:02] ℹ 備份檔案完成
[2026-05-14 06:00:01] 開始轉換時間範圍: 2026-05-14 05:00:00 到 2026-05-14 05:59:59
[2026-05-14 06:00:01] ℹ su_web 該時段內無資料變動，未生成有效 SQL。
[2026-05-14 06:00:02] ℹ sm_m2 該時段內無資料變動，未生成有效 SQL。
[2026-05-14 06:00:02] ℹ 備份檔案完成
[2026-05-14 06:30:01] 開始轉換時間範圍: 2026-05-14 05:00:00 到 2026-05-14 05:59:59
[2026-05-14 06:30:01] ℹ su_web 該時段內無資料變動，未生成有效 SQL。
[2026-05-14 06:30:01] ℹ sm_m2 該時段內無資料變動，未生成有效 SQL。
[2026-05-14 06:30:01] ℹ 備份檔案完成
[2026-05-14 07:00:01] 開始轉換時間範圍: 2026-05-14 06:00:00 到 2026-05-14 06:59:59
[2026-05-14 07:00:01] ℹ su_web 該時段內無資料變動，未生成有效 SQL。
[2026-05-14 07:00:01] ℹ sm_m2 該時段內無資料變動，未生成有效 SQL。
[2026-05-14 07:00:01] ℹ 備份檔案完成
[2026-05-14 07:30:01] 開始轉換時間範圍: 2026-05-14 06:00:00 到 2026-05-14 06:59:59
[2026-05-14 07:30:02] ℹ su_web 該時段內無資料變動，未生成有效 SQL。
[2026-05-14 07:30:02] ℹ sm_m2 該時段內無資料變動，未生成有效 SQL。
[2026-05-14 07:30:02] ℹ 備份檔案完成
[2026-05-14 08:00:02] 開始轉換時間範圍: 2026-05-14 07:00:00 到 2026-05-14 07:59:59
[2026-05-14 08:00:02] ℹ su_web 該時段內無資料變動，未生成有效 SQL。
[2026-05-14 08:00:02] ℹ sm_m2 該時段內無資料變動，未生成有效 SQL。
[2026-05-14 08:00:02] ℹ 備份檔案完成
[2026-05-14 08:30:01] 開始轉換時間範圍: 2026-05-14 07:00:00 到 2026-05-14 07:59:59
[2026-05-14 08:30:01] ℹ su_web 該時段內無資料變動，未生成有效 SQL。
[2026-05-14 08:30:01] ℹ sm_m2 該時段內無資料變動，未生成有效 SQL。
[2026-05-14 08:30:01] ℹ 備份檔案完成
[2026-05-14 09:00:02] 開始轉換時間範圍: 2026-05-14 08:00:00 到 2026-05-14 08:59:59
[2026-05-14 09:00:02] ℹ su_web 該時段內無資料變動，未生成有效 SQL。
[2026-05-14 09:00:02] ℹ sm_m2 該時段內無資料變動，未生成有效 SQL。
[2026-05-14 09:00:02] ℹ 備份檔案完成
[2026-05-14 09:30:01] 開始轉換時間範圍: 2026-05-14 08:00:00 到 2026-05-14 08:59:59
[2026-05-14 09:30:01] ℹ su_web 該時段內無資料變動，未生成有效 SQL。
[2026-05-14 09:30:01] ℹ sm_m2 該時段內無資料變動，未生成有效 SQL。
[2026-05-14 09:30:01] ℹ 備份檔案完成
[2026-05-14 10:00:01] 開始轉換時間範圍: 2026-05-14 09:00:00 到 2026-05-14 09:59:59
[2026-05-14 10:00:01] ℹ su_web 該時段內無資料變動，未生成有效 SQL。
[2026-05-14 10:00:01] ℹ sm_m2 該時段內無資料變動，未生成有效 SQL。
[2026-05-14 10:00:01] ℹ 備份檔案完成
[2026-05-14 10:30:01] 開始轉換時間範圍: 2026-05-14 09:00:00 到 2026-05-14 09:59:59
[2026-05-14 10:30:01] ℹ su_web 該時段內無資料變動，未生成有效 SQL。
[2026-05-14 10:30:01] ℹ sm_m2 該時段內無資料變動，未生成有效 SQL。
[2026-05-14 10:30:01] ℹ 備份檔案完成
[2026-05-14 11:00:01] 開始轉換時間範圍: 2026-05-14 10:00:00 到 2026-05-14 10:59:59
[2026-05-14 11:00:01] ℹ su_web 該時段內無資料變動，未生成有效 SQL。
[2026-05-14 11:00:01] ℹ sm_m2 該時段內無資料變動，未生成有效 SQL。
[2026-05-14 11:00:01] ℹ 備份檔案完成
[2026-05-14 11:30:01] 開始轉換時間範圍: 2026-05-14 10:00:00 到 2026-05-14 10:59:59
[2026-05-14 11:30:01] ℹ su_web 該時段內無資料變動，未生成有效 SQL。
[2026-05-14 11:30:01] ℹ sm_m2 該時段內無資料變動，未生成有效 SQL。
[2026-05-14 11:30:01] ℹ 備份檔案完成
[2026-05-14 12:00:01] 開始轉換時間範圍: 2026-05-14 11:00:00 到 2026-05-14 11:59:59
[2026-05-14 12:00:01] ℹ su_web 該時段內無資料變動，未生成有效 SQL。
[2026-05-14 12:00:01] ℹ sm_m2 該時段內無資料變動，未生成有效 SQL。
[2026-05-14 12:00:01] ℹ 備份檔案完成
[2026-05-14 12:30:01] 開始轉換時間範圍: 2026-05-14 11:00:00 到 2026-05-14 11:59:59
[2026-05-14 12:30:02] ℹ su_web 該時段內無資料變動，未生成有效 SQL。
[2026-05-14 12:30:02] ℹ sm_m2 該時段內無資料變動，未生成有效 SQL。
[2026-05-14 12:30:02] ℹ 備份檔案完成
[2026-05-14 13:00:01] 開始轉換時間範圍: 2026-05-14 12:00:00 到 2026-05-14 12:59:59
[2026-05-14 13:00:01] ℹ su_web 該時段內無資料變動，未生成有效 SQL。
[2026-05-14 13:00:01] ℹ sm_m2 該時段內無資料變動，未生成有效 SQL。
[2026-05-14 13:00:01] ℹ 備份檔案完成
[2026-05-14 13:30:01] 開始轉換時間範圍: 2026-05-14 12:00:00 到 2026-05-14 12:59:59
[2026-05-14 13:30:01] ℹ su_web 該時段內無資料變動，未生成有效 SQL。
[2026-05-14 13:30:01] ℹ sm_m2 該時段內無資料變動，未生成有效 SQL。
[2026-05-14 13:30:01] ℹ 備份檔案完成
[2026-05-14 14:00:01] 開始轉換時間範圍: 2026-05-14 13:00:00 到 2026-05-14 13:59:59
[2026-05-14 14:00:01] ℹ su_web 該時段內無資料變動，未生成有效 SQL。
[2026-05-14 14:00:01] ℹ sm_m2 該時段內無資料變動，未生成有效 SQL。
[2026-05-14 14:00:02] ℹ 備份檔案完成
[2026-05-14 14:30:01] 開始轉換時間範圍: 2026-05-14 13:00:00 到 2026-05-14 13:59:59
[2026-05-14 14:30:01] ℹ su_web 該時段內無資料變動，未生成有效 SQL。
[2026-05-14 14:30:01] ℹ sm_m2 該時段內無資料變動，未生成有效 SQL。
[2026-05-14 14:30:02] ℹ 備份檔案完成
[2026-05-14 15:00:01] 開始轉換時間範圍: 2026-05-14 14:00:00 到 2026-05-14 14:59:59
[2026-05-14 15:00:01] ✓ su_web 完成: /mnt/web/www/hksu/.db/files/2026/05/14/20260514_14_Backup_su_web.sql.zip
[2026-05-14 15:00:01] ℹ sm_m2 該時段內無資料變動，未生成有效 SQL。
[2026-05-14 15:00:01] ℹ 備份檔案，提交 Git 。
[2026-05-14 15:00:02] ℹ 備份檔案，add . 完成。
[2026-05-14 15:00:02] ℹ 備份檔案，commit -m backup 20260514_14 完成。
[2026-05-14 15:00:02] ℹ 備份檔案，開始 push。
[2026-05-14 15:00:04] ℹ 備份檔案完成
[2026-05-14 15:30:01] 開始轉換時間範圍: 2026-05-14 14:00:00 到 2026-05-14 14:59:59
[2026-05-14 15:30:01] ✓ su_web 完成: /mnt/web/www/hksu/.db/files/2026/05/14/20260514_14_Backup_su_web.sql.zip
[2026-05-14 15:30:01] ℹ sm_m2 該時段內無資料變動，未生成有效 SQL。
[2026-05-14 15:30:01] ℹ 備份檔案，提交 Git 。
