[2026-06-01 00:00:02] 開始轉換時間範圍: 2026-05-31 23:00:00 到 2026-05-31 23:59:59
[2026-06-01 00:00:02] ℹ su_web 該時段內無資料變動，未生成有效 SQL。
[2026-06-01 00:00:02] ℹ sm_m2 該時段內無資料變動，未生成有效 SQL。
[2026-06-01 00:00:02] ℹ 備份檔案完成
[2026-06-01 00:30:01] 開始轉換時間範圍: 2026-05-31 23:00:00 到 2026-05-31 23:59:59
[2026-06-01 00:30:01] ℹ su_web 該時段內無資料變動，未生成有效 SQL。
[2026-06-01 00:30:01] ℹ sm_m2 該時段內無資料變動，未生成有效 SQL。
[2026-06-01 00:30:01] ℹ 備份檔案完成
[2026-06-01 01:00:01] 開始轉換時間範圍: 2026-06-01 00:00:00 到 2026-06-01 00:59:59
[2026-06-01 01:00:01] ℹ su_web 該時段內無資料變動，未生成有效 SQL。
[2026-06-01 01:00:01] ℹ sm_m2 該時段內無資料變動，未生成有效 SQL。
[2026-06-01 01:00:01] ℹ 備份檔案完成
[2026-06-01 01:30:02] 開始轉換時間範圍: 2026-06-01 00:00:00 到 2026-06-01 00:59:59
[2026-06-01 01:30:02] ℹ su_web 該時段內無資料變動，未生成有效 SQL。
[2026-06-01 01:30:02] ℹ sm_m2 該時段內無資料變動，未生成有效 SQL。
[2026-06-01 01:30:02] ℹ 備份檔案完成
[2026-06-01 02:00:01] 開始轉換時間範圍: 2026-06-01 01:00:00 到 2026-06-01 01:59:59
[2026-06-01 02:00:01] ℹ su_web 該時段內無資料變動，未生成有效 SQL。
[2026-06-01 02:00:01] ℹ sm_m2 該時段內無資料變動，未生成有效 SQL。
[2026-06-01 02:00:01] ℹ 備份檔案完成
[2026-06-01 02:30:01] 開始轉換時間範圍: 2026-06-01 01:00:00 到 2026-06-01 01:59:59
[2026-06-01 02:30:01] ℹ su_web 該時段內無資料變動，未生成有效 SQL。
[2026-06-01 02:30:01] ℹ sm_m2 該時段內無資料變動，未生成有效 SQL。
[2026-06-01 02:30:01] ℹ 備份檔案完成
[2026-06-01 03:00:01] 開始轉換時間範圍: 2026-06-01 02:00:00 到 2026-06-01 02:59:59
[2026-06-01 03:00:01] ℹ su_web 該時段內無資料變動，未生成有效 SQL。
[2026-06-01 03:00:02] ℹ sm_m2 該時段內無資料變動，未生成有效 SQL。
[2026-06-01 03:00:02] ℹ 備份檔案完成
[2026-06-01 03:30:01] 開始轉換時間範圍: 2026-06-01 02:00:00 到 2026-06-01 02:59:59
[2026-06-01 03:30:01] ℹ su_web 該時段內無資料變動，未生成有效 SQL。
[2026-06-01 03:30:01] ℹ sm_m2 該時段內無資料變動，未生成有效 SQL。
[2026-06-01 03:30:02] ℹ 備份檔案完成
[2026-06-01 04:00:01] 開始轉換時間範圍: 2026-06-01 03:00:00 到 2026-06-01 03:59:59
[2026-06-01 04:00:01] ℹ su_web 該時段內無資料變動，未生成有效 SQL。
[2026-06-01 04:00:01] ℹ sm_m2 該時段內無資料變動，未生成有效 SQL。
[2026-06-01 04:00:01] ℹ 備份檔案完成
[2026-06-01 04:30:01] 開始轉換時間範圍: 2026-06-01 03:00:00 到 2026-06-01 03:59:59
[2026-06-01 04:30:01] ℹ su_web 該時段內無資料變動，未生成有效 SQL。
[2026-06-01 04:30:01] ℹ sm_m2 該時段內無資料變動，未生成有效 SQL。
[2026-06-01 04:30:01] ℹ 備份檔案完成
[2026-06-01 05:00:01] 開始轉換時間範圍: 2026-06-01 04:00:00 到 2026-06-01 04:59:59
[2026-06-01 05:00:01] ℹ su_web 該時段內無資料變動，未生成有效 SQL。
[2026-06-01 05:00:01] ℹ sm_m2 該時段內無資料變動，未生成有效 SQL。
[2026-06-01 05:00:01] ℹ 備份檔案完成
[2026-06-01 05:30:01] 開始轉換時間範圍: 2026-06-01 04:00:00 到 2026-06-01 04:59:59
[2026-06-01 05:30:01] ℹ su_web 該時段內無資料變動，未生成有效 SQL。
[2026-06-01 05:30:01] ℹ sm_m2 該時段內無資料變動，未生成有效 SQL。
[2026-06-01 05:30:01] ℹ 備份檔案完成
[2026-06-01 06:00:01] 開始轉換時間範圍: 2026-06-01 05:00:00 到 2026-06-01 05:59:59
[2026-06-01 06:00:01] ℹ su_web 該時段內無資料變動，未生成有效 SQL。
[2026-06-01 06:00:01] ℹ sm_m2 該時段內無資料變動，未生成有效 SQL。
[2026-06-01 06:00:01] ℹ 備份檔案完成
[2026-06-01 06:30:01] 開始轉換時間範圍: 2026-06-01 05:00:00 到 2026-06-01 05:59:59
[2026-06-01 06:30:01] ℹ su_web 該時段內無資料變動，未生成有效 SQL。
[2026-06-01 06:30:01] ℹ sm_m2 該時段內無資料變動，未生成有效 SQL。
[2026-06-01 06:30:01] ℹ 備份檔案完成
[2026-06-01 07:00:01] 開始轉換時間範圍: 2026-06-01 06:00:00 到 2026-06-01 06:59:59
[2026-06-01 07:00:01] ℹ su_web 該時段內無資料變動，未生成有效 SQL。
[2026-06-01 07:00:01] ℹ sm_m2 該時段內無資料變動，未生成有效 SQL。
[2026-06-01 07:00:01] ℹ 備份檔案完成
[2026-06-01 07:30:01] 開始轉換時間範圍: 2026-06-01 06:00:00 到 2026-06-01 06:59:59
[2026-06-01 07:30:01] ℹ su_web 該時段內無資料變動，未生成有效 SQL。
[2026-06-01 07:30:01] ℹ sm_m2 該時段內無資料變動，未生成有效 SQL。
[2026-06-01 07:30:01] ℹ 備份檔案完成
[2026-06-01 08:00:01] 開始轉換時間範圍: 2026-06-01 07:00:00 到 2026-06-01 07:59:59
[2026-06-01 08:00:01] ℹ su_web 該時段內無資料變動，未生成有效 SQL。
[2026-06-01 08:00:01] ℹ sm_m2 該時段內無資料變動，未生成有效 SQL。
[2026-06-01 08:00:01] ℹ 備份檔案完成
[2026-06-01 08:30:01] 開始轉換時間範圍: 2026-06-01 07:00:00 到 2026-06-01 07:59:59
[2026-06-01 08:30:01] ℹ su_web 該時段內無資料變動，未生成有效 SQL。
[2026-06-01 08:30:01] ℹ sm_m2 該時段內無資料變動，未生成有效 SQL。
[2026-06-01 08:30:02] ℹ 備份檔案完成
[2026-06-01 09:00:01] 開始轉換時間範圍: 2026-06-01 08:00:00 到 2026-06-01 08:59:59
[2026-06-01 09:00:01] ℹ su_web 該時段內無資料變動，未生成有效 SQL。
[2026-06-01 09:00:01] ℹ sm_m2 該時段內無資料變動，未生成有效 SQL。
[2026-06-01 09:00:01] ℹ 備份檔案完成
[2026-06-01 09:30:01] 開始轉換時間範圍: 2026-06-01 08:00:00 到 2026-06-01 08:59:59
[2026-06-01 09:30:01] ℹ su_web 該時段內無資料變動，未生成有效 SQL。
[2026-06-01 09:30:01] ℹ sm_m2 該時段內無資料變動，未生成有效 SQL。
[2026-06-01 09:30:02] ℹ 備份檔案完成
[2026-06-01 10:00:01] 開始轉換時間範圍: 2026-06-01 09:00:00 到 2026-06-01 09:59:59
[2026-06-01 10:00:01] ℹ su_web 該時段內無資料變動，未生成有效 SQL。
[2026-06-01 10:00:01] ℹ sm_m2 該時段內無資料變動，未生成有效 SQL。
[2026-06-01 10:00:01] ℹ 備份檔案完成
[2026-06-01 10:30:01] 開始轉換時間範圍: 2026-06-01 09:00:00 到 2026-06-01 09:59:59
[2026-06-01 10:30:01] ℹ su_web 該時段內無資料變動，未生成有效 SQL。
[2026-06-01 10:30:01] ℹ sm_m2 該時段內無資料變動，未生成有效 SQL。
[2026-06-01 10:30:01] ℹ 備份檔案完成
[2026-06-01 11:00:01] 開始轉換時間範圍: 2026-06-01 10:00:00 到 2026-06-01 10:59:59
[2026-06-01 11:00:01] ℹ su_web 該時段內無資料變動，未生成有效 SQL。
[2026-06-01 11:00:01] ℹ sm_m2 該時段內無資料變動，未生成有效 SQL。
[2026-06-01 11:00:01] ℹ 備份檔案完成
[2026-06-01 11:30:01] 開始轉換時間範圍: 2026-06-01 10:00:00 到 2026-06-01 10:59:59
[2026-06-01 11:30:01] ℹ su_web 該時段內無資料變動，未生成有效 SQL。
[2026-06-01 11:30:01] ℹ sm_m2 該時段內無資料變動，未生成有效 SQL。
[2026-06-01 11:30:01] ℹ 備份檔案完成
[2026-06-01 12:00:01] 開始轉換時間範圍: 2026-06-01 11:00:00 到 2026-06-01 11:59:59
[2026-06-01 12:00:01] ℹ su_web 該時段內無資料變動，未生成有效 SQL。
[2026-06-01 12:00:01] ℹ sm_m2 該時段內無資料變動，未生成有效 SQL。
[2026-06-01 12:00:02] ℹ 備份檔案完成
[2026-06-01 12:30:01] 開始轉換時間範圍: 2026-06-01 11:00:00 到 2026-06-01 11:59:59
[2026-06-01 12:30:01] ℹ su_web 該時段內無資料變動，未生成有效 SQL。
[2026-06-01 12:30:01] ℹ sm_m2 該時段內無資料變動，未生成有效 SQL。
[2026-06-01 12:30:01] ℹ 備份檔案完成
[2026-06-01 13:00:02] 開始轉換時間範圍: 2026-06-01 12:00:00 到 2026-06-01 12:59:59
[2026-06-01 13:00:02] ℹ su_web 該時段內無資料變動，未生成有效 SQL。
[2026-06-01 13:00:02] ℹ sm_m2 該時段內無資料變動，未生成有效 SQL。
[2026-06-01 13:00:02] ℹ 備份檔案完成
[2026-06-01 13:30:02] 開始轉換時間範圍: 2026-06-01 12:00:00 到 2026-06-01 12:59:59
[2026-06-01 13:30:02] ℹ su_web 該時段內無資料變動，未生成有效 SQL。
[2026-06-01 13:30:02] ℹ sm_m2 該時段內無資料變動，未生成有效 SQL。
[2026-06-01 13:30:02] ℹ 備份檔案完成
[2026-06-01 14:00:01] 開始轉換時間範圍: 2026-06-01 13:00:00 到 2026-06-01 13:59:59
[2026-06-01 14:00:01] ℹ su_web 該時段內無資料變動，未生成有效 SQL。
[2026-06-01 14:00:01] ℹ sm_m2 該時段內無資料變動，未生成有效 SQL。
[2026-06-01 14:00:01] ℹ 備份檔案完成
[2026-06-01 14:30:02] 開始轉換時間範圍: 2026-06-01 13:00:00 到 2026-06-01 13:59:59
[2026-06-01 14:30:02] ℹ su_web 該時段內無資料變動，未生成有效 SQL。
[2026-06-01 14:30:02] ℹ sm_m2 該時段內無資料變動，未生成有效 SQL。
[2026-06-01 14:30:02] ℹ 備份檔案完成
[2026-06-01 15:00:01] 開始轉換時間範圍: 2026-06-01 14:00:00 到 2026-06-01 14:59:59
[2026-06-01 15:00:01] ℹ su_web 該時段內無資料變動，未生成有效 SQL。
[2026-06-01 15:00:01] ℹ sm_m2 該時段內無資料變動，未生成有效 SQL。
[2026-06-01 15:00:02] ℹ 備份檔案完成
[2026-06-01 15:30:01] 開始轉換時間範圍: 2026-06-01 14:00:00 到 2026-06-01 14:59:59
[2026-06-01 15:30:01] ℹ su_web 該時段內無資料變動，未生成有效 SQL。
[2026-06-01 15:30:01] ℹ sm_m2 該時段內無資料變動，未生成有效 SQL。
[2026-06-01 15:30:01] ℹ 備份檔案完成
[2026-06-01 16:00:02] 開始轉換時間範圍: 2026-06-01 15:00:00 到 2026-06-01 15:59:59
[2026-06-01 16:00:02] ℹ su_web 該時段內無資料變動，未生成有效 SQL。
[2026-06-01 16:00:02] ℹ sm_m2 該時段內無資料變動，未生成有效 SQL。
[2026-06-01 16:00:02] ℹ 備份檔案完成
[2026-06-01 16:30:01] 開始轉換時間範圍: 2026-06-01 15:00:00 到 2026-06-01 15:59:59
[2026-06-01 16:30:02] ℹ su_web 該時段內無資料變動，未生成有效 SQL。
[2026-06-01 16:30:02] ℹ sm_m2 該時段內無資料變動，未生成有效 SQL。
[2026-06-01 16:30:02] ℹ 備份檔案完成
[2026-06-01 17:00:01] 開始轉換時間範圍: 2026-06-01 16:00:00 到 2026-06-01 16:59:59
[2026-06-01 17:00:01] ℹ su_web 該時段內無資料變動，未生成有效 SQL。
[2026-06-01 17:00:01] ℹ sm_m2 該時段內無資料變動，未生成有效 SQL。
[2026-06-01 17:00:01] ℹ 備份檔案完成
[2026-06-01 17:30:02] 開始轉換時間範圍: 2026-06-01 16:00:00 到 2026-06-01 16:59:59
[2026-06-01 17:30:02] ℹ su_web 該時段內無資料變動，未生成有效 SQL。
[2026-06-01 17:30:02] ℹ sm_m2 該時段內無資料變動，未生成有效 SQL。
[2026-06-01 17:30:02] ℹ 備份檔案完成
[2026-06-01 18:00:01] 開始轉換時間範圍: 2026-06-01 17:00:00 到 2026-06-01 17:59:59
[2026-06-01 18:00:01] ℹ su_web 該時段內無資料變動，未生成有效 SQL。
[2026-06-01 18:00:01] ℹ sm_m2 該時段內無資料變動，未生成有效 SQL。
[2026-06-01 18:00:01] ℹ 備份檔案完成
[2026-06-01 18:30:01] 開始轉換時間範圍: 2026-06-01 17:00:00 到 2026-06-01 17:59:59
[2026-06-01 18:30:01] ℹ su_web 該時段內無資料變動，未生成有效 SQL。
[2026-06-01 18:30:01] ℹ sm_m2 該時段內無資料變動，未生成有效 SQL。
[2026-06-01 18:30:01] ℹ 備份檔案完成
[2026-06-01 19:00:01] 開始轉換時間範圍: 2026-06-01 18:00:00 到 2026-06-01 18:59:59
[2026-06-01 19:00:01] ℹ su_web 該時段內無資料變動，未生成有效 SQL。
[2026-06-01 19:00:01] ℹ sm_m2 該時段內無資料變動，未生成有效 SQL。
[2026-06-01 19:00:01] ℹ 備份檔案完成
[2026-06-01 19:30:01] 開始轉換時間範圍: 2026-06-01 18:00:00 到 2026-06-01 18:59:59
[2026-06-01 19:30:01] ℹ su_web 該時段內無資料變動，未生成有效 SQL。
[2026-06-01 19:30:01] ℹ sm_m2 該時段內無資料變動，未生成有效 SQL。
[2026-06-01 19:30:02] ℹ 備份檔案完成
[2026-06-01 20:00:02] 開始轉換時間範圍: 2026-06-01 19:00:00 到 2026-06-01 19:59:59
[2026-06-01 20:00:02] ℹ su_web 該時段內無資料變動，未生成有效 SQL。
[2026-06-01 20:00:02] ℹ sm_m2 該時段內無資料變動，未生成有效 SQL。
[2026-06-01 20:00:02] ℹ 備份檔案完成
[2026-06-01 20:30:01] 開始轉換時間範圍: 2026-06-01 19:00:00 到 2026-06-01 19:59:59
[2026-06-01 20:30:01] ℹ su_web 該時段內無資料變動，未生成有效 SQL。
[2026-06-01 20:30:01] ℹ sm_m2 該時段內無資料變動，未生成有效 SQL。
[2026-06-01 20:30:01] ℹ 備份檔案完成
[2026-06-01 21:00:01] 開始轉換時間範圍: 2026-06-01 20:00:00 到 2026-06-01 20:59:59
[2026-06-01 21:00:01] ℹ su_web 該時段內無資料變動，未生成有效 SQL。
[2026-06-01 21:00:01] ℹ sm_m2 該時段內無資料變動，未生成有效 SQL。
[2026-06-01 21:00:01] ℹ 備份檔案完成
[2026-06-01 21:30:01] 開始轉換時間範圍: 2026-06-01 20:00:00 到 2026-06-01 20:59:59
[2026-06-01 21:30:02] ℹ su_web 該時段內無資料變動，未生成有效 SQL。
[2026-06-01 21:30:02] ℹ sm_m2 該時段內無資料變動，未生成有效 SQL。
[2026-06-01 21:30:02] ℹ 備份檔案完成
[2026-06-01 22:00:01] 開始轉換時間範圍: 2026-06-01 21:00:00 到 2026-06-01 21:59:59
[2026-06-01 22:00:01] ℹ su_web 該時段內無資料變動，未生成有效 SQL。
[2026-06-01 22:00:01] ℹ sm_m2 該時段內無資料變動，未生成有效 SQL。
[2026-06-01 22:00:01] ℹ 備份檔案完成
[2026-06-01 22:30:01] 開始轉換時間範圍: 2026-06-01 21:00:00 到 2026-06-01 21:59:59
[2026-06-01 22:30:01] ℹ su_web 該時段內無資料變動，未生成有效 SQL。
[2026-06-01 22:30:01] ℹ sm_m2 該時段內無資料變動，未生成有效 SQL。
[2026-06-01 22:30:01] ℹ 備份檔案完成
[2026-06-01 23:00:01] 開始轉換時間範圍: 2026-06-01 22:00:00 到 2026-06-01 22:59:59
[2026-06-01 23:00:01] ℹ su_web 該時段內無資料變動，未生成有效 SQL。
[2026-06-01 23:00:01] ℹ sm_m2 該時段內無資料變動，未生成有效 SQL。
[2026-06-01 23:00:01] ℹ 備份檔案完成
[2026-06-01 23:30:01] 開始轉換時間範圍: 2026-06-01 22:00:00 到 2026-06-01 22:59:59
[2026-06-01 23:30:01] ℹ su_web 該時段內無資料變動，未生成有效 SQL。
[2026-06-01 23:30:01] ℹ sm_m2 該時段內無資料變動，未生成有效 SQL。
[2026-06-01 23:30:01] ℹ 備份檔案完成
[2026-06-02 00:00:01] 開始轉換時間範圍: 2026-06-01 23:00:00 到 2026-06-01 23:59:59
[2026-06-02 00:00:01] ℹ su_web 該時段內無資料變動，未生成有效 SQL。
[2026-06-02 00:00:01] ℹ sm_m2 該時段內無資料變動，未生成有效 SQL。
[2026-06-02 00:00:01] ℹ 備份檔案完成
[2026-06-02 00:30:01] 開始轉換時間範圍: 2026-06-01 23:00:00 到 2026-06-01 23:59:59
[2026-06-02 00:30:01] ℹ su_web 該時段內無資料變動，未生成有效 SQL。
[2026-06-02 00:30:01] ℹ sm_m2 該時段內無資料變動，未生成有效 SQL。
[2026-06-02 00:30:01] ℹ 備份檔案完成
[2026-06-02 01:00:01] 開始轉換時間範圍: 2026-06-02 00:00:00 到 2026-06-02 00:59:59
[2026-06-02 01:00:01] ℹ su_web 該時段內無資料變動，未生成有效 SQL。
[2026-06-02 01:00:01] ℹ sm_m2 該時段內無資料變動，未生成有效 SQL。
[2026-06-02 01:00:01] ℹ 備份檔案完成
[2026-06-02 01:30:01] 開始轉換時間範圍: 2026-06-02 00:00:00 到 2026-06-02 00:59:59
[2026-06-02 01:30:01] ℹ su_web 該時段內無資料變動，未生成有效 SQL。
[2026-06-02 01:30:01] ℹ sm_m2 該時段內無資料變動，未生成有效 SQL。
[2026-06-02 01:30:01] ℹ 備份檔案完成
[2026-06-02 02:00:01] 開始轉換時間範圍: 2026-06-02 01:00:00 到 2026-06-02 01:59:59
[2026-06-02 02:00:02] ℹ su_web 該時段內無資料變動，未生成有效 SQL。
[2026-06-02 02:00:02] ℹ sm_m2 該時段內無資料變動，未生成有效 SQL。
[2026-06-02 02:00:02] ℹ 備份檔案完成
[2026-06-02 02:30:01] 開始轉換時間範圍: 2026-06-02 01:00:00 到 2026-06-02 01:59:59
[2026-06-02 02:30:01] ℹ su_web 該時段內無資料變動，未生成有效 SQL。
[2026-06-02 02:30:01] ℹ sm_m2 該時段內無資料變動，未生成有效 SQL。
[2026-06-02 02:30:01] ℹ 備份檔案完成
[2026-06-02 03:00:01] 開始轉換時間範圍: 2026-06-02 02:00:00 到 2026-06-02 02:59:59
[2026-06-02 03:00:01] ℹ su_web 該時段內無資料變動，未生成有效 SQL。
[2026-06-02 03:00:01] ℹ sm_m2 該時段內無資料變動，未生成有效 SQL。
[2026-06-02 03:00:01] ℹ 備份檔案完成
[2026-06-02 03:30:01] 開始轉換時間範圍: 2026-06-02 02:00:00 到 2026-06-02 02:59:59
[2026-06-02 03:30:01] ℹ su_web 該時段內無資料變動，未生成有效 SQL。
[2026-06-02 03:30:01] ℹ sm_m2 該時段內無資料變動，未生成有效 SQL。
[2026-06-02 03:30:01] ℹ 備份檔案完成
[2026-06-02 04:00:01] 開始轉換時間範圍: 2026-06-02 03:00:00 到 2026-06-02 03:59:59
[2026-06-02 04:00:01] ℹ su_web 該時段內無資料變動，未生成有效 SQL。
[2026-06-02 04:00:01] ℹ sm_m2 該時段內無資料變動，未生成有效 SQL。
[2026-06-02 04:00:01] ℹ 備份檔案完成
[2026-06-02 04:30:01] 開始轉換時間範圍: 2026-06-02 03:00:00 到 2026-06-02 03:59:59
[2026-06-02 04:30:01] ℹ su_web 該時段內無資料變動，未生成有效 SQL。
[2026-06-02 04:30:01] ℹ sm_m2 該時段內無資料變動，未生成有效 SQL。
[2026-06-02 04:30:01] ℹ 備份檔案完成
[2026-06-02 05:00:01] 開始轉換時間範圍: 2026-06-02 04:00:00 到 2026-06-02 04:59:59
[2026-06-02 05:00:01] ℹ su_web 該時段內無資料變動，未生成有效 SQL。
[2026-06-02 05:00:01] ℹ sm_m2 該時段內無資料變動，未生成有效 SQL。
[2026-06-02 05:00:01] ℹ 備份檔案完成
[2026-06-02 05:30:01] 開始轉換時間範圍: 2026-06-02 04:00:00 到 2026-06-02 04:59:59
[2026-06-02 05:30:01] ℹ su_web 該時段內無資料變動，未生成有效 SQL。
[2026-06-02 05:30:01] ℹ sm_m2 該時段內無資料變動，未生成有效 SQL。
[2026-06-02 05:30:02] ℹ 備份檔案完成
[2026-06-02 06:00:01] 開始轉換時間範圍: 2026-06-02 05:00:00 到 2026-06-02 05:59:59
[2026-06-02 06:00:01] ℹ su_web 該時段內無資料變動，未生成有效 SQL。
[2026-06-02 06:00:01] ℹ sm_m2 該時段內無資料變動，未生成有效 SQL。
[2026-06-02 06:00:01] ℹ 備份檔案完成
[2026-06-02 06:30:01] 開始轉換時間範圍: 2026-06-02 05:00:00 到 2026-06-02 05:59:59
[2026-06-02 06:30:01] ℹ su_web 該時段內無資料變動，未生成有效 SQL。
[2026-06-02 06:30:01] ℹ sm_m2 該時段內無資料變動，未生成有效 SQL。
[2026-06-02 06:30:01] ℹ 備份檔案完成
[2026-06-02 07:00:01] 開始轉換時間範圍: 2026-06-02 06:00:00 到 2026-06-02 06:59:59
[2026-06-02 07:00:01] ℹ su_web 該時段內無資料變動，未生成有效 SQL。
[2026-06-02 07:00:01] ℹ sm_m2 該時段內無資料變動，未生成有效 SQL。
[2026-06-02 07:00:02] ℹ 備份檔案完成
[2026-06-02 07:30:01] 開始轉換時間範圍: 2026-06-02 06:00:00 到 2026-06-02 06:59:59
[2026-06-02 07:30:01] ℹ su_web 該時段內無資料變動，未生成有效 SQL。
[2026-06-02 07:30:01] ℹ sm_m2 該時段內無資料變動，未生成有效 SQL。
[2026-06-02 07:30:02] ℹ 備份檔案完成
[2026-06-02 08:00:01] 開始轉換時間範圍: 2026-06-02 07:00:00 到 2026-06-02 07:59:59
[2026-06-02 08:00:01] ℹ su_web 該時段內無資料變動，未生成有效 SQL。
[2026-06-02 08:00:01] ℹ sm_m2 該時段內無資料變動，未生成有效 SQL。
[2026-06-02 08:00:01] ℹ 備份檔案完成
[2026-06-02 08:30:01] 開始轉換時間範圍: 2026-06-02 07:00:00 到 2026-06-02 07:59:59
[2026-06-02 08:30:01] ℹ su_web 該時段內無資料變動，未生成有效 SQL。
[2026-06-02 08:30:01] ℹ sm_m2 該時段內無資料變動，未生成有效 SQL。
[2026-06-02 08:30:02] ℹ 備份檔案完成
[2026-06-02 09:00:01] 開始轉換時間範圍: 2026-06-02 08:00:00 到 2026-06-02 08:59:59
[2026-06-02 09:00:01] ℹ su_web 該時段內無資料變動，未生成有效 SQL。
[2026-06-02 09:00:01] ℹ sm_m2 該時段內無資料變動，未生成有效 SQL。
[2026-06-02 09:00:01] ℹ 備份檔案完成
[2026-06-02 09:30:01] 開始轉換時間範圍: 2026-06-02 08:00:00 到 2026-06-02 08:59:59
[2026-06-02 09:30:01] ℹ su_web 該時段內無資料變動，未生成有效 SQL。
[2026-06-02 09:30:02] ℹ sm_m2 該時段內無資料變動，未生成有效 SQL。
[2026-06-02 09:30:02] ℹ 備份檔案完成
[2026-06-02 10:00:01] 開始轉換時間範圍: 2026-06-02 09:00:00 到 2026-06-02 09:59:59
[2026-06-02 10:00:01] ℹ su_web 該時段內無資料變動，未生成有效 SQL。
[2026-06-02 10:00:01] ℹ sm_m2 該時段內無資料變動，未生成有效 SQL。
[2026-06-02 10:00:01] ℹ 備份檔案完成
[2026-06-02 10:30:01] 開始轉換時間範圍: 2026-06-02 09:00:00 到 2026-06-02 09:59:59
[2026-06-02 10:30:01] ℹ su_web 該時段內無資料變動，未生成有效 SQL。
[2026-06-02 10:30:01] ℹ sm_m2 該時段內無資料變動，未生成有效 SQL。
[2026-06-02 10:30:01] ℹ 備份檔案完成
[2026-06-02 11:00:01] 開始轉換時間範圍: 2026-06-02 10:00:00 到 2026-06-02 10:59:59
[2026-06-02 11:00:01] ℹ su_web 該時段內無資料變動，未生成有效 SQL。
[2026-06-02 11:00:02] ℹ sm_m2 該時段內無資料變動，未生成有效 SQL。
[2026-06-02 11:00:02] ℹ 備份檔案完成
[2026-06-02 11:30:01] 開始轉換時間範圍: 2026-06-02 10:00:00 到 2026-06-02 10:59:59
[2026-06-02 11:30:01] ℹ su_web 該時段內無資料變動，未生成有效 SQL。
[2026-06-02 11:30:01] ℹ sm_m2 該時段內無資料變動，未生成有效 SQL。
[2026-06-02 11:30:01] ℹ 備份檔案完成
[2026-06-02 12:00:01] 開始轉換時間範圍: 2026-06-02 11:00:00 到 2026-06-02 11:59:59
[2026-06-02 12:00:01] ℹ su_web 該時段內無資料變動，未生成有效 SQL。
[2026-06-02 12:00:01] ℹ sm_m2 該時段內無資料變動，未生成有效 SQL。
[2026-06-02 12:00:01] ℹ 備份檔案完成
[2026-06-02 12:30:01] 開始轉換時間範圍: 2026-06-02 11:00:00 到 2026-06-02 11:59:59
[2026-06-02 12:30:01] ℹ su_web 該時段內無資料變動，未生成有效 SQL。
[2026-06-02 12:30:01] ℹ sm_m2 該時段內無資料變動，未生成有效 SQL。
[2026-06-02 12:30:01] ℹ 備份檔案完成
[2026-06-02 13:00:01] 開始轉換時間範圍: 2026-06-02 12:00:00 到 2026-06-02 12:59:59
[2026-06-02 13:00:01] ℹ su_web 該時段內無資料變動，未生成有效 SQL。
[2026-06-02 13:00:01] ℹ sm_m2 該時段內無資料變動，未生成有效 SQL。
[2026-06-02 13:00:01] ℹ 備份檔案完成
[2026-06-02 13:30:01] 開始轉換時間範圍: 2026-06-02 12:00:00 到 2026-06-02 12:59:59
[2026-06-02 13:30:01] ℹ su_web 該時段內無資料變動，未生成有效 SQL。
[2026-06-02 13:30:01] ℹ sm_m2 該時段內無資料變動，未生成有效 SQL。
[2026-06-02 13:30:02] ℹ 備份檔案完成
[2026-06-02 14:00:01] 開始轉換時間範圍: 2026-06-02 13:00:00 到 2026-06-02 13:59:59
[2026-06-02 14:00:01] ℹ su_web 該時段內無資料變動，未生成有效 SQL。
[2026-06-02 14:00:01] ℹ sm_m2 該時段內無資料變動，未生成有效 SQL。
[2026-06-02 14:00:01] ℹ 備份檔案完成
[2026-06-02 14:30:01] 開始轉換時間範圍: 2026-06-02 13:00:00 到 2026-06-02 13:59:59
[2026-06-02 14:30:01] ℹ su_web 該時段內無資料變動，未生成有效 SQL。
[2026-06-02 14:30:01] ℹ sm_m2 該時段內無資料變動，未生成有效 SQL。
[2026-06-02 14:30:01] ℹ 備份檔案完成
[2026-06-02 15:00:01] 開始轉換時間範圍: 2026-06-02 14:00:00 到 2026-06-02 14:59:59
[2026-06-02 15:00:01] ℹ su_web 該時段內無資料變動，未生成有效 SQL。
[2026-06-02 15:00:01] ℹ sm_m2 該時段內無資料變動，未生成有效 SQL。
[2026-06-02 15:00:01] ℹ 備份檔案完成
[2026-06-02 15:30:01] 開始轉換時間範圍: 2026-06-02 14:00:00 到 2026-06-02 14:59:59
[2026-06-02 15:30:02] ℹ su_web 該時段內無資料變動，未生成有效 SQL。
[2026-06-02 15:30:02] ℹ sm_m2 該時段內無資料變動，未生成有效 SQL。
[2026-06-02 15:30:02] ℹ 備份檔案完成
[2026-06-02 16:00:01] 開始轉換時間範圍: 2026-06-02 15:00:00 到 2026-06-02 15:59:59
[2026-06-02 16:00:02] ✓ su_web 完成: /mnt/web/www/hksu/.db/files/2026/06/02/20260602_15_Backup_su_web.sql.zip
[2026-06-02 16:00:02] ℹ sm_m2 該時段內無資料變動，未生成有效 SQL。
[2026-06-02 16:00:02] ℹ 備份檔案，提交 Git 。
[2026-06-02 16:00:02] ℹ 備份檔案，add . 完成。
[2026-06-02 16:00:02] ℹ 備份檔案，commit -m backup 20260602_15 完成。
[2026-06-02 16:00:02] ℹ 備份檔案，開始 push。
[2026-06-02 16:00:05] ℹ 備份檔案完成
[2026-06-02 16:30:01] 開始轉換時間範圍: 2026-06-02 15:00:00 到 2026-06-02 15:59:59
[2026-06-02 16:30:01] ✓ su_web 完成: /mnt/web/www/hksu/.db/files/2026/06/02/20260602_15_Backup_su_web.sql.zip
[2026-06-02 16:30:01] ℹ sm_m2 該時段內無資料變動，未生成有效 SQL。
[2026-06-02 16:30:01] ℹ 備份檔案，提交 Git 。
[2026-06-02 16:30:02] ℹ 備份檔案，add . 完成。
[2026-06-02 16:30:02] ℹ 備份檔案，commit -m backup 20260602_15 完成。
[2026-06-02 16:30:02] ℹ 備份檔案，開始 push。
[2026-06-02 16:30:04] ℹ 備份檔案完成
[2026-06-02 17:00:01] 開始轉換時間範圍: 2026-06-02 16:00:00 到 2026-06-02 16:59:59
[2026-06-02 17:00:01] ℹ su_web 該時段內無資料變動，未生成有效 SQL。
[2026-06-02 17:00:01] ℹ sm_m2 該時段內無資料變動，未生成有效 SQL。
[2026-06-02 17:00:01] ℹ 備份檔案完成
[2026-06-02 17:30:01] 開始轉換時間範圍: 2026-06-02 16:00:00 到 2026-06-02 16:59:59
[2026-06-02 17:30:01] ℹ su_web 該時段內無資料變動，未生成有效 SQL。
[2026-06-02 17:30:01] ℹ sm_m2 該時段內無資料變動，未生成有效 SQL。
[2026-06-02 17:30:01] ℹ 備份檔案完成
[2026-06-02 18:00:02] 開始轉換時間範圍: 2026-06-02 17:00:00 到 2026-06-02 17:59:59
[2026-06-02 18:00:02] ℹ su_web 該時段內無資料變動，未生成有效 SQL。
[2026-06-02 18:00:02] ℹ sm_m2 該時段內無資料變動，未生成有效 SQL。
[2026-06-02 18:00:02] ℹ 備份檔案完成
[2026-06-02 18:30:01] 開始轉換時間範圍: 2026-06-02 17:00:00 到 2026-06-02 17:59:59
[2026-06-02 18:30:01] ℹ su_web 該時段內無資料變動，未生成有效 SQL。
[2026-06-02 18:30:01] ℹ sm_m2 該時段內無資料變動，未生成有效 SQL。
[2026-06-02 18:30:01] ℹ 備份檔案完成
[2026-06-02 19:00:01] 開始轉換時間範圍: 2026-06-02 18:00:00 到 2026-06-02 18:59:59
[2026-06-02 19:00:01] ℹ su_web 該時段內無資料變動，未生成有效 SQL。
[2026-06-02 19:00:01] ℹ sm_m2 該時段內無資料變動，未生成有效 SQL。
[2026-06-02 19:00:02] ℹ 備份檔案完成
[2026-06-02 19:30:01] 開始轉換時間範圍: 2026-06-02 18:00:00 到 2026-06-02 18:59:59
[2026-06-02 19:30:02] ℹ su_web 該時段內無資料變動，未生成有效 SQL。
[2026-06-02 19:30:02] ℹ sm_m2 該時段內無資料變動，未生成有效 SQL。
[2026-06-02 19:30:02] ℹ 備份檔案完成
[2026-06-02 20:00:01] 開始轉換時間範圍: 2026-06-02 19:00:00 到 2026-06-02 19:59:59
[2026-06-02 20:00:01] ℹ su_web 該時段內無資料變動，未生成有效 SQL。
[2026-06-02 20:00:01] ℹ sm_m2 該時段內無資料變動，未生成有效 SQL。
[2026-06-02 20:00:01] ℹ 備份檔案完成
[2026-06-02 20:30:01] 開始轉換時間範圍: 2026-06-02 19:00:00 到 2026-06-02 19:59:59
[2026-06-02 20:30:01] ℹ su_web 該時段內無資料變動，未生成有效 SQL。
[2026-06-02 20:30:01] ℹ sm_m2 該時段內無資料變動，未生成有效 SQL。
[2026-06-02 20:30:01] ℹ 備份檔案完成
[2026-06-02 21:00:01] 開始轉換時間範圍: 2026-06-02 20:00:00 到 2026-06-02 20:59:59
[2026-06-02 21:00:01] ℹ su_web 該時段內無資料變動，未生成有效 SQL。
[2026-06-02 21:00:01] ℹ sm_m2 該時段內無資料變動，未生成有效 SQL。
[2026-06-02 21:00:02] ℹ 備份檔案完成
[2026-06-02 21:30:01] 開始轉換時間範圍: 2026-06-02 20:00:00 到 2026-06-02 20:59:59
[2026-06-02 21:30:01] ℹ su_web 該時段內無資料變動，未生成有效 SQL。
[2026-06-02 21:30:01] ℹ sm_m2 該時段內無資料變動，未生成有效 SQL。
[2026-06-02 21:30:02] ℹ 備份檔案完成
[2026-06-02 22:00:01] 開始轉換時間範圍: 2026-06-02 21:00:00 到 2026-06-02 21:59:59
[2026-06-02 22:00:01] ℹ su_web 該時段內無資料變動，未生成有效 SQL。
[2026-06-02 22:00:01] ℹ sm_m2 該時段內無資料變動，未生成有效 SQL。
[2026-06-02 22:00:01] ℹ 備份檔案完成
[2026-06-02 22:30:01] 開始轉換時間範圍: 2026-06-02 21:00:00 到 2026-06-02 21:59:59
[2026-06-02 22:30:01] ℹ su_web 該時段內無資料變動，未生成有效 SQL。
[2026-06-02 22:30:01] ℹ sm_m2 該時段內無資料變動，未生成有效 SQL。
[2026-06-02 22:30:01] ℹ 備份檔案完成
[2026-06-02 23:00:01] 開始轉換時間範圍: 2026-06-02 22:00:00 到 2026-06-02 22:59:59
[2026-06-02 23:00:01] ℹ su_web 該時段內無資料變動，未生成有效 SQL。
[2026-06-02 23:00:01] ℹ sm_m2 該時段內無資料變動，未生成有效 SQL。
[2026-06-02 23:00:01] ℹ 備份檔案完成
[2026-06-02 23:30:01] 開始轉換時間範圍: 2026-06-02 22:00:00 到 2026-06-02 22:59:59
[2026-06-02 23:30:01] ℹ su_web 該時段內無資料變動，未生成有效 SQL。
[2026-06-02 23:30:01] ℹ sm_m2 該時段內無資料變動，未生成有效 SQL。
[2026-06-02 23:30:02] ℹ 備份檔案完成
[2026-06-03 00:00:01] 開始轉換時間範圍: 2026-06-02 23:00:00 到 2026-06-02 23:59:59
[2026-06-03 00:00:01] ℹ su_web 該時段內無資料變動，未生成有效 SQL。
[2026-06-03 00:00:01] ℹ sm_m2 該時段內無資料變動，未生成有效 SQL。
[2026-06-03 00:00:01] ℹ 備份檔案完成
[2026-06-03 00:30:01] 開始轉換時間範圍: 2026-06-02 23:00:00 到 2026-06-02 23:59:59
[2026-06-03 00:30:01] ℹ su_web 該時段內無資料變動，未生成有效 SQL。
[2026-06-03 00:30:01] ℹ sm_m2 該時段內無資料變動，未生成有效 SQL。
[2026-06-03 00:30:01] ℹ 備份檔案完成
[2026-06-03 01:00:01] 開始轉換時間範圍: 2026-06-03 00:00:00 到 2026-06-03 00:59:59
[2026-06-03 01:00:01] ℹ su_web 該時段內無資料變動，未生成有效 SQL。
[2026-06-03 01:00:01] ℹ sm_m2 該時段內無資料變動，未生成有效 SQL。
[2026-06-03 01:00:01] ℹ 備份檔案完成
[2026-06-03 01:30:01] 開始轉換時間範圍: 2026-06-03 00:00:00 到 2026-06-03 00:59:59
[2026-06-03 01:30:01] ℹ su_web 該時段內無資料變動，未生成有效 SQL。
[2026-06-03 01:30:01] ℹ sm_m2 該時段內無資料變動，未生成有效 SQL。
[2026-06-03 01:30:02] ℹ 備份檔案完成
[2026-06-03 02:00:01] 開始轉換時間範圍: 2026-06-03 01:00:00 到 2026-06-03 01:59:59
[2026-06-03 02:00:01] ℹ su_web 該時段內無資料變動，未生成有效 SQL。
[2026-06-03 02:00:01] ℹ sm_m2 該時段內無資料變動，未生成有效 SQL。
[2026-06-03 02:00:01] ℹ 備份檔案完成
[2026-06-03 02:30:01] 開始轉換時間範圍: 2026-06-03 01:00:00 到 2026-06-03 01:59:59
[2026-06-03 02:30:01] ℹ su_web 該時段內無資料變動，未生成有效 SQL。
[2026-06-03 02:30:01] ℹ sm_m2 該時段內無資料變動，未生成有效 SQL。
[2026-06-03 02:30:01] ℹ 備份檔案完成
[2026-06-03 03:00:01] 開始轉換時間範圍: 2026-06-03 02:00:00 到 2026-06-03 02:59:59
[2026-06-03 03:00:01] ℹ su_web 該時段內無資料變動，未生成有效 SQL。
[2026-06-03 03:00:01] ℹ sm_m2 該時段內無資料變動，未生成有效 SQL。
[2026-06-03 03:00:01] ℹ 備份檔案完成
[2026-06-03 03:30:01] 開始轉換時間範圍: 2026-06-03 02:00:00 到 2026-06-03 02:59:59
[2026-06-03 03:30:02] ℹ su_web 該時段內無資料變動，未生成有效 SQL。
[2026-06-03 03:30:02] ℹ sm_m2 該時段內無資料變動，未生成有效 SQL。
[2026-06-03 03:30:02] ℹ 備份檔案完成
[2026-06-03 04:00:01] 開始轉換時間範圍: 2026-06-03 03:00:00 到 2026-06-03 03:59:59
[2026-06-03 04:00:01] ℹ su_web 該時段內無資料變動，未生成有效 SQL。
[2026-06-03 04:00:01] ℹ sm_m2 該時段內無資料變動，未生成有效 SQL。
[2026-06-03 04:00:01] ℹ 備份檔案完成
[2026-06-03 04:30:01] 開始轉換時間範圍: 2026-06-03 03:00:00 到 2026-06-03 03:59:59
[2026-06-03 04:30:01] ℹ su_web 該時段內無資料變動，未生成有效 SQL。
[2026-06-03 04:30:01] ℹ sm_m2 該時段內無資料變動，未生成有效 SQL。
[2026-06-03 04:30:02] ℹ 備份檔案完成
[2026-06-03 05:00:01] 開始轉換時間範圍: 2026-06-03 04:00:00 到 2026-06-03 04:59:59
[2026-06-03 05:00:01] ℹ su_web 該時段內無資料變動，未生成有效 SQL。
[2026-06-03 05:00:01] ℹ sm_m2 該時段內無資料變動，未生成有效 SQL。
[2026-06-03 05:00:01] ℹ 備份檔案完成
[2026-06-03 05:30:01] 開始轉換時間範圍: 2026-06-03 04:00:00 到 2026-06-03 04:59:59
[2026-06-03 05:30:01] ℹ su_web 該時段內無資料變動，未生成有效 SQL。
[2026-06-03 05:30:01] ℹ sm_m2 該時段內無資料變動，未生成有效 SQL。
[2026-06-03 05:30:01] ℹ 備份檔案完成
[2026-06-03 06:00:01] 開始轉換時間範圍: 2026-06-03 05:00:00 到 2026-06-03 05:59:59
[2026-06-03 06:00:01] ℹ su_web 該時段內無資料變動，未生成有效 SQL。
[2026-06-03 06:00:01] ℹ sm_m2 該時段內無資料變動，未生成有效 SQL。
[2026-06-03 06:00:02] ℹ 備份檔案完成
[2026-06-03 06:30:01] 開始轉換時間範圍: 2026-06-03 05:00:00 到 2026-06-03 05:59:59
[2026-06-03 06:30:02] ℹ su_web 該時段內無資料變動，未生成有效 SQL。
[2026-06-03 06:30:02] ℹ sm_m2 該時段內無資料變動，未生成有效 SQL。
[2026-06-03 06:30:02] ℹ 備份檔案完成
[2026-06-03 07:00:01] 開始轉換時間範圍: 2026-06-03 06:00:00 到 2026-06-03 06:59:59
[2026-06-03 07:00:01] ℹ su_web 該時段內無資料變動，未生成有效 SQL。
[2026-06-03 07:00:01] ℹ sm_m2 該時段內無資料變動，未生成有效 SQL。
[2026-06-03 07:00:01] ℹ 備份檔案完成
[2026-06-03 07:30:01] 開始轉換時間範圍: 2026-06-03 06:00:00 到 2026-06-03 06:59:59
[2026-06-03 07:30:02] ℹ su_web 該時段內無資料變動，未生成有效 SQL。
[2026-06-03 07:30:02] ℹ sm_m2 該時段內無資料變動，未生成有效 SQL。
[2026-06-03 07:30:02] ℹ 備份檔案完成
[2026-06-03 08:00:01] 開始轉換時間範圍: 2026-06-03 07:00:00 到 2026-06-03 07:59:59
[2026-06-03 08:00:01] ℹ su_web 該時段內無資料變動，未生成有效 SQL。
[2026-06-03 08:00:01] ℹ sm_m2 該時段內無資料變動，未生成有效 SQL。
[2026-06-03 08:00:01] ℹ 備份檔案完成
[2026-06-03 08:30:01] 開始轉換時間範圍: 2026-06-03 07:00:00 到 2026-06-03 07:59:59
[2026-06-03 08:30:01] ℹ su_web 該時段內無資料變動，未生成有效 SQL。
[2026-06-03 08:30:01] ℹ sm_m2 該時段內無資料變動，未生成有效 SQL。
[2026-06-03 08:30:02] ℹ 備份檔案完成
[2026-06-03 09:00:01] 開始轉換時間範圍: 2026-06-03 08:00:00 到 2026-06-03 08:59:59
[2026-06-03 09:00:02] ℹ su_web 該時段內無資料變動，未生成有效 SQL。
[2026-06-03 09:00:02] ℹ sm_m2 該時段內無資料變動，未生成有效 SQL。
[2026-06-03 09:00:02] ℹ 備份檔案完成
[2026-06-03 09:30:01] 開始轉換時間範圍: 2026-06-03 08:00:00 到 2026-06-03 08:59:59
[2026-06-03 09:30:01] ℹ su_web 該時段內無資料變動，未生成有效 SQL。
[2026-06-03 09:30:02] ℹ sm_m2 該時段內無資料變動，未生成有效 SQL。
[2026-06-03 09:30:02] ℹ 備份檔案完成
[2026-06-03 10:00:01] 開始轉換時間範圍: 2026-06-03 09:00:00 到 2026-06-03 09:59:59
[2026-06-03 10:00:01] ℹ su_web 該時段內無資料變動，未生成有效 SQL。
[2026-06-03 10:00:01] ℹ sm_m2 該時段內無資料變動，未生成有效 SQL。
[2026-06-03 10:00:01] ℹ 備份檔案完成
[2026-06-03 10:30:01] 開始轉換時間範圍: 2026-06-03 09:00:00 到 2026-06-03 09:59:59
[2026-06-03 10:30:02] ℹ su_web 該時段內無資料變動，未生成有效 SQL。
[2026-06-03 10:30:02] ℹ sm_m2 該時段內無資料變動，未生成有效 SQL。
[2026-06-03 10:30:02] ℹ 備份檔案完成
[2026-06-03 11:00:01] 開始轉換時間範圍: 2026-06-03 10:00:00 到 2026-06-03 10:59:59
[2026-06-03 11:00:01] ℹ su_web 該時段內無資料變動，未生成有效 SQL。
[2026-06-03 11:00:01] ℹ sm_m2 該時段內無資料變動，未生成有效 SQL。
[2026-06-03 11:00:01] ℹ 備份檔案完成
[2026-06-03 11:30:01] 開始轉換時間範圍: 2026-06-03 10:00:00 到 2026-06-03 10:59:59
[2026-06-03 11:30:01] ℹ su_web 該時段內無資料變動，未生成有效 SQL。
[2026-06-03 11:30:02] ℹ sm_m2 該時段內無資料變動，未生成有效 SQL。
[2026-06-03 11:30:02] ℹ 備份檔案完成
[2026-06-03 12:00:01] 開始轉換時間範圍: 2026-06-03 11:00:00 到 2026-06-03 11:59:59
[2026-06-03 12:00:01] ℹ su_web 該時段內無資料變動，未生成有效 SQL。
[2026-06-03 12:00:01] ℹ sm_m2 該時段內無資料變動，未生成有效 SQL。
[2026-06-03 12:00:01] ℹ 備份檔案完成
[2026-06-03 12:30:01] 開始轉換時間範圍: 2026-06-03 11:00:00 到 2026-06-03 11:59:59
[2026-06-03 12:30:01] ℹ su_web 該時段內無資料變動，未生成有效 SQL。
[2026-06-03 12:30:01] ℹ sm_m2 該時段內無資料變動，未生成有效 SQL。
[2026-06-03 12:30:01] ℹ 備份檔案完成
[2026-06-03 13:00:01] 開始轉換時間範圍: 2026-06-03 12:00:00 到 2026-06-03 12:59:59
[2026-06-03 13:00:01] ℹ su_web 該時段內無資料變動，未生成有效 SQL。
[2026-06-03 13:00:01] ℹ sm_m2 該時段內無資料變動，未生成有效 SQL。
[2026-06-03 13:00:01] ℹ 備份檔案完成
[2026-06-03 13:30:01] 開始轉換時間範圍: 2026-06-03 12:00:00 到 2026-06-03 12:59:59
[2026-06-03 13:30:01] ℹ su_web 該時段內無資料變動，未生成有效 SQL。
[2026-06-03 13:30:01] ℹ sm_m2 該時段內無資料變動，未生成有效 SQL。
[2026-06-03 13:30:01] ℹ 備份檔案完成
[2026-06-03 14:00:01] 開始轉換時間範圍: 2026-06-03 13:00:00 到 2026-06-03 13:59:59
[2026-06-03 14:00:01] ℹ su_web 該時段內無資料變動，未生成有效 SQL。
[2026-06-03 14:00:02] ℹ sm_m2 該時段內無資料變動，未生成有效 SQL。
[2026-06-03 14:00:02] ℹ 備份檔案完成
[2026-06-03 14:30:02] 開始轉換時間範圍: 2026-06-03 13:00:00 到 2026-06-03 13:59:59
[2026-06-03 14:30:02] ℹ su_web 該時段內無資料變動，未生成有效 SQL。
[2026-06-03 14:30:02] ℹ sm_m2 該時段內無資料變動，未生成有效 SQL。
[2026-06-03 14:30:02] ℹ 備份檔案完成
[2026-06-03 15:00:01] 開始轉換時間範圍: 2026-06-03 14:00:00 到 2026-06-03 14:59:59
[2026-06-03 15:00:01] ℹ su_web 該時段內無資料變動，未生成有效 SQL。
[2026-06-03 15:00:01] ℹ sm_m2 該時段內無資料變動，未生成有效 SQL。
[2026-06-03 15:00:01] ℹ 備份檔案完成
[2026-06-03 15:30:01] 開始轉換時間範圍: 2026-06-03 14:00:00 到 2026-06-03 14:59:59
[2026-06-03 15:30:01] ℹ su_web 該時段內無資料變動，未生成有效 SQL。
[2026-06-03 15:30:01] ℹ sm_m2 該時段內無資料變動，未生成有效 SQL。
[2026-06-03 15:30:01] ℹ 備份檔案完成
[2026-06-03 16:00:01] 開始轉換時間範圍: 2026-06-03 15:00:00 到 2026-06-03 15:59:59
[2026-06-03 16:00:01] ℹ su_web 該時段內無資料變動，未生成有效 SQL。
[2026-06-03 16:00:01] ℹ sm_m2 該時段內無資料變動，未生成有效 SQL。
[2026-06-03 16:00:01] ℹ 備份檔案完成
[2026-06-03 16:30:01] 開始轉換時間範圍: 2026-06-03 15:00:00 到 2026-06-03 15:59:59
[2026-06-03 16:30:02] ℹ su_web 該時段內無資料變動，未生成有效 SQL。
[2026-06-03 16:30:02] ℹ sm_m2 該時段內無資料變動，未生成有效 SQL。
[2026-06-03 16:30:02] ℹ 備份檔案完成
[2026-06-03 17:00:01] 開始轉換時間範圍: 2026-06-03 16:00:00 到 2026-06-03 16:59:59
[2026-06-03 17:00:01] ℹ su_web 該時段內無資料變動，未生成有效 SQL。
[2026-06-03 17:00:01] ℹ sm_m2 該時段內無資料變動，未生成有效 SQL。
[2026-06-03 17:00:01] ℹ 備份檔案完成
[2026-06-03 17:30:01] 開始轉換時間範圍: 2026-06-03 16:00:00 到 2026-06-03 16:59:59
[2026-06-03 17:30:01] ℹ su_web 該時段內無資料變動，未生成有效 SQL。
[2026-06-03 17:30:01] ℹ sm_m2 該時段內無資料變動，未生成有效 SQL。
[2026-06-03 17:30:01] ℹ 備份檔案完成
[2026-06-03 18:00:01] 開始轉換時間範圍: 2026-06-03 17:00:00 到 2026-06-03 17:59:59
[2026-06-03 18:00:01] ℹ su_web 該時段內無資料變動，未生成有效 SQL。
[2026-06-03 18:00:01] ℹ sm_m2 該時段內無資料變動，未生成有效 SQL。
[2026-06-03 18:00:02] ℹ 備份檔案完成
[2026-06-03 18:30:01] 開始轉換時間範圍: 2026-06-03 17:00:00 到 2026-06-03 17:59:59
[2026-06-03 18:30:01] ℹ su_web 該時段內無資料變動，未生成有效 SQL。
[2026-06-03 18:30:01] ℹ sm_m2 該時段內無資料變動，未生成有效 SQL。
[2026-06-03 18:30:01] ℹ 備份檔案完成
[2026-06-03 19:00:01] 開始轉換時間範圍: 2026-06-03 18:00:00 到 2026-06-03 18:59:59
[2026-06-03 19:00:01] ℹ su_web 該時段內無資料變動，未生成有效 SQL。
[2026-06-03 19:00:01] ℹ sm_m2 該時段內無資料變動，未生成有效 SQL。
[2026-06-03 19:00:01] ℹ 備份檔案完成
[2026-06-03 19:30:01] 開始轉換時間範圍: 2026-06-03 18:00:00 到 2026-06-03 18:59:59
[2026-06-03 19:30:02] ℹ su_web 該時段內無資料變動，未生成有效 SQL。
[2026-06-03 19:30:02] ℹ sm_m2 該時段內無資料變動，未生成有效 SQL。
[2026-06-03 19:30:02] ℹ 備份檔案完成
[2026-06-03 20:00:01] 開始轉換時間範圍: 2026-06-03 19:00:00 到 2026-06-03 19:59:59
[2026-06-03 20:00:01] ℹ su_web 該時段內無資料變動，未生成有效 SQL。
[2026-06-03 20:00:01] ℹ sm_m2 該時段內無資料變動，未生成有效 SQL。
[2026-06-03 20:00:01] ℹ 備份檔案完成
[2026-06-03 20:30:01] 開始轉換時間範圍: 2026-06-03 19:00:00 到 2026-06-03 19:59:59
[2026-06-03 20:30:01] ℹ su_web 該時段內無資料變動，未生成有效 SQL。
[2026-06-03 20:30:01] ℹ sm_m2 該時段內無資料變動，未生成有效 SQL。
[2026-06-03 20:30:01] ℹ 備份檔案完成
[2026-06-03 21:00:02] 開始轉換時間範圍: 2026-06-03 20:00:00 到 2026-06-03 20:59:59
[2026-06-03 21:00:02] ℹ su_web 該時段內無資料變動，未生成有效 SQL。
[2026-06-03 21:00:02] ℹ sm_m2 該時段內無資料變動，未生成有效 SQL。
[2026-06-03 21:00:02] ℹ 備份檔案完成
[2026-06-03 21:30:01] 開始轉換時間範圍: 2026-06-03 20:00:00 到 2026-06-03 20:59:59
[2026-06-03 21:30:01] ℹ su_web 該時段內無資料變動，未生成有效 SQL。
[2026-06-03 21:30:01] ℹ sm_m2 該時段內無資料變動，未生成有效 SQL。
[2026-06-03 21:30:01] ℹ 備份檔案完成
[2026-06-03 22:00:01] 開始轉換時間範圍: 2026-06-03 21:00:00 到 2026-06-03 21:59:59
[2026-06-03 22:00:01] ℹ su_web 該時段內無資料變動，未生成有效 SQL。
[2026-06-03 22:00:01] ℹ sm_m2 該時段內無資料變動，未生成有效 SQL。
[2026-06-03 22:00:02] ℹ 備份檔案完成
[2026-06-03 22:30:01] 開始轉換時間範圍: 2026-06-03 21:00:00 到 2026-06-03 21:59:59
[2026-06-03 22:30:01] ℹ su_web 該時段內無資料變動，未生成有效 SQL。
[2026-06-03 22:30:02] ℹ sm_m2 該時段內無資料變動，未生成有效 SQL。
[2026-06-03 22:30:02] ℹ 備份檔案完成
[2026-06-03 23:00:01] 開始轉換時間範圍: 2026-06-03 22:00:00 到 2026-06-03 22:59:59
[2026-06-03 23:00:01] ℹ su_web 該時段內無資料變動，未生成有效 SQL。
[2026-06-03 23:00:01] ℹ sm_m2 該時段內無資料變動，未生成有效 SQL。
[2026-06-03 23:00:01] ℹ 備份檔案完成
[2026-06-03 23:30:01] 開始轉換時間範圍: 2026-06-03 22:00:00 到 2026-06-03 22:59:59
[2026-06-03 23:30:01] ℹ su_web 該時段內無資料變動，未生成有效 SQL。
[2026-06-03 23:30:01] ℹ sm_m2 該時段內無資料變動，未生成有效 SQL。
[2026-06-03 23:30:01] ℹ 備份檔案完成
[2026-06-04 00:00:01] 開始轉換時間範圍: 2026-06-03 23:00:00 到 2026-06-03 23:59:59
[2026-06-04 00:00:01] ℹ su_web 該時段內無資料變動，未生成有效 SQL。
[2026-06-04 00:00:01] ℹ sm_m2 該時段內無資料變動，未生成有效 SQL。
[2026-06-04 00:00:01] ℹ 備份檔案完成
[2026-06-04 00:30:02] 開始轉換時間範圍: 2026-06-03 23:00:00 到 2026-06-03 23:59:59
[2026-06-04 00:30:02] ℹ su_web 該時段內無資料變動，未生成有效 SQL。
[2026-06-04 00:30:02] ℹ sm_m2 該時段內無資料變動，未生成有效 SQL。
[2026-06-04 00:30:02] ℹ 備份檔案完成
[2026-06-04 01:00:01] 開始轉換時間範圍: 2026-06-04 00:00:00 到 2026-06-04 00:59:59
[2026-06-04 01:00:01] ℹ su_web 該時段內無資料變動，未生成有效 SQL。
[2026-06-04 01:00:01] ℹ sm_m2 該時段內無資料變動，未生成有效 SQL。
[2026-06-04 01:00:02] ℹ 備份檔案完成
[2026-06-04 01:30:02] 開始轉換時間範圍: 2026-06-04 00:00:00 到 2026-06-04 00:59:59
[2026-06-04 01:30:02] ℹ su_web 該時段內無資料變動，未生成有效 SQL。
[2026-06-04 01:30:02] ℹ sm_m2 該時段內無資料變動，未生成有效 SQL。
[2026-06-04 01:30:02] ℹ 備份檔案完成
[2026-06-04 02:00:01] 開始轉換時間範圍: 2026-06-04 01:00:00 到 2026-06-04 01:59:59
[2026-06-04 02:00:01] ℹ su_web 該時段內無資料變動，未生成有效 SQL。
[2026-06-04 02:00:01] ℹ sm_m2 該時段內無資料變動，未生成有效 SQL。
[2026-06-04 02:00:01] ℹ 備份檔案完成
[2026-06-04 02:30:01] 開始轉換時間範圍: 2026-06-04 01:00:00 到 2026-06-04 01:59:59
[2026-06-04 02:30:01] ℹ su_web 該時段內無資料變動，未生成有效 SQL。
[2026-06-04 02:30:01] ℹ sm_m2 該時段內無資料變動，未生成有效 SQL。
[2026-06-04 02:30:01] ℹ 備份檔案完成
[2026-06-04 03:00:01] 開始轉換時間範圍: 2026-06-04 02:00:00 到 2026-06-04 02:59:59
[2026-06-04 03:00:01] ℹ su_web 該時段內無資料變動，未生成有效 SQL。
[2026-06-04 03:00:01] ℹ sm_m2 該時段內無資料變動，未生成有效 SQL。
[2026-06-04 03:00:01] ℹ 備份檔案完成
[2026-06-04 03:30:01] 開始轉換時間範圍: 2026-06-04 02:00:00 到 2026-06-04 02:59:59
[2026-06-04 03:30:01] ℹ su_web 該時段內無資料變動，未生成有效 SQL。
[2026-06-04 03:30:01] ℹ sm_m2 該時段內無資料變動，未生成有效 SQL。
[2026-06-04 03:30:01] ℹ 備份檔案完成
[2026-06-04 04:00:01] 開始轉換時間範圍: 2026-06-04 03:00:00 到 2026-06-04 03:59:59
[2026-06-04 04:00:01] ℹ su_web 該時段內無資料變動，未生成有效 SQL。
[2026-06-04 04:00:01] ℹ sm_m2 該時段內無資料變動，未生成有效 SQL。
[2026-06-04 04:00:01] ℹ 備份檔案完成
[2026-06-04 04:30:01] 開始轉換時間範圍: 2026-06-04 03:00:00 到 2026-06-04 03:59:59
[2026-06-04 04:30:02] ℹ su_web 該時段內無資料變動，未生成有效 SQL。
[2026-06-04 04:30:02] ℹ sm_m2 該時段內無資料變動，未生成有效 SQL。
[2026-06-04 04:30:02] ℹ 備份檔案完成
[2026-06-04 05:00:01] 開始轉換時間範圍: 2026-06-04 04:00:00 到 2026-06-04 04:59:59
[2026-06-04 05:00:01] ℹ su_web 該時段內無資料變動，未生成有效 SQL。
[2026-06-04 05:00:01] ℹ sm_m2 該時段內無資料變動，未生成有效 SQL。
[2026-06-04 05:00:01] ℹ 備份檔案完成
[2026-06-04 05:30:02] 開始轉換時間範圍: 2026-06-04 04:00:00 到 2026-06-04 04:59:59
[2026-06-04 05:30:02] ℹ su_web 該時段內無資料變動，未生成有效 SQL。
[2026-06-04 05:30:02] ℹ sm_m2 該時段內無資料變動，未生成有效 SQL。
[2026-06-04 05:30:02] ℹ 備份檔案完成
[2026-06-04 06:00:01] 開始轉換時間範圍: 2026-06-04 05:00:00 到 2026-06-04 05:59:59
[2026-06-04 06:00:01] ℹ su_web 該時段內無資料變動，未生成有效 SQL。
[2026-06-04 06:00:01] ℹ sm_m2 該時段內無資料變動，未生成有效 SQL。
[2026-06-04 06:00:01] ℹ 備份檔案完成
[2026-06-04 06:30:01] 開始轉換時間範圍: 2026-06-04 05:00:00 到 2026-06-04 05:59:59
[2026-06-04 06:30:01] ℹ su_web 該時段內無資料變動，未生成有效 SQL。
[2026-06-04 06:30:01] ℹ sm_m2 該時段內無資料變動，未生成有效 SQL。
[2026-06-04 06:30:01] ℹ 備份檔案完成
[2026-06-04 07:00:02] 開始轉換時間範圍: 2026-06-04 06:00:00 到 2026-06-04 06:59:59
[2026-06-04 07:00:02] ℹ su_web 該時段內無資料變動，未生成有效 SQL。
[2026-06-04 07:00:02] ℹ sm_m2 該時段內無資料變動，未生成有效 SQL。
[2026-06-04 07:00:02] ℹ 備份檔案完成
[2026-06-04 07:30:01] 開始轉換時間範圍: 2026-06-04 06:00:00 到 2026-06-04 06:59:59
[2026-06-04 07:30:01] ℹ su_web 該時段內無資料變動，未生成有效 SQL。
[2026-06-04 07:30:01] ℹ sm_m2 該時段內無資料變動，未生成有效 SQL。
[2026-06-04 07:30:02] ℹ 備份檔案完成
[2026-06-04 08:00:01] 開始轉換時間範圍: 2026-06-04 07:00:00 到 2026-06-04 07:59:59
[2026-06-04 08:00:01] ℹ su_web 該時段內無資料變動，未生成有效 SQL。
[2026-06-04 08:00:01] ℹ sm_m2 該時段內無資料變動，未生成有效 SQL。
[2026-06-04 08:00:01] ℹ 備份檔案完成
[2026-06-04 08:30:01] 開始轉換時間範圍: 2026-06-04 07:00:00 到 2026-06-04 07:59:59
[2026-06-04 08:30:01] ℹ su_web 該時段內無資料變動，未生成有效 SQL。
[2026-06-04 08:30:01] ℹ sm_m2 該時段內無資料變動，未生成有效 SQL。
[2026-06-04 08:30:02] ℹ 備份檔案完成
[2026-06-04 09:00:01] 開始轉換時間範圍: 2026-06-04 08:00:00 到 2026-06-04 08:59:59
[2026-06-04 09:00:01] ℹ su_web 該時段內無資料變動，未生成有效 SQL。
[2026-06-04 09:00:01] ℹ sm_m2 該時段內無資料變動，未生成有效 SQL。
[2026-06-04 09:00:01] ℹ 備份檔案完成
[2026-06-04 09:30:01] 開始轉換時間範圍: 2026-06-04 08:00:00 到 2026-06-04 08:59:59
[2026-06-04 09:30:01] ℹ su_web 該時段內無資料變動，未生成有效 SQL。
[2026-06-04 09:30:01] ℹ sm_m2 該時段內無資料變動，未生成有效 SQL。
[2026-06-04 09:30:01] ℹ 備份檔案完成
[2026-06-04 10:00:02] 開始轉換時間範圍: 2026-06-04 09:00:00 到 2026-06-04 09:59:59
[2026-06-04 10:00:02] ℹ su_web 該時段內無資料變動，未生成有效 SQL。
[2026-06-04 10:00:02] ℹ sm_m2 該時段內無資料變動，未生成有效 SQL。
[2026-06-04 10:00:02] ℹ 備份檔案完成
[2026-06-04 10:30:01] 開始轉換時間範圍: 2026-06-04 09:00:00 到 2026-06-04 09:59:59
[2026-06-04 10:30:01] ℹ su_web 該時段內無資料變動，未生成有效 SQL。
[2026-06-04 10:30:01] ℹ sm_m2 該時段內無資料變動，未生成有效 SQL。
[2026-06-04 10:30:01] ℹ 備份檔案完成
[2026-06-04 11:00:01] 開始轉換時間範圍: 2026-06-04 10:00:00 到 2026-06-04 10:59:59
[2026-06-04 11:00:01] ℹ su_web 該時段內無資料變動，未生成有效 SQL。
[2026-06-04 11:00:01] ℹ sm_m2 該時段內無資料變動，未生成有效 SQL。
[2026-06-04 11:00:01] ℹ 備份檔案完成
[2026-06-04 11:30:02] 開始轉換時間範圍: 2026-06-04 10:00:00 到 2026-06-04 10:59:59
[2026-06-04 11:30:02] ℹ su_web 該時段內無資料變動，未生成有效 SQL。
[2026-06-04 11:30:02] ℹ sm_m2 該時段內無資料變動，未生成有效 SQL。
[2026-06-04 11:30:02] ℹ 備份檔案完成
[2026-06-04 12:00:02] 開始轉換時間範圍: 2026-06-04 11:00:00 到 2026-06-04 11:59:59
[2026-06-04 12:00:02] ℹ su_web 該時段內無資料變動，未生成有效 SQL。
[2026-06-04 12:00:02] ℹ sm_m2 該時段內無資料變動，未生成有效 SQL。
[2026-06-04 12:00:02] ℹ 備份檔案完成
[2026-06-04 12:30:01] 開始轉換時間範圍: 2026-06-04 11:00:00 到 2026-06-04 11:59:59
[2026-06-04 12:30:01] ℹ su_web 該時段內無資料變動，未生成有效 SQL。
[2026-06-04 12:30:01] ℹ sm_m2 該時段內無資料變動，未生成有效 SQL。
[2026-06-04 12:30:02] ℹ 備份檔案完成
[2026-06-04 13:00:01] 開始轉換時間範圍: 2026-06-04 12:00:00 到 2026-06-04 12:59:59
[2026-06-04 13:00:01] ℹ su_web 該時段內無資料變動，未生成有效 SQL。
[2026-06-04 13:00:01] ℹ sm_m2 該時段內無資料變動，未生成有效 SQL。
[2026-06-04 13:00:02] ℹ 備份檔案完成
[2026-06-04 13:30:01] 開始轉換時間範圍: 2026-06-04 12:00:00 到 2026-06-04 12:59:59
[2026-06-04 13:30:01] ℹ su_web 該時段內無資料變動，未生成有效 SQL。
[2026-06-04 13:30:01] ℹ sm_m2 該時段內無資料變動，未生成有效 SQL。
[2026-06-04 13:30:02] ℹ 備份檔案完成
[2026-06-04 14:00:01] 開始轉換時間範圍: 2026-06-04 13:00:00 到 2026-06-04 13:59:59
[2026-06-04 14:00:01] ℹ su_web 該時段內無資料變動，未生成有效 SQL。
[2026-06-04 14:00:01] ℹ sm_m2 該時段內無資料變動，未生成有效 SQL。
[2026-06-04 14:00:01] ℹ 備份檔案完成
[2026-06-04 14:30:01] 開始轉換時間範圍: 2026-06-04 13:00:00 到 2026-06-04 13:59:59
[2026-06-04 14:30:01] ℹ su_web 該時段內無資料變動，未生成有效 SQL。
[2026-06-04 14:30:01] ℹ sm_m2 該時段內無資料變動，未生成有效 SQL。
[2026-06-04 14:30:01] ℹ 備份檔案完成
[2026-06-04 15:00:01] 開始轉換時間範圍: 2026-06-04 14:00:00 到 2026-06-04 14:59:59
[2026-06-04 15:00:01] ℹ su_web 該時段內無資料變動，未生成有效 SQL。
[2026-06-04 15:00:01] ℹ sm_m2 該時段內無資料變動，未生成有效 SQL。
[2026-06-04 15:00:01] ℹ 備份檔案完成
[2026-06-04 15:30:01] 開始轉換時間範圍: 2026-06-04 14:00:00 到 2026-06-04 14:59:59
[2026-06-04 15:30:01] ℹ su_web 該時段內無資料變動，未生成有效 SQL。
[2026-06-04 15:30:01] ℹ sm_m2 該時段內無資料變動，未生成有效 SQL。
[2026-06-04 15:30:01] ℹ 備份檔案完成
[2026-06-04 16:00:01] 開始轉換時間範圍: 2026-06-04 15:00:00 到 2026-06-04 15:59:59
[2026-06-04 16:00:01] ℹ su_web 該時段內無資料變動，未生成有效 SQL。
[2026-06-04 16:00:01] ℹ sm_m2 該時段內無資料變動，未生成有效 SQL。
[2026-06-04 16:00:01] ℹ 備份檔案完成
[2026-06-04 16:30:01] 開始轉換時間範圍: 2026-06-04 15:00:00 到 2026-06-04 15:59:59
[2026-06-04 16:30:01] ℹ su_web 該時段內無資料變動，未生成有效 SQL。
[2026-06-04 16:30:01] ℹ sm_m2 該時段內無資料變動，未生成有效 SQL。
[2026-06-04 16:30:01] ℹ 備份檔案完成
[2026-06-04 17:00:01] 開始轉換時間範圍: 2026-06-04 16:00:00 到 2026-06-04 16:59:59
[2026-06-04 17:00:01] ℹ su_web 該時段內無資料變動，未生成有效 SQL。
[2026-06-04 17:00:01] ℹ sm_m2 該時段內無資料變動，未生成有效 SQL。
[2026-06-04 17:00:01] ℹ 備份檔案完成
[2026-06-04 17:30:02] 開始轉換時間範圍: 2026-06-04 16:00:00 到 2026-06-04 16:59:59
[2026-06-04 17:30:02] ℹ su_web 該時段內無資料變動，未生成有效 SQL。
[2026-06-04 17:30:02] ℹ sm_m2 該時段內無資料變動，未生成有效 SQL。
[2026-06-04 17:30:02] ℹ 備份檔案完成
[2026-06-04 18:00:01] 開始轉換時間範圍: 2026-06-04 17:00:00 到 2026-06-04 17:59:59
[2026-06-04 18:00:01] ℹ su_web 該時段內無資料變動，未生成有效 SQL。
[2026-06-04 18:00:01] ℹ sm_m2 該時段內無資料變動，未生成有效 SQL。
[2026-06-04 18:00:01] ℹ 備份檔案完成
[2026-06-04 18:30:01] 開始轉換時間範圍: 2026-06-04 17:00:00 到 2026-06-04 17:59:59
[2026-06-04 18:30:01] ℹ su_web 該時段內無資料變動，未生成有效 SQL。
[2026-06-04 18:30:01] ℹ sm_m2 該時段內無資料變動，未生成有效 SQL。
[2026-06-04 18:30:01] ℹ 備份檔案完成
[2026-06-04 19:00:01] 開始轉換時間範圍: 2026-06-04 18:00:00 到 2026-06-04 18:59:59
[2026-06-04 19:00:01] ℹ su_web 該時段內無資料變動，未生成有效 SQL。
[2026-06-04 19:00:01] ℹ sm_m2 該時段內無資料變動，未生成有效 SQL。
[2026-06-04 19:00:01] ℹ 備份檔案完成
[2026-06-04 19:30:01] 開始轉換時間範圍: 2026-06-04 18:00:00 到 2026-06-04 18:59:59
[2026-06-04 19:30:01] ℹ su_web 該時段內無資料變動，未生成有效 SQL。
[2026-06-04 19:30:01] ℹ sm_m2 該時段內無資料變動，未生成有效 SQL。
[2026-06-04 19:30:01] ℹ 備份檔案完成
[2026-06-04 20:00:01] 開始轉換時間範圍: 2026-06-04 19:00:00 到 2026-06-04 19:59:59
[2026-06-04 20:00:01] ℹ su_web 該時段內無資料變動，未生成有效 SQL。
[2026-06-04 20:00:01] ℹ sm_m2 該時段內無資料變動，未生成有效 SQL。
[2026-06-04 20:00:01] ℹ 備份檔案完成
[2026-06-04 20:30:01] 開始轉換時間範圍: 2026-06-04 19:00:00 到 2026-06-04 19:59:59
[2026-06-04 20:30:01] ℹ su_web 該時段內無資料變動，未生成有效 SQL。
[2026-06-04 20:30:01] ℹ sm_m2 該時段內無資料變動，未生成有效 SQL。
[2026-06-04 20:30:01] ℹ 備份檔案完成
[2026-06-04 21:00:01] 開始轉換時間範圍: 2026-06-04 20:00:00 到 2026-06-04 20:59:59
[2026-06-04 21:00:01] ℹ su_web 該時段內無資料變動，未生成有效 SQL。
[2026-06-04 21:00:01] ℹ sm_m2 該時段內無資料變動，未生成有效 SQL。
[2026-06-04 21:00:01] ℹ 備份檔案完成
[2026-06-04 21:30:01] 開始轉換時間範圍: 2026-06-04 20:00:00 到 2026-06-04 20:59:59
[2026-06-04 21:30:01] ℹ su_web 該時段內無資料變動，未生成有效 SQL。
[2026-06-04 21:30:01] ℹ sm_m2 該時段內無資料變動，未生成有效 SQL。
[2026-06-04 21:30:01] ℹ 備份檔案完成
[2026-06-04 22:00:01] 開始轉換時間範圍: 2026-06-04 21:00:00 到 2026-06-04 21:59:59
[2026-06-04 22:00:02] ℹ su_web 該時段內無資料變動，未生成有效 SQL。
[2026-06-04 22:00:02] ℹ sm_m2 該時段內無資料變動，未生成有效 SQL。
[2026-06-04 22:00:02] ℹ 備份檔案完成
[2026-06-04 22:30:01] 開始轉換時間範圍: 2026-06-04 21:00:00 到 2026-06-04 21:59:59
[2026-06-04 22:30:01] ℹ su_web 該時段內無資料變動，未生成有效 SQL。
[2026-06-04 22:30:01] ℹ sm_m2 該時段內無資料變動，未生成有效 SQL。
[2026-06-04 22:30:01] ℹ 備份檔案完成
[2026-06-04 23:00:01] 開始轉換時間範圍: 2026-06-04 22:00:00 到 2026-06-04 22:59:59
[2026-06-04 23:00:01] ℹ su_web 該時段內無資料變動，未生成有效 SQL。
[2026-06-04 23:00:01] ℹ sm_m2 該時段內無資料變動，未生成有效 SQL。
[2026-06-04 23:00:01] ℹ 備份檔案完成
[2026-06-04 23:30:01] 開始轉換時間範圍: 2026-06-04 22:00:00 到 2026-06-04 22:59:59
[2026-06-04 23:30:01] ℹ su_web 該時段內無資料變動，未生成有效 SQL。
[2026-06-04 23:30:01] ℹ sm_m2 該時段內無資料變動，未生成有效 SQL。
[2026-06-04 23:30:01] ℹ 備份檔案完成
[2026-06-05 00:00:02] 開始轉換時間範圍: 2026-06-04 23:00:00 到 2026-06-04 23:59:59
[2026-06-05 00:00:02] ℹ su_web 該時段內無資料變動，未生成有效 SQL。
[2026-06-05 00:00:02] ℹ sm_m2 該時段內無資料變動，未生成有效 SQL。
[2026-06-05 00:00:02] ℹ 備份檔案完成
[2026-06-05 00:30:01] 開始轉換時間範圍: 2026-06-04 23:00:00 到 2026-06-04 23:59:59
[2026-06-05 00:30:01] ℹ su_web 該時段內無資料變動，未生成有效 SQL。
[2026-06-05 00:30:01] ℹ sm_m2 該時段內無資料變動，未生成有效 SQL。
[2026-06-05 00:30:01] ℹ 備份檔案完成
[2026-06-05 01:00:02] 開始轉換時間範圍: 2026-06-05 00:00:00 到 2026-06-05 00:59:59
[2026-06-05 01:00:02] ℹ su_web 該時段內無資料變動，未生成有效 SQL。
[2026-06-05 01:00:02] ℹ sm_m2 該時段內無資料變動，未生成有效 SQL。
[2026-06-05 01:00:02] ℹ 備份檔案完成
[2026-06-05 01:30:01] 開始轉換時間範圍: 2026-06-05 00:00:00 到 2026-06-05 00:59:59
[2026-06-05 01:30:01] ℹ su_web 該時段內無資料變動，未生成有效 SQL。
[2026-06-05 01:30:01] ℹ sm_m2 該時段內無資料變動，未生成有效 SQL。
[2026-06-05 01:30:01] ℹ 備份檔案完成
[2026-06-05 02:00:01] 開始轉換時間範圍: 2026-06-05 01:00:00 到 2026-06-05 01:59:59
[2026-06-05 02:00:01] ℹ su_web 該時段內無資料變動，未生成有效 SQL。
[2026-06-05 02:00:01] ℹ sm_m2 該時段內無資料變動，未生成有效 SQL。
[2026-06-05 02:00:01] ℹ 備份檔案完成
[2026-06-05 02:30:01] 開始轉換時間範圍: 2026-06-05 01:00:00 到 2026-06-05 01:59:59
[2026-06-05 02:30:01] ℹ su_web 該時段內無資料變動，未生成有效 SQL。
[2026-06-05 02:30:01] ℹ sm_m2 該時段內無資料變動，未生成有效 SQL。
[2026-06-05 02:30:01] ℹ 備份檔案完成
[2026-06-05 03:00:01] 開始轉換時間範圍: 2026-06-05 02:00:00 到 2026-06-05 02:59:59
[2026-06-05 03:00:01] ℹ su_web 該時段內無資料變動，未生成有效 SQL。
[2026-06-05 03:00:01] ℹ sm_m2 該時段內無資料變動，未生成有效 SQL。
[2026-06-05 03:00:01] ℹ 備份檔案完成
[2026-06-05 03:30:02] 開始轉換時間範圍: 2026-06-05 02:00:00 到 2026-06-05 02:59:59
[2026-06-05 03:30:02] ℹ su_web 該時段內無資料變動，未生成有效 SQL。
[2026-06-05 03:30:02] ℹ sm_m2 該時段內無資料變動，未生成有效 SQL。
[2026-06-05 03:30:02] ℹ 備份檔案完成
[2026-06-05 04:00:01] 開始轉換時間範圍: 2026-06-05 03:00:00 到 2026-06-05 03:59:59
[2026-06-05 04:00:01] ℹ su_web 該時段內無資料變動，未生成有效 SQL。
[2026-06-05 04:00:02] ℹ sm_m2 該時段內無資料變動，未生成有效 SQL。
[2026-06-05 04:00:02] ℹ 備份檔案完成
[2026-06-05 04:30:02] 開始轉換時間範圍: 2026-06-05 03:00:00 到 2026-06-05 03:59:59
[2026-06-05 04:30:02] ℹ su_web 該時段內無資料變動，未生成有效 SQL。
[2026-06-05 04:30:02] ℹ sm_m2 該時段內無資料變動，未生成有效 SQL。
[2026-06-05 04:30:02] ℹ 備份檔案完成
[2026-06-05 05:00:01] 開始轉換時間範圍: 2026-06-05 04:00:00 到 2026-06-05 04:59:59
[2026-06-05 05:00:01] ℹ su_web 該時段內無資料變動，未生成有效 SQL。
[2026-06-05 05:00:01] ℹ sm_m2 該時段內無資料變動，未生成有效 SQL。
[2026-06-05 05:00:01] ℹ 備份檔案完成
[2026-06-05 05:30:01] 開始轉換時間範圍: 2026-06-05 04:00:00 到 2026-06-05 04:59:59
[2026-06-05 05:30:01] ℹ su_web 該時段內無資料變動，未生成有效 SQL。
[2026-06-05 05:30:01] ℹ sm_m2 該時段內無資料變動，未生成有效 SQL。
[2026-06-05 05:30:01] ℹ 備份檔案完成
[2026-06-05 06:00:01] 開始轉換時間範圍: 2026-06-05 05:00:00 到 2026-06-05 05:59:59
[2026-06-05 06:00:01] ℹ su_web 該時段內無資料變動，未生成有效 SQL。
[2026-06-05 06:00:01] ℹ sm_m2 該時段內無資料變動，未生成有效 SQL。
[2026-06-05 06:00:01] ℹ 備份檔案完成
[2026-06-05 06:30:01] 開始轉換時間範圍: 2026-06-05 05:00:00 到 2026-06-05 05:59:59
[2026-06-05 06:30:02] ℹ su_web 該時段內無資料變動，未生成有效 SQL。
[2026-06-05 06:30:02] ℹ sm_m2 該時段內無資料變動，未生成有效 SQL。
[2026-06-05 06:30:02] ℹ 備份檔案完成
[2026-06-05 07:00:01] 開始轉換時間範圍: 2026-06-05 06:00:00 到 2026-06-05 06:59:59
[2026-06-05 07:00:01] ℹ su_web 該時段內無資料變動，未生成有效 SQL。
[2026-06-05 07:00:01] ℹ sm_m2 該時段內無資料變動，未生成有效 SQL。
[2026-06-05 07:00:01] ℹ 備份檔案完成
[2026-06-05 07:30:01] 開始轉換時間範圍: 2026-06-05 06:00:00 到 2026-06-05 06:59:59
[2026-06-05 07:30:01] ℹ su_web 該時段內無資料變動，未生成有效 SQL。
[2026-06-05 07:30:01] ℹ sm_m2 該時段內無資料變動，未生成有效 SQL。
[2026-06-05 07:30:01] ℹ 備份檔案完成
[2026-06-05 08:00:01] 開始轉換時間範圍: 2026-06-05 07:00:00 到 2026-06-05 07:59:59
[2026-06-05 08:00:01] ℹ su_web 該時段內無資料變動，未生成有效 SQL。
[2026-06-05 08:00:01] ℹ sm_m2 該時段內無資料變動，未生成有效 SQL。
[2026-06-05 08:00:01] ℹ 備份檔案完成
[2026-06-05 08:30:01] 開始轉換時間範圍: 2026-06-05 07:00:00 到 2026-06-05 07:59:59
[2026-06-05 08:30:01] ℹ su_web 該時段內無資料變動，未生成有效 SQL。
[2026-06-05 08:30:01] ℹ sm_m2 該時段內無資料變動，未生成有效 SQL。
[2026-06-05 08:30:01] ℹ 備份檔案完成
[2026-06-05 09:00:01] 開始轉換時間範圍: 2026-06-05 08:00:00 到 2026-06-05 08:59:59
[2026-06-05 09:00:01] ℹ su_web 該時段內無資料變動，未生成有效 SQL。
[2026-06-05 09:00:01] ℹ sm_m2 該時段內無資料變動，未生成有效 SQL。
[2026-06-05 09:00:01] ℹ 備份檔案完成
[2026-06-05 09:30:01] 開始轉換時間範圍: 2026-06-05 08:00:00 到 2026-06-05 08:59:59
[2026-06-05 09:30:01] ℹ su_web 該時段內無資料變動，未生成有效 SQL。
[2026-06-05 09:30:01] ℹ sm_m2 該時段內無資料變動，未生成有效 SQL。
[2026-06-05 09:30:01] ℹ 備份檔案完成
[2026-06-05 10:00:01] 開始轉換時間範圍: 2026-06-05 09:00:00 到 2026-06-05 09:59:59
[2026-06-05 10:00:01] ℹ su_web 該時段內無資料變動，未生成有效 SQL。
[2026-06-05 10:00:01] ℹ sm_m2 該時段內無資料變動，未生成有效 SQL。
[2026-06-05 10:00:01] ℹ 備份檔案完成
[2026-06-05 10:30:01] 開始轉換時間範圍: 2026-06-05 09:00:00 到 2026-06-05 09:59:59
[2026-06-05 10:30:01] ℹ su_web 該時段內無資料變動，未生成有效 SQL。
[2026-06-05 10:30:01] ℹ sm_m2 該時段內無資料變動，未生成有效 SQL。
[2026-06-05 10:30:01] ℹ 備份檔案完成
[2026-06-05 11:00:01] 開始轉換時間範圍: 2026-06-05 10:00:00 到 2026-06-05 10:59:59
[2026-06-05 11:00:02] ℹ su_web 該時段內無資料變動，未生成有效 SQL。
[2026-06-05 11:00:02] ℹ sm_m2 該時段內無資料變動，未生成有效 SQL。
[2026-06-05 11:00:02] ℹ 備份檔案完成
[2026-06-05 11:30:01] 開始轉換時間範圍: 2026-06-05 10:00:00 到 2026-06-05 10:59:59
[2026-06-05 11:30:01] ℹ su_web 該時段內無資料變動，未生成有效 SQL。
[2026-06-05 11:30:01] ℹ sm_m2 該時段內無資料變動，未生成有效 SQL。
[2026-06-05 11:30:02] ℹ 備份檔案完成
[2026-06-05 12:00:01] 開始轉換時間範圍: 2026-06-05 11:00:00 到 2026-06-05 11:59:59
[2026-06-05 12:00:01] ℹ su_web 該時段內無資料變動，未生成有效 SQL。
[2026-06-05 12:00:01] ℹ sm_m2 該時段內無資料變動，未生成有效 SQL。
[2026-06-05 12:00:01] ℹ 備份檔案完成
[2026-06-05 12:30:01] 開始轉換時間範圍: 2026-06-05 11:00:00 到 2026-06-05 11:59:59
[2026-06-05 12:30:01] ℹ su_web 該時段內無資料變動，未生成有效 SQL。
[2026-06-05 12:30:01] ℹ sm_m2 該時段內無資料變動，未生成有效 SQL。
[2026-06-05 12:30:01] ℹ 備份檔案完成
[2026-06-05 13:00:01] 開始轉換時間範圍: 2026-06-05 12:00:00 到 2026-06-05 12:59:59
[2026-06-05 13:00:01] ℹ su_web 該時段內無資料變動，未生成有效 SQL。
[2026-06-05 13:00:01] ℹ sm_m2 該時段內無資料變動，未生成有效 SQL。
[2026-06-05 13:00:01] ℹ 備份檔案完成
[2026-06-05 13:30:01] 開始轉換時間範圍: 2026-06-05 12:00:00 到 2026-06-05 12:59:59
[2026-06-05 13:30:01] ℹ su_web 該時段內無資料變動，未生成有效 SQL。
[2026-06-05 13:30:01] ℹ sm_m2 該時段內無資料變動，未生成有效 SQL。
[2026-06-05 13:30:01] ℹ 備份檔案完成
[2026-06-05 14:00:01] 開始轉換時間範圍: 2026-06-05 13:00:00 到 2026-06-05 13:59:59
[2026-06-05 14:00:01] ℹ su_web 該時段內無資料變動，未生成有效 SQL。
[2026-06-05 14:00:01] ℹ sm_m2 該時段內無資料變動，未生成有效 SQL。
[2026-06-05 14:00:01] ℹ 備份檔案完成
[2026-06-05 14:30:01] 開始轉換時間範圍: 2026-06-05 13:00:00 到 2026-06-05 13:59:59
[2026-06-05 14:30:01] ℹ su_web 該時段內無資料變動，未生成有效 SQL。
[2026-06-05 14:30:01] ℹ sm_m2 該時段內無資料變動，未生成有效 SQL。
[2026-06-05 14:30:01] ℹ 備份檔案完成
[2026-06-05 15:00:01] 開始轉換時間範圍: 2026-06-05 14:00:00 到 2026-06-05 14:59:59
[2026-06-05 15:00:01] ℹ su_web 該時段內無資料變動，未生成有效 SQL。
[2026-06-05 15:00:01] ℹ sm_m2 該時段內無資料變動，未生成有效 SQL。
[2026-06-05 15:00:01] ℹ 備份檔案完成
[2026-06-05 15:30:01] 開始轉換時間範圍: 2026-06-05 14:00:00 到 2026-06-05 14:59:59
[2026-06-05 15:30:01] ℹ su_web 該時段內無資料變動，未生成有效 SQL。
[2026-06-05 15:30:01] ℹ sm_m2 該時段內無資料變動，未生成有效 SQL。
[2026-06-05 15:30:02] ℹ 備份檔案完成
[2026-06-05 16:00:01] 開始轉換時間範圍: 2026-06-05 15:00:00 到 2026-06-05 15:59:59
[2026-06-05 16:00:01] ℹ su_web 該時段內無資料變動，未生成有效 SQL。
[2026-06-05 16:00:01] ℹ sm_m2 該時段內無資料變動，未生成有效 SQL。
[2026-06-05 16:00:01] ℹ 備份檔案完成
[2026-06-05 16:30:02] 開始轉換時間範圍: 2026-06-05 15:00:00 到 2026-06-05 15:59:59
[2026-06-05 16:30:02] ℹ su_web 該時段內無資料變動，未生成有效 SQL。
[2026-06-05 16:30:02] ℹ sm_m2 該時段內無資料變動，未生成有效 SQL。
[2026-06-05 16:30:02] ℹ 備份檔案完成
[2026-06-05 17:00:01] 開始轉換時間範圍: 2026-06-05 16:00:00 到 2026-06-05 16:59:59
[2026-06-05 17:00:01] ℹ su_web 該時段內無資料變動，未生成有效 SQL。
[2026-06-05 17:00:01] ℹ sm_m2 該時段內無資料變動，未生成有效 SQL。
[2026-06-05 17:00:01] ℹ 備份檔案完成
[2026-06-05 17:30:01] 開始轉換時間範圍: 2026-06-05 16:00:00 到 2026-06-05 16:59:59
[2026-06-05 17:30:01] ℹ su_web 該時段內無資料變動，未生成有效 SQL。
[2026-06-05 17:30:01] ℹ sm_m2 該時段內無資料變動，未生成有效 SQL。
[2026-06-05 17:30:02] ℹ 備份檔案完成
[2026-06-05 18:00:01] 開始轉換時間範圍: 2026-06-05 17:00:00 到 2026-06-05 17:59:59
[2026-06-05 18:00:01] ℹ su_web 該時段內無資料變動，未生成有效 SQL。
[2026-06-05 18:00:02] ℹ sm_m2 該時段內無資料變動，未生成有效 SQL。
[2026-06-05 18:00:02] ℹ 備份檔案完成
[2026-06-05 18:30:01] 開始轉換時間範圍: 2026-06-05 17:00:00 到 2026-06-05 17:59:59
[2026-06-05 18:30:01] ℹ su_web 該時段內無資料變動，未生成有效 SQL。
[2026-06-05 18:30:01] ℹ sm_m2 該時段內無資料變動，未生成有效 SQL。
[2026-06-05 18:30:01] ℹ 備份檔案完成
[2026-06-05 19:00:01] 開始轉換時間範圍: 2026-06-05 18:00:00 到 2026-06-05 18:59:59
[2026-06-05 19:00:01] ℹ su_web 該時段內無資料變動，未生成有效 SQL。
[2026-06-05 19:00:01] ℹ sm_m2 該時段內無資料變動，未生成有效 SQL。
[2026-06-05 19:00:01] ℹ 備份檔案完成
[2026-06-05 19:30:01] 開始轉換時間範圍: 2026-06-05 18:00:00 到 2026-06-05 18:59:59
[2026-06-05 19:30:02] ℹ su_web 該時段內無資料變動，未生成有效 SQL。
[2026-06-05 19:30:02] ℹ sm_m2 該時段內無資料變動，未生成有效 SQL。
[2026-06-05 19:30:02] ℹ 備份檔案完成
[2026-06-05 20:00:01] 開始轉換時間範圍: 2026-06-05 19:00:00 到 2026-06-05 19:59:59
[2026-06-05 20:00:01] ℹ su_web 該時段內無資料變動，未生成有效 SQL。
[2026-06-05 20:00:01] ℹ sm_m2 該時段內無資料變動，未生成有效 SQL。
[2026-06-05 20:00:02] ℹ 備份檔案完成
[2026-06-05 20:30:01] 開始轉換時間範圍: 2026-06-05 19:00:00 到 2026-06-05 19:59:59
[2026-06-05 20:30:02] ℹ su_web 該時段內無資料變動，未生成有效 SQL。
[2026-06-05 20:30:02] ℹ sm_m2 該時段內無資料變動，未生成有效 SQL。
[2026-06-05 20:30:02] ℹ 備份檔案完成
[2026-06-05 21:00:01] 開始轉換時間範圍: 2026-06-05 20:00:00 到 2026-06-05 20:59:59
[2026-06-05 21:00:01] ℹ su_web 該時段內無資料變動，未生成有效 SQL。
[2026-06-05 21:00:01] ℹ sm_m2 該時段內無資料變動，未生成有效 SQL。
[2026-06-05 21:00:02] ℹ 備份檔案完成
[2026-06-05 21:30:01] 開始轉換時間範圍: 2026-06-05 20:00:00 到 2026-06-05 20:59:59
[2026-06-05 21:30:01] ℹ su_web 該時段內無資料變動，未生成有效 SQL。
[2026-06-05 21:30:01] ℹ sm_m2 該時段內無資料變動，未生成有效 SQL。
[2026-06-05 21:30:01] ℹ 備份檔案完成
[2026-06-05 22:00:01] 開始轉換時間範圍: 2026-06-05 21:00:00 到 2026-06-05 21:59:59
[2026-06-05 22:00:01] ℹ su_web 該時段內無資料變動，未生成有效 SQL。
[2026-06-05 22:00:01] ℹ sm_m2 該時段內無資料變動，未生成有效 SQL。
[2026-06-05 22:00:01] ℹ 備份檔案完成
[2026-06-05 22:30:01] 開始轉換時間範圍: 2026-06-05 21:00:00 到 2026-06-05 21:59:59
[2026-06-05 22:30:01] ℹ su_web 該時段內無資料變動，未生成有效 SQL。
[2026-06-05 22:30:02] ℹ sm_m2 該時段內無資料變動，未生成有效 SQL。
[2026-06-05 22:30:02] ℹ 備份檔案完成
[2026-06-05 23:00:01] 開始轉換時間範圍: 2026-06-05 22:00:00 到 2026-06-05 22:59:59
[2026-06-05 23:00:01] ℹ su_web 該時段內無資料變動，未生成有效 SQL。
[2026-06-05 23:00:01] ℹ sm_m2 該時段內無資料變動，未生成有效 SQL。
[2026-06-05 23:00:01] ℹ 備份檔案完成
[2026-06-05 23:30:01] 開始轉換時間範圍: 2026-06-05 22:00:00 到 2026-06-05 22:59:59
[2026-06-05 23:30:01] ℹ su_web 該時段內無資料變動，未生成有效 SQL。
[2026-06-05 23:30:01] ℹ sm_m2 該時段內無資料變動，未生成有效 SQL。
[2026-06-05 23:30:02] ℹ 備份檔案完成
[2026-06-06 00:00:01] 開始轉換時間範圍: 2026-06-05 23:00:00 到 2026-06-05 23:59:59
[2026-06-06 00:00:01] ℹ su_web 該時段內無資料變動，未生成有效 SQL。
[2026-06-06 00:00:02] ℹ sm_m2 該時段內無資料變動，未生成有效 SQL。
[2026-06-06 00:00:02] ℹ 備份檔案完成
[2026-06-06 00:30:02] 開始轉換時間範圍: 2026-06-05 23:00:00 到 2026-06-05 23:59:59
[2026-06-06 00:30:02] ℹ su_web 該時段內無資料變動，未生成有效 SQL。
[2026-06-06 00:30:02] ℹ sm_m2 該時段內無資料變動，未生成有效 SQL。
[2026-06-06 00:30:02] ℹ 備份檔案完成
[2026-06-06 01:00:01] 開始轉換時間範圍: 2026-06-06 00:00:00 到 2026-06-06 00:59:59
[2026-06-06 01:00:01] ℹ su_web 該時段內無資料變動，未生成有效 SQL。
[2026-06-06 01:00:01] ℹ sm_m2 該時段內無資料變動，未生成有效 SQL。
[2026-06-06 01:00:01] ℹ 備份檔案完成
[2026-06-06 01:30:01] 開始轉換時間範圍: 2026-06-06 00:00:00 到 2026-06-06 00:59:59
[2026-06-06 01:30:01] ℹ su_web 該時段內無資料變動，未生成有效 SQL。
[2026-06-06 01:30:01] ℹ sm_m2 該時段內無資料變動，未生成有效 SQL。
[2026-06-06 01:30:02] ℹ 備份檔案完成
[2026-06-06 02:00:02] 開始轉換時間範圍: 2026-06-06 01:00:00 到 2026-06-06 01:59:59
[2026-06-06 02:00:02] ℹ su_web 該時段內無資料變動，未生成有效 SQL。
[2026-06-06 02:00:02] ℹ sm_m2 該時段內無資料變動，未生成有效 SQL。
[2026-06-06 02:00:02] ℹ 備份檔案完成
[2026-06-06 02:30:01] 開始轉換時間範圍: 2026-06-06 01:00:00 到 2026-06-06 01:59:59
[2026-06-06 02:30:01] ℹ su_web 該時段內無資料變動，未生成有效 SQL。
[2026-06-06 02:30:01] ℹ sm_m2 該時段內無資料變動，未生成有效 SQL。
[2026-06-06 02:30:01] ℹ 備份檔案完成
[2026-06-06 03:00:02] 開始轉換時間範圍: 2026-06-06 02:00:00 到 2026-06-06 02:59:59
[2026-06-06 03:00:02] ℹ su_web 該時段內無資料變動，未生成有效 SQL。
[2026-06-06 03:00:02] ℹ sm_m2 該時段內無資料變動，未生成有效 SQL。
[2026-06-06 03:00:02] ℹ 備份檔案完成
[2026-06-06 03:30:01] 開始轉換時間範圍: 2026-06-06 02:00:00 到 2026-06-06 02:59:59
[2026-06-06 03:30:01] ℹ su_web 該時段內無資料變動，未生成有效 SQL。
[2026-06-06 03:30:01] ℹ sm_m2 該時段內無資料變動，未生成有效 SQL。
[2026-06-06 03:30:02] ℹ 備份檔案完成
[2026-06-06 04:00:01] 開始轉換時間範圍: 2026-06-06 03:00:00 到 2026-06-06 03:59:59
[2026-06-06 04:00:01] ℹ su_web 該時段內無資料變動，未生成有效 SQL。
[2026-06-06 04:00:01] ℹ sm_m2 該時段內無資料變動，未生成有效 SQL。
[2026-06-06 04:00:01] ℹ 備份檔案完成
[2026-06-06 04:30:02] 開始轉換時間範圍: 2026-06-06 03:00:00 到 2026-06-06 03:59:59
[2026-06-06 04:30:02] ℹ su_web 該時段內無資料變動，未生成有效 SQL。
[2026-06-06 04:30:02] ℹ sm_m2 該時段內無資料變動，未生成有效 SQL。
[2026-06-06 04:30:02] ℹ 備份檔案完成
[2026-06-06 05:00:01] 開始轉換時間範圍: 2026-06-06 04:00:00 到 2026-06-06 04:59:59
[2026-06-06 05:00:01] ℹ su_web 該時段內無資料變動，未生成有效 SQL。
[2026-06-06 05:00:01] ℹ sm_m2 該時段內無資料變動，未生成有效 SQL。
[2026-06-06 05:00:01] ℹ 備份檔案完成
[2026-06-06 05:30:01] 開始轉換時間範圍: 2026-06-06 04:00:00 到 2026-06-06 04:59:59
[2026-06-06 05:30:01] ℹ su_web 該時段內無資料變動，未生成有效 SQL。
[2026-06-06 05:30:01] ℹ sm_m2 該時段內無資料變動，未生成有效 SQL。
[2026-06-06 05:30:01] ℹ 備份檔案完成
[2026-06-06 06:00:01] 開始轉換時間範圍: 2026-06-06 05:00:00 到 2026-06-06 05:59:59
[2026-06-06 06:00:01] ℹ su_web 該時段內無資料變動，未生成有效 SQL。
[2026-06-06 06:00:01] ℹ sm_m2 該時段內無資料變動，未生成有效 SQL。
[2026-06-06 06:00:01] ℹ 備份檔案完成
[2026-06-06 06:30:01] 開始轉換時間範圍: 2026-06-06 05:00:00 到 2026-06-06 05:59:59
[2026-06-06 06:30:01] ℹ su_web 該時段內無資料變動，未生成有效 SQL。
[2026-06-06 06:30:01] ℹ sm_m2 該時段內無資料變動，未生成有效 SQL。
[2026-06-06 06:30:02] ℹ 備份檔案完成
[2026-06-06 07:00:01] 開始轉換時間範圍: 2026-06-06 06:00:00 到 2026-06-06 06:59:59
[2026-06-06 07:00:01] ℹ su_web 該時段內無資料變動，未生成有效 SQL。
[2026-06-06 07:00:01] ℹ sm_m2 該時段內無資料變動，未生成有效 SQL。
[2026-06-06 07:00:01] ℹ 備份檔案完成
[2026-06-06 07:30:01] 開始轉換時間範圍: 2026-06-06 06:00:00 到 2026-06-06 06:59:59
[2026-06-06 07:30:01] ℹ su_web 該時段內無資料變動，未生成有效 SQL。
[2026-06-06 07:30:01] ℹ sm_m2 該時段內無資料變動，未生成有效 SQL。
[2026-06-06 07:30:01] ℹ 備份檔案完成
[2026-06-06 08:00:01] 開始轉換時間範圍: 2026-06-06 07:00:00 到 2026-06-06 07:59:59
[2026-06-06 08:00:01] ℹ su_web 該時段內無資料變動，未生成有效 SQL。
[2026-06-06 08:00:01] ℹ sm_m2 該時段內無資料變動，未生成有效 SQL。
[2026-06-06 08:00:01] ℹ 備份檔案完成
[2026-06-06 08:30:01] 開始轉換時間範圍: 2026-06-06 07:00:00 到 2026-06-06 07:59:59
[2026-06-06 08:30:01] ℹ su_web 該時段內無資料變動，未生成有效 SQL。
[2026-06-06 08:30:01] ℹ sm_m2 該時段內無資料變動，未生成有效 SQL。
[2026-06-06 08:30:01] ℹ 備份檔案完成
[2026-06-06 09:00:01] 開始轉換時間範圍: 2026-06-06 08:00:00 到 2026-06-06 08:59:59
[2026-06-06 09:00:01] ℹ su_web 該時段內無資料變動，未生成有效 SQL。
[2026-06-06 09:00:01] ℹ sm_m2 該時段內無資料變動，未生成有效 SQL。
[2026-06-06 09:00:01] ℹ 備份檔案完成
[2026-06-06 09:30:01] 開始轉換時間範圍: 2026-06-06 08:00:00 到 2026-06-06 08:59:59
[2026-06-06 09:30:01] ℹ su_web 該時段內無資料變動，未生成有效 SQL。
[2026-06-06 09:30:01] ℹ sm_m2 該時段內無資料變動，未生成有效 SQL。
[2026-06-06 09:30:01] ℹ 備份檔案完成
[2026-06-06 10:00:02] 開始轉換時間範圍: 2026-06-06 09:00:00 到 2026-06-06 09:59:59
[2026-06-06 10:00:02] ℹ su_web 該時段內無資料變動，未生成有效 SQL。
[2026-06-06 10:00:02] ℹ sm_m2 該時段內無資料變動，未生成有效 SQL。
[2026-06-06 10:00:02] ℹ 備份檔案完成
[2026-06-06 10:30:01] 開始轉換時間範圍: 2026-06-06 09:00:00 到 2026-06-06 09:59:59
[2026-06-06 10:30:02] ℹ su_web 該時段內無資料變動，未生成有效 SQL。
[2026-06-06 10:30:02] ℹ sm_m2 該時段內無資料變動，未生成有效 SQL。
[2026-06-06 10:30:02] ℹ 備份檔案完成
[2026-06-06 11:00:01] 開始轉換時間範圍: 2026-06-06 10:00:00 到 2026-06-06 10:59:59
[2026-06-06 11:00:02] ℹ su_web 該時段內無資料變動，未生成有效 SQL。
[2026-06-06 11:00:02] ℹ sm_m2 該時段內無資料變動，未生成有效 SQL。
[2026-06-06 11:00:02] ℹ 備份檔案完成
[2026-06-06 11:30:01] 開始轉換時間範圍: 2026-06-06 10:00:00 到 2026-06-06 10:59:59
[2026-06-06 11:30:01] ℹ su_web 該時段內無資料變動，未生成有效 SQL。
[2026-06-06 11:30:01] ℹ sm_m2 該時段內無資料變動，未生成有效 SQL。
[2026-06-06 11:30:01] ℹ 備份檔案完成
[2026-06-06 12:00:02] 開始轉換時間範圍: 2026-06-06 11:00:00 到 2026-06-06 11:59:59
[2026-06-06 12:00:02] ℹ su_web 該時段內無資料變動，未生成有效 SQL。
[2026-06-06 12:00:02] ℹ sm_m2 該時段內無資料變動，未生成有效 SQL。
[2026-06-06 12:00:02] ℹ 備份檔案完成
[2026-06-06 12:30:01] 開始轉換時間範圍: 2026-06-06 11:00:00 到 2026-06-06 11:59:59
[2026-06-06 12:30:02] ℹ su_web 該時段內無資料變動，未生成有效 SQL。
[2026-06-06 12:30:02] ℹ sm_m2 該時段內無資料變動，未生成有效 SQL。
[2026-06-06 12:30:02] ℹ 備份檔案完成
[2026-06-06 13:00:02] 開始轉換時間範圍: 2026-06-06 12:00:00 到 2026-06-06 12:59:59
[2026-06-06 13:00:02] ℹ su_web 該時段內無資料變動，未生成有效 SQL。
[2026-06-06 13:00:02] ℹ sm_m2 該時段內無資料變動，未生成有效 SQL。
[2026-06-06 13:00:02] ℹ 備份檔案完成
[2026-06-06 13:30:01] 開始轉換時間範圍: 2026-06-06 12:00:00 到 2026-06-06 12:59:59
[2026-06-06 13:30:02] ℹ su_web 該時段內無資料變動，未生成有效 SQL。
[2026-06-06 13:30:02] ℹ sm_m2 該時段內無資料變動，未生成有效 SQL。
[2026-06-06 13:30:02] ℹ 備份檔案完成
[2026-06-06 14:00:01] 開始轉換時間範圍: 2026-06-06 13:00:00 到 2026-06-06 13:59:59
[2026-06-06 14:00:01] ℹ su_web 該時段內無資料變動，未生成有效 SQL。
[2026-06-06 14:00:02] ℹ sm_m2 該時段內無資料變動，未生成有效 SQL。
[2026-06-06 14:00:02] ℹ 備份檔案完成
[2026-06-06 14:30:01] 開始轉換時間範圍: 2026-06-06 13:00:00 到 2026-06-06 13:59:59
[2026-06-06 14:30:01] ℹ su_web 該時段內無資料變動，未生成有效 SQL。
[2026-06-06 14:30:01] ℹ sm_m2 該時段內無資料變動，未生成有效 SQL。
[2026-06-06 14:30:01] ℹ 備份檔案完成
[2026-06-06 15:00:02] 開始轉換時間範圍: 2026-06-06 14:00:00 到 2026-06-06 14:59:59
[2026-06-06 15:00:02] ℹ su_web 該時段內無資料變動，未生成有效 SQL。
[2026-06-06 15:00:02] ℹ sm_m2 該時段內無資料變動，未生成有效 SQL。
[2026-06-06 15:00:02] ℹ 備份檔案完成
[2026-06-06 15:30:01] 開始轉換時間範圍: 2026-06-06 14:00:00 到 2026-06-06 14:59:59
[2026-06-06 15:30:02] ℹ su_web 該時段內無資料變動，未生成有效 SQL。
[2026-06-06 15:30:02] ℹ sm_m2 該時段內無資料變動，未生成有效 SQL。
[2026-06-06 15:30:02] ℹ 備份檔案完成
[2026-06-06 16:00:01] 開始轉換時間範圍: 2026-06-06 15:00:00 到 2026-06-06 15:59:59
[2026-06-06 16:00:01] ℹ su_web 該時段內無資料變動，未生成有效 SQL。
[2026-06-06 16:00:01] ℹ sm_m2 該時段內無資料變動，未生成有效 SQL。
[2026-06-06 16:00:01] ℹ 備份檔案完成
[2026-06-06 16:30:01] 開始轉換時間範圍: 2026-06-06 15:00:00 到 2026-06-06 15:59:59
[2026-06-06 16:30:02] ℹ su_web 該時段內無資料變動，未生成有效 SQL。
[2026-06-06 16:30:02] ℹ sm_m2 該時段內無資料變動，未生成有效 SQL。
[2026-06-06 16:30:02] ℹ 備份檔案完成
[2026-06-06 17:00:01] 開始轉換時間範圍: 2026-06-06 16:00:00 到 2026-06-06 16:59:59
[2026-06-06 17:00:01] ℹ su_web 該時段內無資料變動，未生成有效 SQL。
[2026-06-06 17:00:01] ℹ sm_m2 該時段內無資料變動，未生成有效 SQL。
[2026-06-06 17:00:01] ℹ 備份檔案完成
[2026-06-06 17:30:01] 開始轉換時間範圍: 2026-06-06 16:00:00 到 2026-06-06 16:59:59
[2026-06-06 17:30:01] ℹ su_web 該時段內無資料變動，未生成有效 SQL。
[2026-06-06 17:30:01] ℹ sm_m2 該時段內無資料變動，未生成有效 SQL。
[2026-06-06 17:30:01] ℹ 備份檔案完成
[2026-06-06 18:00:02] 開始轉換時間範圍: 2026-06-06 17:00:00 到 2026-06-06 17:59:59
[2026-06-06 18:00:02] ℹ su_web 該時段內無資料變動，未生成有效 SQL。
[2026-06-06 18:00:02] ℹ sm_m2 該時段內無資料變動，未生成有效 SQL。
[2026-06-06 18:00:02] ℹ 備份檔案完成
[2026-06-06 18:30:02] 開始轉換時間範圍: 2026-06-06 17:00:00 到 2026-06-06 17:59:59
[2026-06-06 18:30:02] ℹ su_web 該時段內無資料變動，未生成有效 SQL。
[2026-06-06 18:30:02] ℹ sm_m2 該時段內無資料變動，未生成有效 SQL。
[2026-06-06 18:30:02] ℹ 備份檔案完成
[2026-06-06 19:00:01] 開始轉換時間範圍: 2026-06-06 18:00:00 到 2026-06-06 18:59:59
[2026-06-06 19:00:01] ℹ su_web 該時段內無資料變動，未生成有效 SQL。
[2026-06-06 19:00:01] ℹ sm_m2 該時段內無資料變動，未生成有效 SQL。
[2026-06-06 19:00:01] ℹ 備份檔案完成
[2026-06-06 19:30:01] 開始轉換時間範圍: 2026-06-06 18:00:00 到 2026-06-06 18:59:59
[2026-06-06 19:30:01] ℹ su_web 該時段內無資料變動，未生成有效 SQL。
[2026-06-06 19:30:01] ℹ sm_m2 該時段內無資料變動，未生成有效 SQL。
[2026-06-06 19:30:01] ℹ 備份檔案完成
[2026-06-06 20:00:01] 開始轉換時間範圍: 2026-06-06 19:00:00 到 2026-06-06 19:59:59
[2026-06-06 20:00:01] ℹ su_web 該時段內無資料變動，未生成有效 SQL。
[2026-06-06 20:00:01] ℹ sm_m2 該時段內無資料變動，未生成有效 SQL。
[2026-06-06 20:00:01] ℹ 備份檔案完成
[2026-06-06 20:30:01] 開始轉換時間範圍: 2026-06-06 19:00:00 到 2026-06-06 19:59:59
[2026-06-06 20:30:01] ℹ su_web 該時段內無資料變動，未生成有效 SQL。
[2026-06-06 20:30:01] ℹ sm_m2 該時段內無資料變動，未生成有效 SQL。
[2026-06-06 20:30:01] ℹ 備份檔案完成
[2026-06-06 21:00:01] 開始轉換時間範圍: 2026-06-06 20:00:00 到 2026-06-06 20:59:59
[2026-06-06 21:00:01] ℹ su_web 該時段內無資料變動，未生成有效 SQL。
[2026-06-06 21:00:01] ℹ sm_m2 該時段內無資料變動，未生成有效 SQL。
[2026-06-06 21:00:01] ℹ 備份檔案完成
[2026-06-06 21:30:01] 開始轉換時間範圍: 2026-06-06 20:00:00 到 2026-06-06 20:59:59
[2026-06-06 21:30:01] ℹ su_web 該時段內無資料變動，未生成有效 SQL。
[2026-06-06 21:30:01] ℹ sm_m2 該時段內無資料變動，未生成有效 SQL。
[2026-06-06 21:30:01] ℹ 備份檔案完成
[2026-06-06 22:00:01] 開始轉換時間範圍: 2026-06-06 21:00:00 到 2026-06-06 21:59:59
[2026-06-06 22:00:01] ℹ su_web 該時段內無資料變動，未生成有效 SQL。
[2026-06-06 22:00:01] ℹ sm_m2 該時段內無資料變動，未生成有效 SQL。
[2026-06-06 22:00:01] ℹ 備份檔案完成
[2026-06-06 22:30:01] 開始轉換時間範圍: 2026-06-06 21:00:00 到 2026-06-06 21:59:59
[2026-06-06 22:30:01] ℹ su_web 該時段內無資料變動，未生成有效 SQL。
[2026-06-06 22:30:01] ℹ sm_m2 該時段內無資料變動，未生成有效 SQL。
[2026-06-06 22:30:01] ℹ 備份檔案完成
[2026-06-06 23:00:01] 開始轉換時間範圍: 2026-06-06 22:00:00 到 2026-06-06 22:59:59
[2026-06-06 23:00:01] ℹ su_web 該時段內無資料變動，未生成有效 SQL。
[2026-06-06 23:00:01] ℹ sm_m2 該時段內無資料變動，未生成有效 SQL。
[2026-06-06 23:00:01] ℹ 備份檔案完成
[2026-06-06 23:30:01] 開始轉換時間範圍: 2026-06-06 22:00:00 到 2026-06-06 22:59:59
[2026-06-06 23:30:01] ℹ su_web 該時段內無資料變動，未生成有效 SQL。
[2026-06-06 23:30:01] ℹ sm_m2 該時段內無資料變動，未生成有效 SQL。
[2026-06-06 23:30:01] ℹ 備份檔案完成
[2026-06-07 00:00:01] 開始轉換時間範圍: 2026-06-06 23:00:00 到 2026-06-06 23:59:59
[2026-06-07 00:00:01] ℹ su_web 該時段內無資料變動，未生成有效 SQL。
[2026-06-07 00:00:01] ℹ sm_m2 該時段內無資料變動，未生成有效 SQL。
[2026-06-07 00:00:01] ℹ 備份檔案完成
[2026-06-07 00:30:01] 開始轉換時間範圍: 2026-06-06 23:00:00 到 2026-06-06 23:59:59
[2026-06-07 00:30:01] ℹ su_web 該時段內無資料變動，未生成有效 SQL。
[2026-06-07 00:30:01] ℹ sm_m2 該時段內無資料變動，未生成有效 SQL。
[2026-06-07 00:30:01] ℹ 備份檔案完成
[2026-06-07 01:00:01] 開始轉換時間範圍: 2026-06-07 00:00:00 到 2026-06-07 00:59:59
[2026-06-07 01:00:02] ℹ su_web 該時段內無資料變動，未生成有效 SQL。
[2026-06-07 01:00:02] ℹ sm_m2 該時段內無資料變動，未生成有效 SQL。
[2026-06-07 01:00:02] ℹ 備份檔案完成
[2026-06-07 01:30:01] 開始轉換時間範圍: 2026-06-07 00:00:00 到 2026-06-07 00:59:59
[2026-06-07 01:30:01] ℹ su_web 該時段內無資料變動，未生成有效 SQL。
[2026-06-07 01:30:01] ℹ sm_m2 該時段內無資料變動，未生成有效 SQL。
[2026-06-07 01:30:01] ℹ 備份檔案完成
[2026-06-07 02:00:01] 開始轉換時間範圍: 2026-06-07 01:00:00 到 2026-06-07 01:59:59
[2026-06-07 02:00:01] ℹ su_web 該時段內無資料變動，未生成有效 SQL。
[2026-06-07 02:00:01] ℹ sm_m2 該時段內無資料變動，未生成有效 SQL。
[2026-06-07 02:00:01] ℹ 備份檔案完成
[2026-06-07 02:30:01] 開始轉換時間範圍: 2026-06-07 01:00:00 到 2026-06-07 01:59:59
[2026-06-07 02:30:01] ℹ su_web 該時段內無資料變動，未生成有效 SQL。
[2026-06-07 02:30:01] ℹ sm_m2 該時段內無資料變動，未生成有效 SQL。
[2026-06-07 02:30:01] ℹ 備份檔案完成
[2026-06-07 03:00:01] 開始轉換時間範圍: 2026-06-07 02:00:00 到 2026-06-07 02:59:59
[2026-06-07 03:00:01] ℹ su_web 該時段內無資料變動，未生成有效 SQL。
[2026-06-07 03:00:01] ℹ sm_m2 該時段內無資料變動，未生成有效 SQL。
[2026-06-07 03:00:01] ℹ 備份檔案完成
[2026-06-07 03:30:01] 開始轉換時間範圍: 2026-06-07 02:00:00 到 2026-06-07 02:59:59
[2026-06-07 03:30:01] ℹ su_web 該時段內無資料變動，未生成有效 SQL。
[2026-06-07 03:30:01] ℹ sm_m2 該時段內無資料變動，未生成有效 SQL。
[2026-06-07 03:30:01] ℹ 備份檔案完成
[2026-06-07 04:00:01] 開始轉換時間範圍: 2026-06-07 03:00:00 到 2026-06-07 03:59:59
[2026-06-07 04:00:01] ℹ su_web 該時段內無資料變動，未生成有效 SQL。
[2026-06-07 04:00:01] ℹ sm_m2 該時段內無資料變動，未生成有效 SQL。
[2026-06-07 04:00:01] ℹ 備份檔案完成
[2026-06-07 04:30:01] 開始轉換時間範圍: 2026-06-07 03:00:00 到 2026-06-07 03:59:59
[2026-06-07 04:30:01] ℹ su_web 該時段內無資料變動，未生成有效 SQL。
[2026-06-07 04:30:01] ℹ sm_m2 該時段內無資料變動，未生成有效 SQL。
[2026-06-07 04:30:01] ℹ 備份檔案完成
[2026-06-07 05:00:02] 開始轉換時間範圍: 2026-06-07 04:00:00 到 2026-06-07 04:59:59
[2026-06-07 05:00:02] ℹ su_web 該時段內無資料變動，未生成有效 SQL。
[2026-06-07 05:00:02] ℹ sm_m2 該時段內無資料變動，未生成有效 SQL。
[2026-06-07 05:00:02] ℹ 備份檔案完成
[2026-06-07 05:30:01] 開始轉換時間範圍: 2026-06-07 04:00:00 到 2026-06-07 04:59:59
[2026-06-07 05:30:01] ℹ su_web 該時段內無資料變動，未生成有效 SQL。
[2026-06-07 05:30:01] ℹ sm_m2 該時段內無資料變動，未生成有效 SQL。
[2026-06-07 05:30:01] ℹ 備份檔案完成
[2026-06-07 06:00:01] 開始轉換時間範圍: 2026-06-07 05:00:00 到 2026-06-07 05:59:59
[2026-06-07 06:00:01] ℹ su_web 該時段內無資料變動，未生成有效 SQL。
[2026-06-07 06:00:01] ℹ sm_m2 該時段內無資料變動，未生成有效 SQL。
[2026-06-07 06:00:01] ℹ 備份檔案完成
[2026-06-07 06:30:01] 開始轉換時間範圍: 2026-06-07 05:00:00 到 2026-06-07 05:59:59
[2026-06-07 06:30:02] ℹ su_web 該時段內無資料變動，未生成有效 SQL。
[2026-06-07 06:30:02] ℹ sm_m2 該時段內無資料變動，未生成有效 SQL。
[2026-06-07 06:30:02] ℹ 備份檔案完成
[2026-06-07 07:00:01] 開始轉換時間範圍: 2026-06-07 06:00:00 到 2026-06-07 06:59:59
[2026-06-07 07:00:01] ℹ su_web 該時段內無資料變動，未生成有效 SQL。
[2026-06-07 07:00:01] ℹ sm_m2 該時段內無資料變動，未生成有效 SQL。
[2026-06-07 07:00:01] ℹ 備份檔案完成
[2026-06-07 07:30:01] 開始轉換時間範圍: 2026-06-07 06:00:00 到 2026-06-07 06:59:59
[2026-06-07 07:30:01] ℹ su_web 該時段內無資料變動，未生成有效 SQL。
[2026-06-07 07:30:01] ℹ sm_m2 該時段內無資料變動，未生成有效 SQL。
[2026-06-07 07:30:01] ℹ 備份檔案完成
[2026-06-07 08:00:01] 開始轉換時間範圍: 2026-06-07 07:00:00 到 2026-06-07 07:59:59
[2026-06-07 08:00:01] ℹ su_web 該時段內無資料變動，未生成有效 SQL。
[2026-06-07 08:00:01] ℹ sm_m2 該時段內無資料變動，未生成有效 SQL。
[2026-06-07 08:00:01] ℹ 備份檔案完成
[2026-06-07 08:30:01] 開始轉換時間範圍: 2026-06-07 07:00:00 到 2026-06-07 07:59:59
[2026-06-07 08:30:01] ℹ su_web 該時段內無資料變動，未生成有效 SQL。
[2026-06-07 08:30:01] ℹ sm_m2 該時段內無資料變動，未生成有效 SQL。
[2026-06-07 08:30:01] ℹ 備份檔案完成
[2026-06-07 09:00:01] 開始轉換時間範圍: 2026-06-07 08:00:00 到 2026-06-07 08:59:59
[2026-06-07 09:00:01] ℹ su_web 該時段內無資料變動，未生成有效 SQL。
[2026-06-07 09:00:01] ℹ sm_m2 該時段內無資料變動，未生成有效 SQL。
[2026-06-07 09:00:01] ℹ 備份檔案完成
[2026-06-07 09:30:02] 開始轉換時間範圍: 2026-06-07 08:00:00 到 2026-06-07 08:59:59
[2026-06-07 09:30:02] ℹ su_web 該時段內無資料變動，未生成有效 SQL。
[2026-06-07 09:30:02] ℹ sm_m2 該時段內無資料變動，未生成有效 SQL。
[2026-06-07 09:30:02] ℹ 備份檔案完成
[2026-06-07 10:00:01] 開始轉換時間範圍: 2026-06-07 09:00:00 到 2026-06-07 09:59:59
[2026-06-07 10:00:01] ℹ su_web 該時段內無資料變動，未生成有效 SQL。
[2026-06-07 10:00:01] ℹ sm_m2 該時段內無資料變動，未生成有效 SQL。
[2026-06-07 10:00:01] ℹ 備份檔案完成
[2026-06-07 10:30:01] 開始轉換時間範圍: 2026-06-07 09:00:00 到 2026-06-07 09:59:59
[2026-06-07 10:30:01] ℹ su_web 該時段內無資料變動，未生成有效 SQL。
[2026-06-07 10:30:01] ℹ sm_m2 該時段內無資料變動，未生成有效 SQL。
[2026-06-07 10:30:01] ℹ 備份檔案完成
[2026-06-07 11:00:01] 開始轉換時間範圍: 2026-06-07 10:00:00 到 2026-06-07 10:59:59
[2026-06-07 11:00:01] ℹ su_web 該時段內無資料變動，未生成有效 SQL。
[2026-06-07 11:00:01] ℹ sm_m2 該時段內無資料變動，未生成有效 SQL。
[2026-06-07 11:00:01] ℹ 備份檔案完成
[2026-06-07 11:30:01] 開始轉換時間範圍: 2026-06-07 10:00:00 到 2026-06-07 10:59:59
[2026-06-07 11:30:01] ℹ su_web 該時段內無資料變動，未生成有效 SQL。
[2026-06-07 11:30:01] ℹ sm_m2 該時段內無資料變動，未生成有效 SQL。
[2026-06-07 11:30:01] ℹ 備份檔案完成
[2026-06-07 12:00:01] 開始轉換時間範圍: 2026-06-07 11:00:00 到 2026-06-07 11:59:59
[2026-06-07 12:00:01] ℹ su_web 該時段內無資料變動，未生成有效 SQL。
[2026-06-07 12:00:01] ℹ sm_m2 該時段內無資料變動，未生成有效 SQL。
[2026-06-07 12:00:01] ℹ 備份檔案完成
[2026-06-07 12:30:01] 開始轉換時間範圍: 2026-06-07 11:00:00 到 2026-06-07 11:59:59
[2026-06-07 12:30:01] ℹ su_web 該時段內無資料變動，未生成有效 SQL。
[2026-06-07 12:30:01] ℹ sm_m2 該時段內無資料變動，未生成有效 SQL。
[2026-06-07 12:30:01] ℹ 備份檔案完成
[2026-06-07 13:00:02] 開始轉換時間範圍: 2026-06-07 12:00:00 到 2026-06-07 12:59:59
[2026-06-07 13:00:02] ℹ su_web 該時段內無資料變動，未生成有效 SQL。
[2026-06-07 13:00:02] ℹ sm_m2 該時段內無資料變動，未生成有效 SQL。
[2026-06-07 13:00:02] ℹ 備份檔案完成
[2026-06-07 13:30:02] 開始轉換時間範圍: 2026-06-07 12:00:00 到 2026-06-07 12:59:59
[2026-06-07 13:30:02] ℹ su_web 該時段內無資料變動，未生成有效 SQL。
[2026-06-07 13:30:02] ℹ sm_m2 該時段內無資料變動，未生成有效 SQL。
[2026-06-07 13:30:02] ℹ 備份檔案完成
[2026-06-07 14:00:01] 開始轉換時間範圍: 2026-06-07 13:00:00 到 2026-06-07 13:59:59
[2026-06-07 14:00:01] ℹ su_web 該時段內無資料變動，未生成有效 SQL。
[2026-06-07 14:00:01] ℹ sm_m2 該時段內無資料變動，未生成有效 SQL。
[2026-06-07 14:00:01] ℹ 備份檔案完成
[2026-06-07 14:30:02] 開始轉換時間範圍: 2026-06-07 13:00:00 到 2026-06-07 13:59:59
[2026-06-07 14:30:02] ℹ su_web 該時段內無資料變動，未生成有效 SQL。
[2026-06-07 14:30:02] ℹ sm_m2 該時段內無資料變動，未生成有效 SQL。
[2026-06-07 14:30:02] ℹ 備份檔案完成
[2026-06-07 15:00:01] 開始轉換時間範圍: 2026-06-07 14:00:00 到 2026-06-07 14:59:59
[2026-06-07 15:00:01] ℹ su_web 該時段內無資料變動，未生成有效 SQL。
[2026-06-07 15:00:01] ℹ sm_m2 該時段內無資料變動，未生成有效 SQL。
[2026-06-07 15:00:01] ℹ 備份檔案完成
[2026-06-07 15:30:02] 開始轉換時間範圍: 2026-06-07 14:00:00 到 2026-06-07 14:59:59
[2026-06-07 15:30:02] ℹ su_web 該時段內無資料變動，未生成有效 SQL。
[2026-06-07 15:30:02] ℹ sm_m2 該時段內無資料變動，未生成有效 SQL。
[2026-06-07 15:30:02] ℹ 備份檔案完成
[2026-06-07 16:00:02] 開始轉換時間範圍: 2026-06-07 15:00:00 到 2026-06-07 15:59:59
[2026-06-07 16:00:02] ℹ su_web 該時段內無資料變動，未生成有效 SQL。
[2026-06-07 16:00:02] ℹ sm_m2 該時段內無資料變動，未生成有效 SQL。
[2026-06-07 16:00:02] ℹ 備份檔案完成
[2026-06-07 16:30:02] 開始轉換時間範圍: 2026-06-07 15:00:00 到 2026-06-07 15:59:59
[2026-06-07 16:30:02] ℹ su_web 該時段內無資料變動，未生成有效 SQL。
[2026-06-07 16:30:02] ℹ sm_m2 該時段內無資料變動，未生成有效 SQL。
[2026-06-07 16:30:02] ℹ 備份檔案完成
[2026-06-07 17:00:01] 開始轉換時間範圍: 2026-06-07 16:00:00 到 2026-06-07 16:59:59
[2026-06-07 17:00:01] ℹ su_web 該時段內無資料變動，未生成有效 SQL。
[2026-06-07 17:00:01] ℹ sm_m2 該時段內無資料變動，未生成有效 SQL。
[2026-06-07 17:00:01] ℹ 備份檔案完成
[2026-06-07 17:30:02] 開始轉換時間範圍: 2026-06-07 16:00:00 到 2026-06-07 16:59:59
[2026-06-07 17:30:02] ℹ su_web 該時段內無資料變動，未生成有效 SQL。
[2026-06-07 17:30:02] ℹ sm_m2 該時段內無資料變動，未生成有效 SQL。
[2026-06-07 17:30:02] ℹ 備份檔案完成
[2026-06-07 18:00:01] 開始轉換時間範圍: 2026-06-07 17:00:00 到 2026-06-07 17:59:59
[2026-06-07 18:00:01] ℹ su_web 該時段內無資料變動，未生成有效 SQL。
[2026-06-07 18:00:01] ℹ sm_m2 該時段內無資料變動，未生成有效 SQL。
[2026-06-07 18:00:01] ℹ 備份檔案完成
[2026-06-07 18:30:01] 開始轉換時間範圍: 2026-06-07 17:00:00 到 2026-06-07 17:59:59
[2026-06-07 18:30:01] ℹ su_web 該時段內無資料變動，未生成有效 SQL。
[2026-06-07 18:30:01] ℹ sm_m2 該時段內無資料變動，未生成有效 SQL。
[2026-06-07 18:30:01] ℹ 備份檔案完成
[2026-06-07 19:00:02] 開始轉換時間範圍: 2026-06-07 18:00:00 到 2026-06-07 18:59:59
[2026-06-07 19:00:02] ℹ su_web 該時段內無資料變動，未生成有效 SQL。
[2026-06-07 19:00:02] ℹ sm_m2 該時段內無資料變動，未生成有效 SQL。
[2026-06-07 19:00:02] ℹ 備份檔案完成
[2026-06-07 19:30:01] 開始轉換時間範圍: 2026-06-07 18:00:00 到 2026-06-07 18:59:59
[2026-06-07 19:30:01] ℹ su_web 該時段內無資料變動，未生成有效 SQL。
[2026-06-07 19:30:01] ℹ sm_m2 該時段內無資料變動，未生成有效 SQL。
[2026-06-07 19:30:01] ℹ 備份檔案完成
[2026-06-07 20:00:01] 開始轉換時間範圍: 2026-06-07 19:00:00 到 2026-06-07 19:59:59
[2026-06-07 20:00:01] ℹ su_web 該時段內無資料變動，未生成有效 SQL。
[2026-06-07 20:00:01] ℹ sm_m2 該時段內無資料變動，未生成有效 SQL。
[2026-06-07 20:00:01] ℹ 備份檔案完成
[2026-06-07 20:30:01] 開始轉換時間範圍: 2026-06-07 19:00:00 到 2026-06-07 19:59:59
[2026-06-07 20:30:02] ℹ su_web 該時段內無資料變動，未生成有效 SQL。
[2026-06-07 20:30:02] ℹ sm_m2 該時段內無資料變動，未生成有效 SQL。
[2026-06-07 20:30:02] ℹ 備份檔案完成
[2026-06-07 21:00:01] 開始轉換時間範圍: 2026-06-07 20:00:00 到 2026-06-07 20:59:59
[2026-06-07 21:00:01] ℹ su_web 該時段內無資料變動，未生成有效 SQL。
[2026-06-07 21:00:01] ℹ sm_m2 該時段內無資料變動，未生成有效 SQL。
[2026-06-07 21:00:01] ℹ 備份檔案完成
[2026-06-07 21:30:01] 開始轉換時間範圍: 2026-06-07 20:00:00 到 2026-06-07 20:59:59
[2026-06-07 21:30:01] ℹ su_web 該時段內無資料變動，未生成有效 SQL。
[2026-06-07 21:30:02] ℹ sm_m2 該時段內無資料變動，未生成有效 SQL。
[2026-06-07 21:30:02] ℹ 備份檔案完成
[2026-06-07 22:00:01] 開始轉換時間範圍: 2026-06-07 21:00:00 到 2026-06-07 21:59:59
[2026-06-07 22:00:01] ℹ su_web 該時段內無資料變動，未生成有效 SQL。
[2026-06-07 22:00:01] ℹ sm_m2 該時段內無資料變動，未生成有效 SQL。
[2026-06-07 22:00:01] ℹ 備份檔案完成
[2026-06-07 22:30:01] 開始轉換時間範圍: 2026-06-07 21:00:00 到 2026-06-07 21:59:59
[2026-06-07 22:30:02] ℹ su_web 該時段內無資料變動，未生成有效 SQL。
[2026-06-07 22:30:02] ℹ sm_m2 該時段內無資料變動，未生成有效 SQL。
[2026-06-07 22:30:02] ℹ 備份檔案完成
[2026-06-07 23:00:01] 開始轉換時間範圍: 2026-06-07 22:00:00 到 2026-06-07 22:59:59
[2026-06-07 23:00:01] ℹ su_web 該時段內無資料變動，未生成有效 SQL。
[2026-06-07 23:00:01] ℹ sm_m2 該時段內無資料變動，未生成有效 SQL。
[2026-06-07 23:00:01] ℹ 備份檔案完成
[2026-06-07 23:30:01] 開始轉換時間範圍: 2026-06-07 22:00:00 到 2026-06-07 22:59:59
[2026-06-07 23:30:01] ℹ su_web 該時段內無資料變動，未生成有效 SQL。
[2026-06-07 23:30:01] ℹ sm_m2 該時段內無資料變動，未生成有效 SQL。
[2026-06-07 23:30:01] ℹ 備份檔案完成
[2026-06-08 00:00:01] 開始轉換時間範圍: 2026-06-07 23:00:00 到 2026-06-07 23:59:59
[2026-06-08 00:00:01] ℹ su_web 該時段內無資料變動，未生成有效 SQL。
[2026-06-08 00:00:01] ℹ sm_m2 該時段內無資料變動，未生成有效 SQL。
[2026-06-08 00:00:01] ℹ 備份檔案完成
[2026-06-08 00:30:01] 開始轉換時間範圍: 2026-06-07 23:00:00 到 2026-06-07 23:59:59
[2026-06-08 00:30:01] ℹ su_web 該時段內無資料變動，未生成有效 SQL。
[2026-06-08 00:30:02] ℹ sm_m2 該時段內無資料變動，未生成有效 SQL。
[2026-06-08 00:30:02] ℹ 備份檔案完成
[2026-06-08 01:00:01] 開始轉換時間範圍: 2026-06-08 00:00:00 到 2026-06-08 00:59:59
[2026-06-08 01:00:01] ℹ su_web 該時段內無資料變動，未生成有效 SQL。
[2026-06-08 01:00:01] ℹ sm_m2 該時段內無資料變動，未生成有效 SQL。
[2026-06-08 01:00:01] ℹ 備份檔案完成
[2026-06-08 01:30:01] 開始轉換時間範圍: 2026-06-08 00:00:00 到 2026-06-08 00:59:59
[2026-06-08 01:30:01] ℹ su_web 該時段內無資料變動，未生成有效 SQL。
[2026-06-08 01:30:01] ℹ sm_m2 該時段內無資料變動，未生成有效 SQL。
[2026-06-08 01:30:01] ℹ 備份檔案完成
[2026-06-08 02:00:01] 開始轉換時間範圍: 2026-06-08 01:00:00 到 2026-06-08 01:59:59
[2026-06-08 02:00:01] ℹ su_web 該時段內無資料變動，未生成有效 SQL。
[2026-06-08 02:00:01] ℹ sm_m2 該時段內無資料變動，未生成有效 SQL。
[2026-06-08 02:00:01] ℹ 備份檔案完成
[2026-06-08 02:30:01] 開始轉換時間範圍: 2026-06-08 01:00:00 到 2026-06-08 01:59:59
[2026-06-08 02:30:01] ℹ su_web 該時段內無資料變動，未生成有效 SQL。
[2026-06-08 02:30:01] ℹ sm_m2 該時段內無資料變動，未生成有效 SQL。
[2026-06-08 02:30:01] ℹ 備份檔案完成
[2026-06-08 03:00:01] 開始轉換時間範圍: 2026-06-08 02:00:00 到 2026-06-08 02:59:59
[2026-06-08 03:00:01] ℹ su_web 該時段內無資料變動，未生成有效 SQL。
[2026-06-08 03:00:01] ℹ sm_m2 該時段內無資料變動，未生成有效 SQL。
[2026-06-08 03:00:01] ℹ 備份檔案完成
[2026-06-08 03:30:01] 開始轉換時間範圍: 2026-06-08 02:00:00 到 2026-06-08 02:59:59
[2026-06-08 03:30:01] ℹ su_web 該時段內無資料變動，未生成有效 SQL。
[2026-06-08 03:30:01] ℹ sm_m2 該時段內無資料變動，未生成有效 SQL。
[2026-06-08 03:30:01] ℹ 備份檔案完成
[2026-06-08 04:00:01] 開始轉換時間範圍: 2026-06-08 03:00:00 到 2026-06-08 03:59:59
[2026-06-08 04:00:01] ℹ su_web 該時段內無資料變動，未生成有效 SQL。
[2026-06-08 04:00:01] ℹ sm_m2 該時段內無資料變動，未生成有效 SQL。
[2026-06-08 04:00:01] ℹ 備份檔案完成
[2026-06-08 04:30:02] 開始轉換時間範圍: 2026-06-08 03:00:00 到 2026-06-08 03:59:59
[2026-06-08 04:30:02] ℹ su_web 該時段內無資料變動，未生成有效 SQL。
[2026-06-08 04:30:02] ℹ sm_m2 該時段內無資料變動，未生成有效 SQL。
[2026-06-08 04:30:02] ℹ 備份檔案完成
[2026-06-08 05:00:01] 開始轉換時間範圍: 2026-06-08 04:00:00 到 2026-06-08 04:59:59
[2026-06-08 05:00:01] ℹ su_web 該時段內無資料變動，未生成有效 SQL。
[2026-06-08 05:00:01] ℹ sm_m2 該時段內無資料變動，未生成有效 SQL。
[2026-06-08 05:00:01] ℹ 備份檔案完成
[2026-06-08 05:30:01] 開始轉換時間範圍: 2026-06-08 04:00:00 到 2026-06-08 04:59:59
[2026-06-08 05:30:01] ℹ su_web 該時段內無資料變動，未生成有效 SQL。
[2026-06-08 05:30:01] ℹ sm_m2 該時段內無資料變動，未生成有效 SQL。
[2026-06-08 05:30:01] ℹ 備份檔案完成
[2026-06-08 06:00:01] 開始轉換時間範圍: 2026-06-08 05:00:00 到 2026-06-08 05:59:59
[2026-06-08 06:00:01] ℹ su_web 該時段內無資料變動，未生成有效 SQL。
[2026-06-08 06:00:01] ℹ sm_m2 該時段內無資料變動，未生成有效 SQL。
[2026-06-08 06:00:01] ℹ 備份檔案完成
[2026-06-08 06:30:01] 開始轉換時間範圍: 2026-06-08 05:00:00 到 2026-06-08 05:59:59
[2026-06-08 06:30:01] ℹ su_web 該時段內無資料變動，未生成有效 SQL。
[2026-06-08 06:30:01] ℹ sm_m2 該時段內無資料變動，未生成有效 SQL。
[2026-06-08 06:30:01] ℹ 備份檔案完成
[2026-06-08 07:00:01] 開始轉換時間範圍: 2026-06-08 06:00:00 到 2026-06-08 06:59:59
[2026-06-08 07:00:01] ℹ su_web 該時段內無資料變動，未生成有效 SQL。
[2026-06-08 07:00:02] ℹ sm_m2 該時段內無資料變動，未生成有效 SQL。
[2026-06-08 07:00:02] ℹ 備份檔案完成
[2026-06-08 07:30:02] 開始轉換時間範圍: 2026-06-08 06:00:00 到 2026-06-08 06:59:59
[2026-06-08 07:30:02] ℹ su_web 該時段內無資料變動，未生成有效 SQL。
[2026-06-08 07:30:02] ℹ sm_m2 該時段內無資料變動，未生成有效 SQL。
[2026-06-08 07:30:02] ℹ 備份檔案完成
[2026-06-08 08:00:01] 開始轉換時間範圍: 2026-06-08 07:00:00 到 2026-06-08 07:59:59
[2026-06-08 08:00:01] ℹ su_web 該時段內無資料變動，未生成有效 SQL。
[2026-06-08 08:00:01] ℹ sm_m2 該時段內無資料變動，未生成有效 SQL。
[2026-06-08 08:00:01] ℹ 備份檔案完成
[2026-06-08 08:30:01] 開始轉換時間範圍: 2026-06-08 07:00:00 到 2026-06-08 07:59:59
[2026-06-08 08:30:02] ℹ su_web 該時段內無資料變動，未生成有效 SQL。
[2026-06-08 08:30:02] ℹ sm_m2 該時段內無資料變動，未生成有效 SQL。
[2026-06-08 08:30:02] ℹ 備份檔案完成
[2026-06-08 09:00:01] 開始轉換時間範圍: 2026-06-08 08:00:00 到 2026-06-08 08:59:59
[2026-06-08 09:00:01] ℹ su_web 該時段內無資料變動，未生成有效 SQL。
[2026-06-08 09:00:01] ℹ sm_m2 該時段內無資料變動，未生成有效 SQL。
[2026-06-08 09:00:01] ℹ 備份檔案完成
[2026-06-08 09:30:02] 開始轉換時間範圍: 2026-06-08 08:00:00 到 2026-06-08 08:59:59
[2026-06-08 09:30:02] ℹ su_web 該時段內無資料變動，未生成有效 SQL。
[2026-06-08 09:30:02] ℹ sm_m2 該時段內無資料變動，未生成有效 SQL。
[2026-06-08 09:30:02] ℹ 備份檔案完成
[2026-06-08 10:00:01] 開始轉換時間範圍: 2026-06-08 09:00:00 到 2026-06-08 09:59:59
[2026-06-08 10:00:01] ℹ su_web 該時段內無資料變動，未生成有效 SQL。
[2026-06-08 10:00:01] ℹ sm_m2 該時段內無資料變動，未生成有效 SQL。
[2026-06-08 10:00:01] ℹ 備份檔案完成
[2026-06-08 10:30:01] 開始轉換時間範圍: 2026-06-08 09:00:00 到 2026-06-08 09:59:59
[2026-06-08 10:30:01] ℹ su_web 該時段內無資料變動，未生成有效 SQL。
[2026-06-08 10:30:01] ℹ sm_m2 該時段內無資料變動，未生成有效 SQL。
[2026-06-08 10:30:02] ℹ 備份檔案完成
[2026-06-08 11:00:01] 開始轉換時間範圍: 2026-06-08 10:00:00 到 2026-06-08 10:59:59
[2026-06-08 11:00:01] ℹ su_web 該時段內無資料變動，未生成有效 SQL。
[2026-06-08 11:00:01] ℹ sm_m2 該時段內無資料變動，未生成有效 SQL。
[2026-06-08 11:00:01] ℹ 備份檔案完成
[2026-06-08 11:30:01] 開始轉換時間範圍: 2026-06-08 10:00:00 到 2026-06-08 10:59:59
[2026-06-08 11:30:01] ℹ su_web 該時段內無資料變動，未生成有效 SQL。
[2026-06-08 11:30:01] ℹ sm_m2 該時段內無資料變動，未生成有效 SQL。
[2026-06-08 11:30:01] ℹ 備份檔案完成
[2026-06-08 12:00:01] 開始轉換時間範圍: 2026-06-08 11:00:00 到 2026-06-08 11:59:59
[2026-06-08 12:00:01] ℹ su_web 該時段內無資料變動，未生成有效 SQL。
[2026-06-08 12:00:01] ℹ sm_m2 該時段內無資料變動，未生成有效 SQL。
[2026-06-08 12:00:01] ℹ 備份檔案完成
[2026-06-08 12:30:01] 開始轉換時間範圍: 2026-06-08 11:00:00 到 2026-06-08 11:59:59
[2026-06-08 12:30:01] ℹ su_web 該時段內無資料變動，未生成有效 SQL。
[2026-06-08 12:30:01] ℹ sm_m2 該時段內無資料變動，未生成有效 SQL。
[2026-06-08 12:30:01] ℹ 備份檔案完成
[2026-06-08 13:00:01] 開始轉換時間範圍: 2026-06-08 12:00:00 到 2026-06-08 12:59:59
[2026-06-08 13:00:01] ℹ su_web 該時段內無資料變動，未生成有效 SQL。
[2026-06-08 13:00:01] ℹ sm_m2 該時段內無資料變動，未生成有效 SQL。
[2026-06-08 13:00:01] ℹ 備份檔案完成
[2026-06-08 13:30:01] 開始轉換時間範圍: 2026-06-08 12:00:00 到 2026-06-08 12:59:59
[2026-06-08 13:30:01] ℹ su_web 該時段內無資料變動，未生成有效 SQL。
[2026-06-08 13:30:01] ℹ sm_m2 該時段內無資料變動，未生成有效 SQL。
[2026-06-08 13:30:01] ℹ 備份檔案完成
[2026-06-08 14:00:01] 開始轉換時間範圍: 2026-06-08 13:00:00 到 2026-06-08 13:59:59
[2026-06-08 14:00:01] ℹ su_web 該時段內無資料變動，未生成有效 SQL。
[2026-06-08 14:00:01] ℹ sm_m2 該時段內無資料變動，未生成有效 SQL。
[2026-06-08 14:00:01] ℹ 備份檔案完成
[2026-06-08 14:30:01] 開始轉換時間範圍: 2026-06-08 13:00:00 到 2026-06-08 13:59:59
[2026-06-08 14:30:01] ℹ su_web 該時段內無資料變動，未生成有效 SQL。
[2026-06-08 14:30:01] ℹ sm_m2 該時段內無資料變動，未生成有效 SQL。
[2026-06-08 14:30:01] ℹ 備份檔案完成
[2026-06-08 15:00:01] 開始轉換時間範圍: 2026-06-08 14:00:00 到 2026-06-08 14:59:59
[2026-06-08 15:00:01] ℹ su_web 該時段內無資料變動，未生成有效 SQL。
[2026-06-08 15:00:01] ℹ sm_m2 該時段內無資料變動，未生成有效 SQL。
[2026-06-08 15:00:01] ℹ 備份檔案完成
[2026-06-08 15:30:01] 開始轉換時間範圍: 2026-06-08 14:00:00 到 2026-06-08 14:59:59
[2026-06-08 15:30:01] ℹ su_web 該時段內無資料變動，未生成有效 SQL。
[2026-06-08 15:30:01] ℹ sm_m2 該時段內無資料變動，未生成有效 SQL。
[2026-06-08 15:30:01] ℹ 備份檔案完成
[2026-06-08 16:00:02] 開始轉換時間範圍: 2026-06-08 15:00:00 到 2026-06-08 15:59:59
[2026-06-08 16:00:02] ℹ su_web 該時段內無資料變動，未生成有效 SQL。
[2026-06-08 16:00:02] ℹ sm_m2 該時段內無資料變動，未生成有效 SQL。
[2026-06-08 16:00:02] ℹ 備份檔案完成
[2026-06-08 16:30:01] 開始轉換時間範圍: 2026-06-08 15:00:00 到 2026-06-08 15:59:59
[2026-06-08 16:30:01] ℹ su_web 該時段內無資料變動，未生成有效 SQL。
[2026-06-08 16:30:01] ℹ sm_m2 該時段內無資料變動，未生成有效 SQL。
[2026-06-08 16:30:02] ℹ 備份檔案完成
[2026-06-08 17:00:01] 開始轉換時間範圍: 2026-06-08 16:00:00 到 2026-06-08 16:59:59
[2026-06-08 17:00:01] ℹ su_web 該時段內無資料變動，未生成有效 SQL。
[2026-06-08 17:00:01] ℹ sm_m2 該時段內無資料變動，未生成有效 SQL。
[2026-06-08 17:00:01] ℹ 備份檔案完成
[2026-06-08 17:30:01] 開始轉換時間範圍: 2026-06-08 16:00:00 到 2026-06-08 16:59:59
[2026-06-08 17:30:01] ℹ su_web 該時段內無資料變動，未生成有效 SQL。
[2026-06-08 17:30:01] ℹ sm_m2 該時段內無資料變動，未生成有效 SQL。
[2026-06-08 17:30:01] ℹ 備份檔案完成
[2026-06-08 18:00:01] 開始轉換時間範圍: 2026-06-08 17:00:00 到 2026-06-08 17:59:59
[2026-06-08 18:00:01] ℹ su_web 該時段內無資料變動，未生成有效 SQL。
[2026-06-08 18:00:02] ℹ sm_m2 該時段內無資料變動，未生成有效 SQL。
[2026-06-08 18:00:02] ℹ 備份檔案完成
[2026-06-08 18:30:02] 開始轉換時間範圍: 2026-06-08 17:00:00 到 2026-06-08 17:59:59
[2026-06-08 18:30:02] ℹ su_web 該時段內無資料變動，未生成有效 SQL。
[2026-06-08 18:30:02] ℹ sm_m2 該時段內無資料變動，未生成有效 SQL。
[2026-06-08 18:30:02] ℹ 備份檔案完成
[2026-06-08 19:00:01] 開始轉換時間範圍: 2026-06-08 18:00:00 到 2026-06-08 18:59:59
[2026-06-08 19:00:01] ℹ su_web 該時段內無資料變動，未生成有效 SQL。
[2026-06-08 19:00:01] ℹ sm_m2 該時段內無資料變動，未生成有效 SQL。
[2026-06-08 19:00:01] ℹ 備份檔案完成
[2026-06-08 19:30:01] 開始轉換時間範圍: 2026-06-08 18:00:00 到 2026-06-08 18:59:59
[2026-06-08 19:30:02] ℹ su_web 該時段內無資料變動，未生成有效 SQL。
[2026-06-08 19:30:02] ℹ sm_m2 該時段內無資料變動，未生成有效 SQL。
[2026-06-08 19:30:02] ℹ 備份檔案完成
[2026-06-08 20:00:01] 開始轉換時間範圍: 2026-06-08 19:00:00 到 2026-06-08 19:59:59
[2026-06-08 20:00:01] ℹ su_web 該時段內無資料變動，未生成有效 SQL。
[2026-06-08 20:00:01] ℹ sm_m2 該時段內無資料變動，未生成有效 SQL。
[2026-06-08 20:00:01] ℹ 備份檔案完成
[2026-06-08 20:30:02] 開始轉換時間範圍: 2026-06-08 19:00:00 到 2026-06-08 19:59:59
[2026-06-08 20:30:02] ℹ su_web 該時段內無資料變動，未生成有效 SQL。
[2026-06-08 20:30:02] ℹ sm_m2 該時段內無資料變動，未生成有效 SQL。
[2026-06-08 20:30:02] ℹ 備份檔案完成
[2026-06-08 21:00:01] 開始轉換時間範圍: 2026-06-08 20:00:00 到 2026-06-08 20:59:59
[2026-06-08 21:00:01] ℹ su_web 該時段內無資料變動，未生成有效 SQL。
[2026-06-08 21:00:01] ℹ sm_m2 該時段內無資料變動，未生成有效 SQL。
[2026-06-08 21:00:01] ℹ 備份檔案完成
[2026-06-08 21:30:01] 開始轉換時間範圍: 2026-06-08 20:00:00 到 2026-06-08 20:59:59
[2026-06-08 21:30:01] ℹ su_web 該時段內無資料變動，未生成有效 SQL。
[2026-06-08 21:30:01] ℹ sm_m2 該時段內無資料變動，未生成有效 SQL。
[2026-06-08 21:30:01] ℹ 備份檔案完成
[2026-06-08 22:00:01] 開始轉換時間範圍: 2026-06-08 21:00:00 到 2026-06-08 21:59:59
[2026-06-08 22:00:01] ℹ su_web 該時段內無資料變動，未生成有效 SQL。
[2026-06-08 22:00:01] ℹ sm_m2 該時段內無資料變動，未生成有效 SQL。
[2026-06-08 22:00:01] ℹ 備份檔案完成
[2026-06-08 22:30:02] 開始轉換時間範圍: 2026-06-08 21:00:00 到 2026-06-08 21:59:59
[2026-06-08 22:30:02] ℹ su_web 該時段內無資料變動，未生成有效 SQL。
[2026-06-08 22:30:02] ℹ sm_m2 該時段內無資料變動，未生成有效 SQL。
[2026-06-08 22:30:02] ℹ 備份檔案完成
[2026-06-08 23:00:01] 開始轉換時間範圍: 2026-06-08 22:00:00 到 2026-06-08 22:59:59
[2026-06-08 23:00:01] ℹ su_web 該時段內無資料變動，未生成有效 SQL。
[2026-06-08 23:00:01] ℹ sm_m2 該時段內無資料變動，未生成有效 SQL。
[2026-06-08 23:00:01] ℹ 備份檔案完成
[2026-06-08 23:30:01] 開始轉換時間範圍: 2026-06-08 22:00:00 到 2026-06-08 22:59:59
[2026-06-08 23:30:01] ℹ su_web 該時段內無資料變動，未生成有效 SQL。
[2026-06-08 23:30:01] ℹ sm_m2 該時段內無資料變動，未生成有效 SQL。
[2026-06-08 23:30:01] ℹ 備份檔案完成
[2026-06-09 00:00:02] 開始轉換時間範圍: 2026-06-08 23:00:00 到 2026-06-08 23:59:59
[2026-06-09 00:00:02] ℹ su_web 該時段內無資料變動，未生成有效 SQL。
[2026-06-09 00:00:02] ℹ sm_m2 該時段內無資料變動，未生成有效 SQL。
[2026-06-09 00:00:02] ℹ 備份檔案完成
[2026-06-09 00:30:01] 開始轉換時間範圍: 2026-06-08 23:00:00 到 2026-06-08 23:59:59
[2026-06-09 00:30:01] ℹ su_web 該時段內無資料變動，未生成有效 SQL。
[2026-06-09 00:30:01] ℹ sm_m2 該時段內無資料變動，未生成有效 SQL。
[2026-06-09 00:30:01] ℹ 備份檔案完成
[2026-06-09 01:00:02] 開始轉換時間範圍: 2026-06-09 00:00:00 到 2026-06-09 00:59:59
[2026-06-09 01:00:02] ℹ su_web 該時段內無資料變動，未生成有效 SQL。
[2026-06-09 01:00:02] ℹ sm_m2 該時段內無資料變動，未生成有效 SQL。
[2026-06-09 01:00:02] ℹ 備份檔案完成
[2026-06-09 01:30:01] 開始轉換時間範圍: 2026-06-09 00:00:00 到 2026-06-09 00:59:59
[2026-06-09 01:30:01] ℹ su_web 該時段內無資料變動，未生成有效 SQL。
[2026-06-09 01:30:01] ℹ sm_m2 該時段內無資料變動，未生成有效 SQL。
[2026-06-09 01:30:02] ℹ 備份檔案完成
[2026-06-09 02:00:01] 開始轉換時間範圍: 2026-06-09 01:00:00 到 2026-06-09 01:59:59
[2026-06-09 02:00:01] ℹ su_web 該時段內無資料變動，未生成有效 SQL。
[2026-06-09 02:00:01] ℹ sm_m2 該時段內無資料變動，未生成有效 SQL。
[2026-06-09 02:00:01] ℹ 備份檔案完成
[2026-06-09 02:30:01] 開始轉換時間範圍: 2026-06-09 01:00:00 到 2026-06-09 01:59:59
[2026-06-09 02:30:01] ℹ su_web 該時段內無資料變動，未生成有效 SQL。
[2026-06-09 02:30:02] ℹ sm_m2 該時段內無資料變動，未生成有效 SQL。
[2026-06-09 02:30:02] ℹ 備份檔案完成
[2026-06-09 03:00:01] 開始轉換時間範圍: 2026-06-09 02:00:00 到 2026-06-09 02:59:59
[2026-06-09 03:00:01] ℹ su_web 該時段內無資料變動，未生成有效 SQL。
[2026-06-09 03:00:01] ℹ sm_m2 該時段內無資料變動，未生成有效 SQL。
[2026-06-09 03:00:01] ℹ 備份檔案完成
[2026-06-09 03:30:01] 開始轉換時間範圍: 2026-06-09 02:00:00 到 2026-06-09 02:59:59
[2026-06-09 03:30:01] ℹ su_web 該時段內無資料變動，未生成有效 SQL。
[2026-06-09 03:30:01] ℹ sm_m2 該時段內無資料變動，未生成有效 SQL。
[2026-06-09 03:30:01] ℹ 備份檔案完成
[2026-06-09 04:00:01] 開始轉換時間範圍: 2026-06-09 03:00:00 到 2026-06-09 03:59:59
[2026-06-09 04:00:01] ℹ su_web 該時段內無資料變動，未生成有效 SQL。
[2026-06-09 04:00:01] ℹ sm_m2 該時段內無資料變動，未生成有效 SQL。
[2026-06-09 04:00:01] ℹ 備份檔案完成
[2026-06-09 04:30:01] 開始轉換時間範圍: 2026-06-09 03:00:00 到 2026-06-09 03:59:59
[2026-06-09 04:30:01] ℹ su_web 該時段內無資料變動，未生成有效 SQL。
[2026-06-09 04:30:01] ℹ sm_m2 該時段內無資料變動，未生成有效 SQL。
[2026-06-09 04:30:01] ℹ 備份檔案完成
[2026-06-09 05:00:02] 開始轉換時間範圍: 2026-06-09 04:00:00 到 2026-06-09 04:59:59
[2026-06-09 05:00:02] ℹ su_web 該時段內無資料變動，未生成有效 SQL。
[2026-06-09 05:00:02] ℹ sm_m2 該時段內無資料變動，未生成有效 SQL。
[2026-06-09 05:00:02] ℹ 備份檔案完成
[2026-06-09 05:30:01] 開始轉換時間範圍: 2026-06-09 04:00:00 到 2026-06-09 04:59:59
[2026-06-09 05:30:01] ℹ su_web 該時段內無資料變動，未生成有效 SQL。
[2026-06-09 05:30:01] ℹ sm_m2 該時段內無資料變動，未生成有效 SQL。
[2026-06-09 05:30:02] ℹ 備份檔案完成
[2026-06-09 06:00:01] 開始轉換時間範圍: 2026-06-09 05:00:00 到 2026-06-09 05:59:59
[2026-06-09 06:00:01] ℹ su_web 該時段內無資料變動，未生成有效 SQL。
[2026-06-09 06:00:01] ℹ sm_m2 該時段內無資料變動，未生成有效 SQL。
[2026-06-09 06:00:01] ℹ 備份檔案完成
[2026-06-09 06:30:02] 開始轉換時間範圍: 2026-06-09 05:00:00 到 2026-06-09 05:59:59
[2026-06-09 06:30:02] ℹ su_web 該時段內無資料變動，未生成有效 SQL。
[2026-06-09 06:30:02] ℹ sm_m2 該時段內無資料變動，未生成有效 SQL。
[2026-06-09 06:30:02] ℹ 備份檔案完成
[2026-06-09 07:00:01] 開始轉換時間範圍: 2026-06-09 06:00:00 到 2026-06-09 06:59:59
[2026-06-09 07:00:01] ℹ su_web 該時段內無資料變動，未生成有效 SQL。
[2026-06-09 07:00:01] ℹ sm_m2 該時段內無資料變動，未生成有效 SQL。
[2026-06-09 07:00:01] ℹ 備份檔案完成
[2026-06-09 07:30:01] 開始轉換時間範圍: 2026-06-09 06:00:00 到 2026-06-09 06:59:59
[2026-06-09 07:30:01] ℹ su_web 該時段內無資料變動，未生成有效 SQL。
[2026-06-09 07:30:01] ℹ sm_m2 該時段內無資料變動，未生成有效 SQL。
[2026-06-09 07:30:01] ℹ 備份檔案完成
[2026-06-09 08:00:01] 開始轉換時間範圍: 2026-06-09 07:00:00 到 2026-06-09 07:59:59
[2026-06-09 08:00:01] ℹ su_web 該時段內無資料變動，未生成有效 SQL。
[2026-06-09 08:00:01] ℹ sm_m2 該時段內無資料變動，未生成有效 SQL。
[2026-06-09 08:00:01] ℹ 備份檔案完成
[2026-06-09 08:30:01] 開始轉換時間範圍: 2026-06-09 07:00:00 到 2026-06-09 07:59:59
[2026-06-09 08:30:01] ℹ su_web 該時段內無資料變動，未生成有效 SQL。
[2026-06-09 08:30:01] ℹ sm_m2 該時段內無資料變動，未生成有效 SQL。
[2026-06-09 08:30:02] ℹ 備份檔案完成
[2026-06-09 09:00:01] 開始轉換時間範圍: 2026-06-09 08:00:00 到 2026-06-09 08:59:59
[2026-06-09 09:00:01] ℹ su_web 該時段內無資料變動，未生成有效 SQL。
[2026-06-09 09:00:01] ℹ sm_m2 該時段內無資料變動，未生成有效 SQL。
[2026-06-09 09:00:01] ℹ 備份檔案完成
[2026-06-09 09:30:01] 開始轉換時間範圍: 2026-06-09 08:00:00 到 2026-06-09 08:59:59
[2026-06-09 09:30:01] ℹ su_web 該時段內無資料變動，未生成有效 SQL。
[2026-06-09 09:30:01] ℹ sm_m2 該時段內無資料變動，未生成有效 SQL。
[2026-06-09 09:30:01] ℹ 備份檔案完成
[2026-06-09 10:00:02] 開始轉換時間範圍: 2026-06-09 09:00:00 到 2026-06-09 09:59:59
[2026-06-09 10:00:02] ℹ su_web 該時段內無資料變動，未生成有效 SQL。
[2026-06-09 10:00:02] ℹ sm_m2 該時段內無資料變動，未生成有效 SQL。
[2026-06-09 10:00:02] ℹ 備份檔案完成
[2026-06-09 10:30:01] 開始轉換時間範圍: 2026-06-09 09:00:00 到 2026-06-09 09:59:59
[2026-06-09 10:30:01] ℹ su_web 該時段內無資料變動，未生成有效 SQL。
[2026-06-09 10:30:01] ℹ sm_m2 該時段內無資料變動，未生成有效 SQL。
[2026-06-09 10:30:01] ℹ 備份檔案完成
[2026-06-09 11:00:01] 開始轉換時間範圍: 2026-06-09 10:00:00 到 2026-06-09 10:59:59
[2026-06-09 11:00:01] ℹ su_web 該時段內無資料變動，未生成有效 SQL。
[2026-06-09 11:00:01] ℹ sm_m2 該時段內無資料變動，未生成有效 SQL。
[2026-06-09 11:00:01] ℹ 備份檔案完成
[2026-06-09 11:30:01] 開始轉換時間範圍: 2026-06-09 10:00:00 到 2026-06-09 10:59:59
[2026-06-09 11:30:01] ℹ su_web 該時段內無資料變動，未生成有效 SQL。
[2026-06-09 11:30:01] ℹ sm_m2 該時段內無資料變動，未生成有效 SQL。
[2026-06-09 11:30:01] ℹ 備份檔案完成
[2026-06-09 12:00:02] 開始轉換時間範圍: 2026-06-09 11:00:00 到 2026-06-09 11:59:59
[2026-06-09 12:00:02] ✓ su_web 完成: /mnt/web/www/hksu/.db/files/2026/06/09/20260609_11_Backup_su_web.sql.zip
[2026-06-09 12:00:02] ℹ sm_m2 該時段內無資料變動，未生成有效 SQL。
[2026-06-09 12:00:02] ℹ 備份檔案，提交 Git 。
[2026-06-09 12:00:02] ℹ 備份檔案，add . 完成。
[2026-06-09 12:00:02] ℹ 備份檔案，commit -m backup 20260609_11 完成。
[2026-06-09 12:00:02] ℹ 備份檔案，開始 push。
[2026-06-09 12:00:04] ℹ 備份檔案完成
[2026-06-09 12:30:01] 開始轉換時間範圍: 2026-06-09 11:00:00 到 2026-06-09 11:59:59
[2026-06-09 12:30:01] ✓ su_web 完成: /mnt/web/www/hksu/.db/files/2026/06/09/20260609_11_Backup_su_web.sql.zip
[2026-06-09 12:30:01] ℹ sm_m2 該時段內無資料變動，未生成有效 SQL。
[2026-06-09 12:30:01] ℹ 備份檔案，提交 Git 。
[2026-06-09 12:30:02] ℹ 備份檔案，add . 完成。
[2026-06-09 12:30:02] ℹ 備份檔案，commit -m backup 20260609_11 完成。
[2026-06-09 12:30:02] ℹ 備份檔案，開始 push。
[2026-06-09 12:30:03] ℹ 備份檔案完成
[2026-06-09 13:00:01] 開始轉換時間範圍: 2026-06-09 12:00:00 到 2026-06-09 12:59:59
[2026-06-09 13:00:01] ℹ su_web 該時段內無資料變動，未生成有效 SQL。
[2026-06-09 13:00:01] ℹ sm_m2 該時段內無資料變動，未生成有效 SQL。
[2026-06-09 13:00:01] ℹ 備份檔案完成
[2026-06-09 13:30:01] 開始轉換時間範圍: 2026-06-09 12:00:00 到 2026-06-09 12:59:59
[2026-06-09 13:30:02] ℹ su_web 該時段內無資料變動，未生成有效 SQL。
[2026-06-09 13:30:02] ℹ sm_m2 該時段內無資料變動，未生成有效 SQL。
[2026-06-09 13:30:02] ℹ 備份檔案完成
[2026-06-09 14:00:01] 開始轉換時間範圍: 2026-06-09 13:00:00 到 2026-06-09 13:59:59
[2026-06-09 14:00:01] ℹ su_web 該時段內無資料變動，未生成有效 SQL。
[2026-06-09 14:00:01] ℹ sm_m2 該時段內無資料變動，未生成有效 SQL。
[2026-06-09 14:00:01] ℹ 備份檔案完成
[2026-06-09 14:30:01] 開始轉換時間範圍: 2026-06-09 13:00:00 到 2026-06-09 13:59:59
[2026-06-09 14:30:02] ℹ su_web 該時段內無資料變動，未生成有效 SQL。
[2026-06-09 14:30:02] ℹ sm_m2 該時段內無資料變動，未生成有效 SQL。
[2026-06-09 14:30:02] ℹ 備份檔案完成
[2026-06-09 15:00:01] 開始轉換時間範圍: 2026-06-09 14:00:00 到 2026-06-09 14:59:59
[2026-06-09 15:00:01] ℹ su_web 該時段內無資料變動，未生成有效 SQL。
[2026-06-09 15:00:01] ✓ sm_m2 完成: /mnt/web/www/hksu/.db/files/2026/06/09/20260609_14_Backup_sm_m2.sql.zip
[2026-06-09 15:00:01] ℹ 備份檔案，提交 Git 。
[2026-06-09 15:00:01] ℹ 備份檔案，add . 完成。
[2026-06-09 15:00:02] ℹ 備份檔案，commit -m backup 20260609_14 完成。
[2026-06-09 15:00:02] ℹ 備份檔案，開始 push。
[2026-06-09 15:00:04] ℹ 備份檔案完成
[2026-06-09 15:30:01] 開始轉換時間範圍: 2026-06-09 14:00:00 到 2026-06-09 14:59:59
[2026-06-09 15:30:02] ℹ su_web 該時段內無資料變動，未生成有效 SQL。
[2026-06-09 15:30:02] ✓ sm_m2 完成: /mnt/web/www/hksu/.db/files/2026/06/09/20260609_14_Backup_sm_m2.sql.zip
[2026-06-09 15:30:02] ℹ 備份檔案，提交 Git 。
[2026-06-09 15:30:02] ℹ 備份檔案，add . 完成。
[2026-06-09 15:30:02] ℹ 備份檔案，commit -m backup 20260609_14 完成。
[2026-06-09 15:30:02] ℹ 備份檔案，開始 push。
[2026-06-09 15:30:04] ℹ 備份檔案完成
[2026-06-09 16:00:02] 開始轉換時間範圍: 2026-06-09 15:00:00 到 2026-06-09 15:59:59
[2026-06-09 16:00:02] ℹ su_web 該時段內無資料變動，未生成有效 SQL。
[2026-06-09 16:00:02] ℹ sm_m2 該時段內無資料變動，未生成有效 SQL。
[2026-06-09 16:00:02] ℹ 備份檔案完成
[2026-06-09 16:30:01] 開始轉換時間範圍: 2026-06-09 15:00:00 到 2026-06-09 15:59:59
[2026-06-09 16:30:02] ℹ su_web 該時段內無資料變動，未生成有效 SQL。
[2026-06-09 16:30:02] ℹ sm_m2 該時段內無資料變動，未生成有效 SQL。
[2026-06-09 16:30:02] ℹ 備份檔案完成
[2026-06-09 17:00:01] 開始轉換時間範圍: 2026-06-09 16:00:00 到 2026-06-09 16:59:59
[2026-06-09 17:00:01] ℹ su_web 該時段內無資料變動，未生成有效 SQL。
[2026-06-09 17:00:01] ℹ sm_m2 該時段內無資料變動，未生成有效 SQL。
[2026-06-09 17:00:01] ℹ 備份檔案完成
[2026-06-09 17:30:01] 開始轉換時間範圍: 2026-06-09 16:00:00 到 2026-06-09 16:59:59
[2026-06-09 17:30:01] ℹ su_web 該時段內無資料變動，未生成有效 SQL。
[2026-06-09 17:30:01] ℹ sm_m2 該時段內無資料變動，未生成有效 SQL。
[2026-06-09 17:30:01] ℹ 備份檔案完成
[2026-06-09 18:00:02] 開始轉換時間範圍: 2026-06-09 17:00:00 到 2026-06-09 17:59:59
[2026-06-09 18:00:02] ℹ su_web 該時段內無資料變動，未生成有效 SQL。
[2026-06-09 18:00:02] ℹ sm_m2 該時段內無資料變動，未生成有效 SQL。
[2026-06-09 18:00:02] ℹ 備份檔案完成
[2026-06-09 18:30:01] 開始轉換時間範圍: 2026-06-09 17:00:00 到 2026-06-09 17:59:59
[2026-06-09 18:30:01] ℹ su_web 該時段內無資料變動，未生成有效 SQL。
[2026-06-09 18:30:01] ℹ sm_m2 該時段內無資料變動，未生成有效 SQL。
[2026-06-09 18:30:01] ℹ 備份檔案完成
[2026-06-09 19:00:02] 開始轉換時間範圍: 2026-06-09 18:00:00 到 2026-06-09 18:59:59
[2026-06-09 19:00:02] ℹ su_web 該時段內無資料變動，未生成有效 SQL。
[2026-06-09 19:00:02] ✓ sm_m2 完成: /mnt/web/www/hksu/.db/files/2026/06/09/20260609_18_Backup_sm_m2.sql.zip
[2026-06-09 19:00:02] ℹ 備份檔案，提交 Git 。
[2026-06-09 19:00:02] ℹ 備份檔案，add . 完成。
[2026-06-09 19:00:02] ℹ 備份檔案，commit -m backup 20260609_18 完成。
[2026-06-09 19:00:02] ℹ 備份檔案，開始 push。
[2026-06-09 19:00:04] ℹ 備份檔案完成
[2026-06-09 19:30:01] 開始轉換時間範圍: 2026-06-09 18:00:00 到 2026-06-09 18:59:59
[2026-06-09 19:30:01] ℹ su_web 該時段內無資料變動，未生成有效 SQL。
[2026-06-09 19:30:01] ✓ sm_m2 完成: /mnt/web/www/hksu/.db/files/2026/06/09/20260609_18_Backup_sm_m2.sql.zip
[2026-06-09 19:30:01] ℹ 備份檔案，提交 Git 。
[2026-06-09 19:30:01] ℹ 備份檔案，add . 完成。
[2026-06-09 19:30:02] ℹ 備份檔案，commit -m backup 20260609_18 完成。
[2026-06-09 19:30:02] ℹ 備份檔案，開始 push。
[2026-06-09 19:30:04] ℹ 備份檔案完成
[2026-06-09 20:00:01] 開始轉換時間範圍: 2026-06-09 19:00:00 到 2026-06-09 19:59:59
[2026-06-09 20:00:01] ℹ su_web 該時段內無資料變動，未生成有效 SQL。
[2026-06-09 20:00:01] ✓ sm_m2 完成: /mnt/web/www/hksu/.db/files/2026/06/09/20260609_19_Backup_sm_m2.sql.zip
[2026-06-09 20:00:01] ℹ 備份檔案，提交 Git 。
[2026-06-09 20:00:01] ℹ 備份檔案，add . 完成。
[2026-06-09 20:00:01] ℹ 備份檔案，commit -m backup 20260609_19 完成。
[2026-06-09 20:00:01] ℹ 備份檔案，開始 push。
[2026-06-09 20:00:04] ℹ 備份檔案完成
[2026-06-09 20:30:01] 開始轉換時間範圍: 2026-06-09 19:00:00 到 2026-06-09 19:59:59
[2026-06-09 20:30:01] ℹ su_web 該時段內無資料變動，未生成有效 SQL。
[2026-06-09 20:30:02] ✓ sm_m2 完成: /mnt/web/www/hksu/.db/files/2026/06/09/20260609_19_Backup_sm_m2.sql.zip
[2026-06-09 20:30:02] ℹ 備份檔案，提交 Git 。
[2026-06-09 20:30:02] ℹ 備份檔案，add . 完成。
[2026-06-09 20:30:02] ℹ 備份檔案，commit -m backup 20260609_19 完成。
[2026-06-09 20:30:02] ℹ 備份檔案，開始 push。
[2026-06-09 20:30:04] ℹ 備份檔案完成
[2026-06-09 21:00:01] 開始轉換時間範圍: 2026-06-09 20:00:00 到 2026-06-09 20:59:59
[2026-06-09 21:00:01] ℹ su_web 該時段內無資料變動，未生成有效 SQL。
[2026-06-09 21:00:01] ✓ sm_m2 完成: /mnt/web/www/hksu/.db/files/2026/06/09/20260609_20_Backup_sm_m2.sql.zip
[2026-06-09 21:00:01] ℹ 備份檔案，提交 Git 。
[2026-06-09 21:00:01] ℹ 備份檔案，add . 完成。
[2026-06-09 21:00:01] ℹ 備份檔案，commit -m backup 20260609_20 完成。
[2026-06-09 21:00:01] ℹ 備份檔案，開始 push。
[2026-06-09 21:00:05] ℹ 備份檔案完成
[2026-06-09 21:30:01] 開始轉換時間範圍: 2026-06-09 20:00:00 到 2026-06-09 20:59:59
[2026-06-09 21:30:01] ℹ su_web 該時段內無資料變動，未生成有效 SQL。
[2026-06-09 21:30:01] ✓ sm_m2 完成: /mnt/web/www/hksu/.db/files/2026/06/09/20260609_20_Backup_sm_m2.sql.zip
[2026-06-09 21:30:01] ℹ 備份檔案，提交 Git 。
[2026-06-09 21:30:01] ℹ 備份檔案，add . 完成。
[2026-06-09 21:30:01] ℹ 備份檔案，commit -m backup 20260609_20 完成。
[2026-06-09 21:30:01] ℹ 備份檔案，開始 push。
[2026-06-09 21:30:03] ℹ 備份檔案完成
[2026-06-09 22:00:01] 開始轉換時間範圍: 2026-06-09 21:00:00 到 2026-06-09 21:59:59
[2026-06-09 22:00:01] ℹ su_web 該時段內無資料變動，未生成有效 SQL。
[2026-06-09 22:00:01] ℹ sm_m2 該時段內無資料變動，未生成有效 SQL。
[2026-06-09 22:00:01] ℹ 備份檔案完成
[2026-06-09 22:30:01] 開始轉換時間範圍: 2026-06-09 21:00:00 到 2026-06-09 21:59:59
[2026-06-09 22:30:02] ℹ su_web 該時段內無資料變動，未生成有效 SQL。
[2026-06-09 22:30:02] ℹ sm_m2 該時段內無資料變動，未生成有效 SQL。
[2026-06-09 22:30:02] ℹ 備份檔案完成
[2026-06-09 23:00:01] 開始轉換時間範圍: 2026-06-09 22:00:00 到 2026-06-09 22:59:59
[2026-06-09 23:00:01] ℹ su_web 該時段內無資料變動，未生成有效 SQL。
[2026-06-09 23:00:01] ℹ sm_m2 該時段內無資料變動，未生成有效 SQL。
[2026-06-09 23:00:01] ℹ 備份檔案完成
[2026-06-09 23:30:01] 開始轉換時間範圍: 2026-06-09 22:00:00 到 2026-06-09 22:59:59
[2026-06-09 23:30:02] ℹ su_web 該時段內無資料變動，未生成有效 SQL。
[2026-06-09 23:30:02] ℹ sm_m2 該時段內無資料變動，未生成有效 SQL。
[2026-06-09 23:30:02] ℹ 備份檔案完成
[2026-06-10 00:00:01] 開始轉換時間範圍: 2026-06-09 23:00:00 到 2026-06-09 23:59:59
[2026-06-10 00:00:01] ℹ su_web 該時段內無資料變動，未生成有效 SQL。
[2026-06-10 00:00:01] ℹ sm_m2 該時段內無資料變動，未生成有效 SQL。
[2026-06-10 00:00:01] ℹ 備份檔案完成
[2026-06-10 00:30:01] 開始轉換時間範圍: 2026-06-09 23:00:00 到 2026-06-09 23:59:59
[2026-06-10 00:30:01] ℹ su_web 該時段內無資料變動，未生成有效 SQL。
[2026-06-10 00:30:01] ℹ sm_m2 該時段內無資料變動，未生成有效 SQL。
[2026-06-10 00:30:01] ℹ 備份檔案完成
[2026-06-10 01:00:02] 開始轉換時間範圍: 2026-06-10 00:00:00 到 2026-06-10 00:59:59
[2026-06-10 01:00:02] ℹ su_web 該時段內無資料變動，未生成有效 SQL。
[2026-06-10 01:00:02] ℹ sm_m2 該時段內無資料變動，未生成有效 SQL。
[2026-06-10 01:00:02] ℹ 備份檔案完成
[2026-06-10 01:30:01] 開始轉換時間範圍: 2026-06-10 00:00:00 到 2026-06-10 00:59:59
[2026-06-10 01:30:01] ℹ su_web 該時段內無資料變動，未生成有效 SQL。
[2026-06-10 01:30:01] ℹ sm_m2 該時段內無資料變動，未生成有效 SQL。
[2026-06-10 01:30:01] ℹ 備份檔案完成
[2026-06-10 02:00:01] 開始轉換時間範圍: 2026-06-10 01:00:00 到 2026-06-10 01:59:59
[2026-06-10 02:00:01] ℹ su_web 該時段內無資料變動，未生成有效 SQL。
[2026-06-10 02:00:01] ℹ sm_m2 該時段內無資料變動，未生成有效 SQL。
[2026-06-10 02:00:01] ℹ 備份檔案完成
[2026-06-10 02:30:01] 開始轉換時間範圍: 2026-06-10 01:00:00 到 2026-06-10 01:59:59
[2026-06-10 02:30:01] ℹ su_web 該時段內無資料變動，未生成有效 SQL。
[2026-06-10 02:30:01] ℹ sm_m2 該時段內無資料變動，未生成有效 SQL。
[2026-06-10 02:30:01] ℹ 備份檔案完成
[2026-06-10 03:00:02] 開始轉換時間範圍: 2026-06-10 02:00:00 到 2026-06-10 02:59:59
[2026-06-10 03:00:02] ℹ su_web 該時段內無資料變動，未生成有效 SQL。
[2026-06-10 03:00:02] ✓ sm_m2 完成: /mnt/web/www/hksu/.db/files/2026/06/10/20260610_02_Backup_sm_m2.sql.zip
[2026-06-10 03:00:02] ℹ 備份檔案，提交 Git 。
[2026-06-10 03:00:02] ℹ 備份檔案，add . 完成。
[2026-06-10 03:00:02] ℹ 備份檔案，commit -m backup 20260610_02 完成。
[2026-06-10 03:00:02] ℹ 備份檔案，開始 push。
[2026-06-10 03:00:05] ℹ 備份檔案完成
[2026-06-10 03:30:01] 開始轉換時間範圍: 2026-06-10 02:00:00 到 2026-06-10 02:59:59
[2026-06-10 03:30:01] ℹ su_web 該時段內無資料變動，未生成有效 SQL。
[2026-06-10 03:30:01] ✓ sm_m2 完成: /mnt/web/www/hksu/.db/files/2026/06/10/20260610_02_Backup_sm_m2.sql.zip
[2026-06-10 03:30:01] ℹ 備份檔案，提交 Git 。
[2026-06-10 03:30:01] ℹ 備份檔案，add . 完成。
[2026-06-10 03:30:02] ℹ 備份檔案，commit -m backup 20260610_02 完成。
[2026-06-10 03:30:02] ℹ 備份檔案，開始 push。
[2026-06-10 03:30:04] ℹ 備份檔案完成
[2026-06-10 04:00:01] 開始轉換時間範圍: 2026-06-10 03:00:00 到 2026-06-10 03:59:59
[2026-06-10 04:00:01] ℹ su_web 該時段內無資料變動，未生成有效 SQL。
[2026-06-10 04:00:01] ℹ sm_m2 該時段內無資料變動，未生成有效 SQL。
[2026-06-10 04:00:01] ℹ 備份檔案完成
[2026-06-10 04:30:01] 開始轉換時間範圍: 2026-06-10 03:00:00 到 2026-06-10 03:59:59
[2026-06-10 04:30:01] ℹ su_web 該時段內無資料變動，未生成有效 SQL。
[2026-06-10 04:30:02] ℹ sm_m2 該時段內無資料變動，未生成有效 SQL。
[2026-06-10 04:30:02] ℹ 備份檔案完成
[2026-06-10 05:00:01] 開始轉換時間範圍: 2026-06-10 04:00:00 到 2026-06-10 04:59:59
[2026-06-10 05:00:01] ℹ su_web 該時段內無資料變動，未生成有效 SQL。
[2026-06-10 05:00:01] ℹ sm_m2 該時段內無資料變動，未生成有效 SQL。
[2026-06-10 05:00:01] ℹ 備份檔案完成
[2026-06-10 05:30:01] 開始轉換時間範圍: 2026-06-10 04:00:00 到 2026-06-10 04:59:59
[2026-06-10 05:30:01] ℹ su_web 該時段內無資料變動，未生成有效 SQL。
[2026-06-10 05:30:01] ℹ sm_m2 該時段內無資料變動，未生成有效 SQL。
[2026-06-10 05:30:01] ℹ 備份檔案完成
[2026-06-10 06:00:01] 開始轉換時間範圍: 2026-06-10 05:00:00 到 2026-06-10 05:59:59
[2026-06-10 06:00:01] ℹ su_web 該時段內無資料變動，未生成有效 SQL。
[2026-06-10 06:00:02] ℹ sm_m2 該時段內無資料變動，未生成有效 SQL。
[2026-06-10 06:00:02] ℹ 備份檔案完成
[2026-06-10 06:30:01] 開始轉換時間範圍: 2026-06-10 05:00:00 到 2026-06-10 05:59:59
[2026-06-10 06:30:01] ℹ su_web 該時段內無資料變動，未生成有效 SQL。
[2026-06-10 06:30:01] ℹ sm_m2 該時段內無資料變動，未生成有效 SQL。
[2026-06-10 06:30:01] ℹ 備份檔案完成
[2026-06-10 07:00:01] 開始轉換時間範圍: 2026-06-10 06:00:00 到 2026-06-10 06:59:59
[2026-06-10 07:00:01] ℹ su_web 該時段內無資料變動，未生成有效 SQL。
[2026-06-10 07:00:01] ℹ sm_m2 該時段內無資料變動，未生成有效 SQL。
[2026-06-10 07:00:01] ℹ 備份檔案完成
[2026-06-10 07:30:01] 開始轉換時間範圍: 2026-06-10 06:00:00 到 2026-06-10 06:59:59
[2026-06-10 07:30:01] ℹ su_web 該時段內無資料變動，未生成有效 SQL。
[2026-06-10 07:30:01] ℹ sm_m2 該時段內無資料變動，未生成有效 SQL。
[2026-06-10 07:30:01] ℹ 備份檔案完成
[2026-06-10 08:00:01] 開始轉換時間範圍: 2026-06-10 07:00:00 到 2026-06-10 07:59:59
[2026-06-10 08:00:01] ℹ su_web 該時段內無資料變動，未生成有效 SQL。
[2026-06-10 08:00:01] ℹ sm_m2 該時段內無資料變動，未生成有效 SQL。
[2026-06-10 08:00:02] ℹ 備份檔案完成
[2026-06-10 08:30:01] 開始轉換時間範圍: 2026-06-10 07:00:00 到 2026-06-10 07:59:59
[2026-06-10 08:30:01] ℹ su_web 該時段內無資料變動，未生成有效 SQL。
[2026-06-10 08:30:01] ℹ sm_m2 該時段內無資料變動，未生成有效 SQL。
[2026-06-10 08:30:01] ℹ 備份檔案完成
[2026-06-10 09:00:01] 開始轉換時間範圍: 2026-06-10 08:00:00 到 2026-06-10 08:59:59
[2026-06-10 09:00:01] ℹ su_web 該時段內無資料變動，未生成有效 SQL。
[2026-06-10 09:00:01] ℹ sm_m2 該時段內無資料變動，未生成有效 SQL。
[2026-06-10 09:00:01] ℹ 備份檔案完成
[2026-06-10 09:30:01] 開始轉換時間範圍: 2026-06-10 08:00:00 到 2026-06-10 08:59:59
[2026-06-10 09:30:01] ℹ su_web 該時段內無資料變動，未生成有效 SQL。
[2026-06-10 09:30:01] ℹ sm_m2 該時段內無資料變動，未生成有效 SQL。
[2026-06-10 09:30:01] ℹ 備份檔案完成
[2026-06-10 10:00:01] 開始轉換時間範圍: 2026-06-10 09:00:00 到 2026-06-10 09:59:59
[2026-06-10 10:00:01] ℹ su_web 該時段內無資料變動，未生成有效 SQL。
[2026-06-10 10:00:01] ℹ sm_m2 該時段內無資料變動，未生成有效 SQL。
[2026-06-10 10:00:01] ℹ 備份檔案完成
[2026-06-10 10:30:01] 開始轉換時間範圍: 2026-06-10 09:00:00 到 2026-06-10 09:59:59
[2026-06-10 10:30:01] ℹ su_web 該時段內無資料變動，未生成有效 SQL。
[2026-06-10 10:30:01] ℹ sm_m2 該時段內無資料變動，未生成有效 SQL。
[2026-06-10 10:30:01] ℹ 備份檔案完成
[2026-06-10 11:00:01] 開始轉換時間範圍: 2026-06-10 10:00:00 到 2026-06-10 10:59:59
[2026-06-10 11:00:02] ℹ su_web 該時段內無資料變動，未生成有效 SQL。
[2026-06-10 11:00:02] ℹ sm_m2 該時段內無資料變動，未生成有效 SQL。
[2026-06-10 11:00:02] ℹ 備份檔案完成
[2026-06-10 11:30:02] 開始轉換時間範圍: 2026-06-10 10:00:00 到 2026-06-10 10:59:59
[2026-06-10 11:30:02] ℹ su_web 該時段內無資料變動，未生成有效 SQL。
[2026-06-10 11:30:02] ℹ sm_m2 該時段內無資料變動，未生成有效 SQL。
[2026-06-10 11:30:02] ℹ 備份檔案完成
[2026-06-10 12:00:01] 開始轉換時間範圍: 2026-06-10 11:00:00 到 2026-06-10 11:59:59
[2026-06-10 12:00:01] ℹ su_web 該時段內無資料變動，未生成有效 SQL。
[2026-06-10 12:00:01] ℹ sm_m2 該時段內無資料變動，未生成有效 SQL。
[2026-06-10 12:00:01] ℹ 備份檔案完成
[2026-06-10 12:30:01] 開始轉換時間範圍: 2026-06-10 11:00:00 到 2026-06-10 11:59:59
[2026-06-10 12:30:01] ℹ su_web 該時段內無資料變動，未生成有效 SQL。
[2026-06-10 12:30:01] ℹ sm_m2 該時段內無資料變動，未生成有效 SQL。
[2026-06-10 12:30:01] ℹ 備份檔案完成
[2026-06-10 13:00:02] 開始轉換時間範圍: 2026-06-10 12:00:00 到 2026-06-10 12:59:59
[2026-06-10 13:00:02] ℹ su_web 該時段內無資料變動，未生成有效 SQL。
[2026-06-10 13:00:02] ℹ sm_m2 該時段內無資料變動，未生成有效 SQL。
[2026-06-10 13:00:02] ℹ 備份檔案完成
[2026-06-10 13:30:01] 開始轉換時間範圍: 2026-06-10 12:00:00 到 2026-06-10 12:59:59
[2026-06-10 13:30:01] ℹ su_web 該時段內無資料變動，未生成有效 SQL。
[2026-06-10 13:30:01] ℹ sm_m2 該時段內無資料變動，未生成有效 SQL。
[2026-06-10 13:30:01] ℹ 備份檔案完成
[2026-06-10 14:00:02] 開始轉換時間範圍: 2026-06-10 13:00:00 到 2026-06-10 13:59:59
[2026-06-10 14:00:02] ℹ su_web 該時段內無資料變動，未生成有效 SQL。
[2026-06-10 14:00:02] ℹ sm_m2 該時段內無資料變動，未生成有效 SQL。
[2026-06-10 14:00:02] ℹ 備份檔案完成
[2026-06-10 14:30:01] 開始轉換時間範圍: 2026-06-10 13:00:00 到 2026-06-10 13:59:59
[2026-06-10 14:30:01] ℹ su_web 該時段內無資料變動，未生成有效 SQL。
[2026-06-10 14:30:01] ℹ sm_m2 該時段內無資料變動，未生成有效 SQL。
[2026-06-10 14:30:01] ℹ 備份檔案完成
[2026-06-10 15:00:01] 開始轉換時間範圍: 2026-06-10 14:00:00 到 2026-06-10 14:59:59
[2026-06-10 15:00:01] ℹ su_web 該時段內無資料變動，未生成有效 SQL。
[2026-06-10 15:00:01] ℹ sm_m2 該時段內無資料變動，未生成有效 SQL。
[2026-06-10 15:00:01] ℹ 備份檔案完成
[2026-06-10 15:30:01] 開始轉換時間範圍: 2026-06-10 14:00:00 到 2026-06-10 14:59:59
[2026-06-10 15:30:02] ℹ su_web 該時段內無資料變動，未生成有效 SQL。
[2026-06-10 15:30:02] ℹ sm_m2 該時段內無資料變動，未生成有效 SQL。
[2026-06-10 15:30:02] ℹ 備份檔案完成
[2026-06-10 16:00:01] 開始轉換時間範圍: 2026-06-10 15:00:00 到 2026-06-10 15:59:59
[2026-06-10 16:00:01] ✓ su_web 完成: /mnt/web/www/hksu/.db/files/2026/06/10/20260610_15_Backup_su_web.sql.zip
[2026-06-10 16:00:01] ℹ sm_m2 該時段內無資料變動，未生成有效 SQL。
[2026-06-10 16:00:01] ℹ 備份檔案，提交 Git 。
[2026-06-10 16:00:02] ℹ 備份檔案，add . 完成。
[2026-06-10 16:00:02] ℹ 備份檔案，commit -m backup 20260610_15 完成。
[2026-06-10 16:00:02] ℹ 備份檔案，開始 push。
[2026-06-10 16:00:04] ℹ 備份檔案完成
[2026-06-10 16:30:01] 開始轉換時間範圍: 2026-06-10 15:00:00 到 2026-06-10 15:59:59
[2026-06-10 16:30:01] ✓ su_web 完成: /mnt/web/www/hksu/.db/files/2026/06/10/20260610_15_Backup_su_web.sql.zip
[2026-06-10 16:30:01] ℹ sm_m2 該時段內無資料變動，未生成有效 SQL。
[2026-06-10 16:30:01] ℹ 備份檔案，提交 Git 。
[2026-06-10 16:30:01] ℹ 備份檔案，add . 完成。
[2026-06-10 16:30:01] ℹ 備份檔案，commit -m backup 20260610_15 完成。
[2026-06-10 16:30:01] ℹ 備份檔案，開始 push。
[2026-06-10 16:30:03] ℹ 備份檔案完成
[2026-06-10 17:00:02] 開始轉換時間範圍: 2026-06-10 16:00:00 到 2026-06-10 16:59:59
[2026-06-10 17:00:02] ℹ su_web 該時段內無資料變動，未生成有效 SQL。
[2026-06-10 17:00:02] ✓ sm_m2 完成: /mnt/web/www/hksu/.db/files/2026/06/10/20260610_16_Backup_sm_m2.sql.zip
[2026-06-10 17:00:02] ℹ 備份檔案，提交 Git 。
[2026-06-10 17:00:02] ℹ 備份檔案，add . 完成。
[2026-06-10 17:00:02] ℹ 備份檔案，commit -m backup 20260610_16 完成。
[2026-06-10 17:00:02] ℹ 備份檔案，開始 push。
[2026-06-10 17:00:04] ℹ 備份檔案完成
[2026-06-10 17:30:01] 開始轉換時間範圍: 2026-06-10 16:00:00 到 2026-06-10 16:59:59
[2026-06-10 17:30:01] ℹ su_web 該時段內無資料變動，未生成有效 SQL。
[2026-06-10 17:30:01] ✓ sm_m2 完成: /mnt/web/www/hksu/.db/files/2026/06/10/20260610_16_Backup_sm_m2.sql.zip
[2026-06-10 17:30:01] ℹ 備份檔案，提交 Git 。
[2026-06-10 17:30:01] ℹ 備份檔案，add . 完成。
[2026-06-10 17:30:02] ℹ 備份檔案，commit -m backup 20260610_16 完成。
[2026-06-10 17:30:02] ℹ 備份檔案，開始 push。
[2026-06-10 17:30:04] ℹ 備份檔案完成
[2026-06-10 18:00:01] 開始轉換時間範圍: 2026-06-10 17:00:00 到 2026-06-10 17:59:59
[2026-06-10 18:00:01] ℹ su_web 該時段內無資料變動，未生成有效 SQL。
[2026-06-10 18:00:01] ℹ sm_m2 該時段內無資料變動，未生成有效 SQL。
[2026-06-10 18:00:01] ℹ 備份檔案完成
[2026-06-10 18:30:01] 開始轉換時間範圍: 2026-06-10 17:00:00 到 2026-06-10 17:59:59
[2026-06-10 18:30:01] ℹ su_web 該時段內無資料變動，未生成有效 SQL。
[2026-06-10 18:30:01] ℹ sm_m2 該時段內無資料變動，未生成有效 SQL。
[2026-06-10 18:30:01] ℹ 備份檔案完成
[2026-06-10 19:00:01] 開始轉換時間範圍: 2026-06-10 18:00:00 到 2026-06-10 18:59:59
[2026-06-10 19:00:01] ℹ su_web 該時段內無資料變動，未生成有效 SQL。
[2026-06-10 19:00:01] ℹ sm_m2 該時段內無資料變動，未生成有效 SQL。
[2026-06-10 19:00:01] ℹ 備份檔案完成
[2026-06-10 19:30:01] 開始轉換時間範圍: 2026-06-10 18:00:00 到 2026-06-10 18:59:59
[2026-06-10 19:30:01] ℹ su_web 該時段內無資料變動，未生成有效 SQL。
[2026-06-10 19:30:01] ℹ sm_m2 該時段內無資料變動，未生成有效 SQL。
[2026-06-10 19:30:02] ℹ 備份檔案完成
[2026-06-10 20:00:01] 開始轉換時間範圍: 2026-06-10 19:00:00 到 2026-06-10 19:59:59
[2026-06-10 20:00:01] ℹ su_web 該時段內無資料變動，未生成有效 SQL。
[2026-06-10 20:00:01] ℹ sm_m2 該時段內無資料變動，未生成有效 SQL。
[2026-06-10 20:00:01] ℹ 備份檔案完成
[2026-06-10 20:30:01] 開始轉換時間範圍: 2026-06-10 19:00:00 到 2026-06-10 19:59:59
[2026-06-10 20:30:02] ℹ su_web 該時段內無資料變動，未生成有效 SQL。
[2026-06-10 20:30:02] ℹ sm_m2 該時段內無資料變動，未生成有效 SQL。
[2026-06-10 20:30:02] ℹ 備份檔案完成
[2026-06-10 21:00:01] 開始轉換時間範圍: 2026-06-10 20:00:00 到 2026-06-10 20:59:59
[2026-06-10 21:00:01] ℹ su_web 該時段內無資料變動，未生成有效 SQL。
[2026-06-10 21:00:01] ✓ sm_m2 完成: /mnt/web/www/hksu/.db/files/2026/06/10/20260610_20_Backup_sm_m2.sql.zip
[2026-06-10 21:00:01] ℹ 備份檔案，提交 Git 。
[2026-06-10 21:00:02] ℹ 備份檔案，add . 完成。
[2026-06-10 21:00:02] ℹ 備份檔案，commit -m backup 20260610_20 完成。
[2026-06-10 21:00:02] ℹ 備份檔案，開始 push。
[2026-06-10 21:00:05] ℹ 備份檔案完成
[2026-06-10 21:30:01] 開始轉換時間範圍: 2026-06-10 20:00:00 到 2026-06-10 20:59:59
[2026-06-10 21:30:01] ℹ su_web 該時段內無資料變動，未生成有效 SQL。
[2026-06-10 21:30:01] ✓ sm_m2 完成: /mnt/web/www/hksu/.db/files/2026/06/10/20260610_20_Backup_sm_m2.sql.zip
[2026-06-10 21:30:02] ℹ 備份檔案，提交 Git 。
[2026-06-10 21:30:02] ℹ 備份檔案，add . 完成。
[2026-06-10 21:30:02] ℹ 備份檔案，commit -m backup 20260610_20 完成。
[2026-06-10 21:30:02] ℹ 備份檔案，開始 push。
[2026-06-10 21:30:05] ℹ 備份檔案完成
[2026-06-10 22:00:01] 開始轉換時間範圍: 2026-06-10 21:00:00 到 2026-06-10 21:59:59
[2026-06-10 22:00:01] ℹ su_web 該時段內無資料變動，未生成有效 SQL。
[2026-06-10 22:00:01] ℹ sm_m2 該時段內無資料變動，未生成有效 SQL。
[2026-06-10 22:00:01] ℹ 備份檔案完成
[2026-06-10 22:30:01] 開始轉換時間範圍: 2026-06-10 21:00:00 到 2026-06-10 21:59:59
[2026-06-10 22:30:01] ℹ su_web 該時段內無資料變動，未生成有效 SQL。
[2026-06-10 22:30:01] ℹ sm_m2 該時段內無資料變動，未生成有效 SQL。
[2026-06-10 22:30:02] ℹ 備份檔案完成
[2026-06-10 23:00:01] 開始轉換時間範圍: 2026-06-10 22:00:00 到 2026-06-10 22:59:59
[2026-06-10 23:00:01] ℹ su_web 該時段內無資料變動，未生成有效 SQL。
[2026-06-10 23:00:01] ℹ sm_m2 該時段內無資料變動，未生成有效 SQL。
[2026-06-10 23:00:01] ℹ 備份檔案完成
[2026-06-10 23:30:02] 開始轉換時間範圍: 2026-06-10 22:00:00 到 2026-06-10 22:59:59
[2026-06-10 23:30:02] ℹ su_web 該時段內無資料變動，未生成有效 SQL。
[2026-06-10 23:30:02] ℹ sm_m2 該時段內無資料變動，未生成有效 SQL。
[2026-06-10 23:30:02] ℹ 備份檔案完成
[2026-06-11 00:00:01] 開始轉換時間範圍: 2026-06-10 23:00:00 到 2026-06-10 23:59:59
[2026-06-11 00:00:01] ℹ su_web 該時段內無資料變動，未生成有效 SQL。
[2026-06-11 00:00:01] ℹ sm_m2 該時段內無資料變動，未生成有效 SQL。
[2026-06-11 00:00:01] ℹ 備份檔案完成
[2026-06-11 00:30:01] 開始轉換時間範圍: 2026-06-10 23:00:00 到 2026-06-10 23:59:59
[2026-06-11 00:30:01] ℹ su_web 該時段內無資料變動，未生成有效 SQL。
[2026-06-11 00:30:02] ℹ sm_m2 該時段內無資料變動，未生成有效 SQL。
[2026-06-11 00:30:02] ℹ 備份檔案完成
[2026-06-11 01:00:01] 開始轉換時間範圍: 2026-06-11 00:00:00 到 2026-06-11 00:59:59
[2026-06-11 01:00:01] ℹ su_web 該時段內無資料變動，未生成有效 SQL。
[2026-06-11 01:00:01] ℹ sm_m2 該時段內無資料變動，未生成有效 SQL。
[2026-06-11 01:00:01] ℹ 備份檔案完成
[2026-06-11 01:30:01] 開始轉換時間範圍: 2026-06-11 00:00:00 到 2026-06-11 00:59:59
[2026-06-11 01:30:01] ℹ su_web 該時段內無資料變動，未生成有效 SQL。
[2026-06-11 01:30:01] ℹ sm_m2 該時段內無資料變動，未生成有效 SQL。
[2026-06-11 01:30:01] ℹ 備份檔案完成
[2026-06-11 02:00:01] 開始轉換時間範圍: 2026-06-11 01:00:00 到 2026-06-11 01:59:59
[2026-06-11 02:00:01] ℹ su_web 該時段內無資料變動，未生成有效 SQL。
[2026-06-11 02:00:01] ℹ sm_m2 該時段內無資料變動，未生成有效 SQL。
[2026-06-11 02:00:02] ℹ 備份檔案完成
[2026-06-11 02:30:01] 開始轉換時間範圍: 2026-06-11 01:00:00 到 2026-06-11 01:59:59
[2026-06-11 02:30:01] ℹ su_web 該時段內無資料變動，未生成有效 SQL。
[2026-06-11 02:30:02] ℹ sm_m2 該時段內無資料變動，未生成有效 SQL。
[2026-06-11 02:30:02] ℹ 備份檔案完成
[2026-06-11 03:00:01] 開始轉換時間範圍: 2026-06-11 02:00:00 到 2026-06-11 02:59:59
[2026-06-11 03:00:01] ℹ su_web 該時段內無資料變動，未生成有效 SQL。
[2026-06-11 03:00:01] ℹ sm_m2 該時段內無資料變動，未生成有效 SQL。
[2026-06-11 03:00:01] ℹ 備份檔案完成
[2026-06-11 03:30:01] 開始轉換時間範圍: 2026-06-11 02:00:00 到 2026-06-11 02:59:59
[2026-06-11 03:30:01] ℹ su_web 該時段內無資料變動，未生成有效 SQL。
[2026-06-11 03:30:01] ℹ sm_m2 該時段內無資料變動，未生成有效 SQL。
[2026-06-11 03:30:01] ℹ 備份檔案完成
[2026-06-11 04:00:01] 開始轉換時間範圍: 2026-06-11 03:00:00 到 2026-06-11 03:59:59
[2026-06-11 04:00:01] ℹ su_web 該時段內無資料變動，未生成有效 SQL。
[2026-06-11 04:00:01] ℹ sm_m2 該時段內無資料變動，未生成有效 SQL。
[2026-06-11 04:00:02] ℹ 備份檔案完成
[2026-06-11 04:30:01] 開始轉換時間範圍: 2026-06-11 03:00:00 到 2026-06-11 03:59:59
[2026-06-11 04:30:01] ℹ su_web 該時段內無資料變動，未生成有效 SQL。
[2026-06-11 04:30:01] ℹ sm_m2 該時段內無資料變動，未生成有效 SQL。
[2026-06-11 04:30:01] ℹ 備份檔案完成
[2026-06-11 05:00:01] 開始轉換時間範圍: 2026-06-11 04:00:00 到 2026-06-11 04:59:59
[2026-06-11 05:00:02] ℹ su_web 該時段內無資料變動，未生成有效 SQL。
[2026-06-11 05:00:02] ℹ sm_m2 該時段內無資料變動，未生成有效 SQL。
[2026-06-11 05:00:02] ℹ 備份檔案完成
[2026-06-11 05:30:02] 開始轉換時間範圍: 2026-06-11 04:00:00 到 2026-06-11 04:59:59
[2026-06-11 05:30:02] ℹ su_web 該時段內無資料變動，未生成有效 SQL。
[2026-06-11 05:30:02] ℹ sm_m2 該時段內無資料變動，未生成有效 SQL。
[2026-06-11 05:30:02] ℹ 備份檔案完成
[2026-06-11 06:00:01] 開始轉換時間範圍: 2026-06-11 05:00:00 到 2026-06-11 05:59:59
[2026-06-11 06:00:01] ℹ su_web 該時段內無資料變動，未生成有效 SQL。
[2026-06-11 06:00:01] ℹ sm_m2 該時段內無資料變動，未生成有效 SQL。
[2026-06-11 06:00:01] ℹ 備份檔案完成
[2026-06-11 06:30:01] 開始轉換時間範圍: 2026-06-11 05:00:00 到 2026-06-11 05:59:59
[2026-06-11 06:30:01] ℹ su_web 該時段內無資料變動，未生成有效 SQL。
[2026-06-11 06:30:01] ℹ sm_m2 該時段內無資料變動，未生成有效 SQL。
[2026-06-11 06:30:01] ℹ 備份檔案完成
[2026-06-11 07:00:01] 開始轉換時間範圍: 2026-06-11 06:00:00 到 2026-06-11 06:59:59
[2026-06-11 07:00:01] ℹ su_web 該時段內無資料變動，未生成有效 SQL。
[2026-06-11 07:00:01] ℹ sm_m2 該時段內無資料變動，未生成有效 SQL。
[2026-06-11 07:00:01] ℹ 備份檔案完成
[2026-06-11 07:30:01] 開始轉換時間範圍: 2026-06-11 06:00:00 到 2026-06-11 06:59:59
[2026-06-11 07:30:01] ℹ su_web 該時段內無資料變動，未生成有效 SQL。
[2026-06-11 07:30:01] ℹ sm_m2 該時段內無資料變動，未生成有效 SQL。
[2026-06-11 07:30:02] ℹ 備份檔案完成
[2026-06-11 08:00:01] 開始轉換時間範圍: 2026-06-11 07:00:00 到 2026-06-11 07:59:59
[2026-06-11 08:00:01] ℹ su_web 該時段內無資料變動，未生成有效 SQL。
[2026-06-11 08:00:01] ℹ sm_m2 該時段內無資料變動，未生成有效 SQL。
[2026-06-11 08:00:01] ℹ 備份檔案完成
[2026-06-11 08:30:01] 開始轉換時間範圍: 2026-06-11 07:00:00 到 2026-06-11 07:59:59
[2026-06-11 08:30:01] ℹ su_web 該時段內無資料變動，未生成有效 SQL。
[2026-06-11 08:30:01] ℹ sm_m2 該時段內無資料變動，未生成有效 SQL。
[2026-06-11 08:30:01] ℹ 備份檔案完成
[2026-06-11 09:00:02] 開始轉換時間範圍: 2026-06-11 08:00:00 到 2026-06-11 08:59:59
[2026-06-11 09:00:02] ℹ su_web 該時段內無資料變動，未生成有效 SQL。
[2026-06-11 09:00:02] ℹ sm_m2 該時段內無資料變動，未生成有效 SQL。
[2026-06-11 09:00:02] ℹ 備份檔案完成
[2026-06-11 09:30:01] 開始轉換時間範圍: 2026-06-11 08:00:00 到 2026-06-11 08:59:59
[2026-06-11 09:30:01] ℹ su_web 該時段內無資料變動，未生成有效 SQL。
[2026-06-11 09:30:01] ℹ sm_m2 該時段內無資料變動，未生成有效 SQL。
[2026-06-11 09:30:01] ℹ 備份檔案完成
[2026-06-11 10:00:01] 開始轉換時間範圍: 2026-06-11 09:00:00 到 2026-06-11 09:59:59
[2026-06-11 10:00:01] ℹ su_web 該時段內無資料變動，未生成有效 SQL。
[2026-06-11 10:00:01] ℹ sm_m2 該時段內無資料變動，未生成有效 SQL。
[2026-06-11 10:00:01] ℹ 備份檔案完成
[2026-06-11 10:30:01] 開始轉換時間範圍: 2026-06-11 09:00:00 到 2026-06-11 09:59:59
[2026-06-11 10:30:02] ℹ su_web 該時段內無資料變動，未生成有效 SQL。
[2026-06-11 10:30:02] ℹ sm_m2 該時段內無資料變動，未生成有效 SQL。
[2026-06-11 10:30:02] ℹ 備份檔案完成
[2026-06-11 11:00:01] 開始轉換時間範圍: 2026-06-11 10:00:00 到 2026-06-11 10:59:59
[2026-06-11 11:00:01] ℹ su_web 該時段內無資料變動，未生成有效 SQL。
[2026-06-11 11:00:01] ℹ sm_m2 該時段內無資料變動，未生成有效 SQL。
[2026-06-11 11:00:01] ℹ 備份檔案完成
[2026-06-11 11:30:01] 開始轉換時間範圍: 2026-06-11 10:00:00 到 2026-06-11 10:59:59
[2026-06-11 11:30:01] ℹ su_web 該時段內無資料變動，未生成有效 SQL。
[2026-06-11 11:30:01] ℹ sm_m2 該時段內無資料變動，未生成有效 SQL。
[2026-06-11 11:30:01] ℹ 備份檔案完成
[2026-06-11 12:00:01] 開始轉換時間範圍: 2026-06-11 11:00:00 到 2026-06-11 11:59:59
[2026-06-11 12:00:01] ℹ su_web 該時段內無資料變動，未生成有效 SQL。
[2026-06-11 12:00:01] ℹ sm_m2 該時段內無資料變動，未生成有效 SQL。
[2026-06-11 12:00:01] ℹ 備份檔案完成
[2026-06-11 12:30:02] 開始轉換時間範圍: 2026-06-11 11:00:00 到 2026-06-11 11:59:59
[2026-06-11 12:30:02] ℹ su_web 該時段內無資料變動，未生成有效 SQL。
[2026-06-11 12:30:02] ℹ sm_m2 該時段內無資料變動，未生成有效 SQL。
[2026-06-11 12:30:02] ℹ 備份檔案完成
[2026-06-11 13:00:01] 開始轉換時間範圍: 2026-06-11 12:00:00 到 2026-06-11 12:59:59
[2026-06-11 13:00:01] ℹ su_web 該時段內無資料變動，未生成有效 SQL。
[2026-06-11 13:00:01] ℹ sm_m2 該時段內無資料變動，未生成有效 SQL。
[2026-06-11 13:00:01] ℹ 備份檔案完成
[2026-06-11 13:30:01] 開始轉換時間範圍: 2026-06-11 12:00:00 到 2026-06-11 12:59:59
[2026-06-11 13:30:01] ℹ su_web 該時段內無資料變動，未生成有效 SQL。
[2026-06-11 13:30:01] ℹ sm_m2 該時段內無資料變動，未生成有效 SQL。
[2026-06-11 13:30:01] ℹ 備份檔案完成
[2026-06-11 14:00:01] 開始轉換時間範圍: 2026-06-11 13:00:00 到 2026-06-11 13:59:59
[2026-06-11 14:00:01] ℹ su_web 該時段內無資料變動，未生成有效 SQL。
[2026-06-11 14:00:01] ✓ sm_m2 完成: /mnt/web/www/hksu/.db/files/2026/06/11/20260611_13_Backup_sm_m2.sql.zip
[2026-06-11 14:00:01] ℹ 備份檔案，提交 Git 。
[2026-06-11 14:00:02] ℹ 備份檔案，add . 完成。
[2026-06-11 14:00:02] ℹ 備份檔案，commit -m backup 20260611_13 完成。
[2026-06-11 14:00:02] ℹ 備份檔案，開始 push。
[2026-06-11 14:00:04] ℹ 備份檔案完成
[2026-06-11 14:30:01] 開始轉換時間範圍: 2026-06-11 13:00:00 到 2026-06-11 13:59:59
[2026-06-11 14:30:01] ℹ su_web 該時段內無資料變動，未生成有效 SQL。
[2026-06-11 14:30:01] ✓ sm_m2 完成: /mnt/web/www/hksu/.db/files/2026/06/11/20260611_13_Backup_sm_m2.sql.zip
[2026-06-11 14:30:01] ℹ 備份檔案，提交 Git 。
[2026-06-11 14:30:02] ℹ 備份檔案，add . 完成。
[2026-06-11 14:30:02] ℹ 備份檔案，commit -m backup 20260611_13 完成。
[2026-06-11 14:30:02] ℹ 備份檔案，開始 push。
[2026-06-11 14:30:04] ℹ 備份檔案完成
[2026-06-11 15:00:01] 開始轉換時間範圍: 2026-06-11 14:00:00 到 2026-06-11 14:59:59
[2026-06-11 15:00:01] ℹ su_web 該時段內無資料變動，未生成有效 SQL。
[2026-06-11 15:00:01] ℹ sm_m2 該時段內無資料變動，未生成有效 SQL。
[2026-06-11 15:00:01] ℹ 備份檔案完成
[2026-06-11 15:30:01] 開始轉換時間範圍: 2026-06-11 14:00:00 到 2026-06-11 14:59:59
[2026-06-11 15:30:01] ℹ su_web 該時段內無資料變動，未生成有效 SQL。
[2026-06-11 15:30:02] ℹ sm_m2 該時段內無資料變動，未生成有效 SQL。
[2026-06-11 15:30:02] ℹ 備份檔案完成
[2026-06-11 16:00:01] 開始轉換時間範圍: 2026-06-11 15:00:00 到 2026-06-11 15:59:59
[2026-06-11 16:00:01] ℹ su_web 該時段內無資料變動，未生成有效 SQL。
[2026-06-11 16:00:01] ℹ sm_m2 該時段內無資料變動，未生成有效 SQL。
[2026-06-11 16:00:01] ℹ 備份檔案完成
[2026-06-11 16:30:01] 開始轉換時間範圍: 2026-06-11 15:00:00 到 2026-06-11 15:59:59
[2026-06-11 16:30:01] ℹ su_web 該時段內無資料變動，未生成有效 SQL。
[2026-06-11 16:30:01] ℹ sm_m2 該時段內無資料變動，未生成有效 SQL。
[2026-06-11 16:30:02] ℹ 備份檔案完成
[2026-06-11 17:00:01] 開始轉換時間範圍: 2026-06-11 16:00:00 到 2026-06-11 16:59:59
[2026-06-11 17:00:01] ℹ su_web 該時段內無資料變動，未生成有效 SQL。
[2026-06-11 17:00:01] ℹ sm_m2 該時段內無資料變動，未生成有效 SQL。
[2026-06-11 17:00:01] ℹ 備份檔案完成
[2026-06-11 17:30:01] 開始轉換時間範圍: 2026-06-11 16:00:00 到 2026-06-11 16:59:59
[2026-06-11 17:30:01] ℹ su_web 該時段內無資料變動，未生成有效 SQL。
[2026-06-11 17:30:01] ℹ sm_m2 該時段內無資料變動，未生成有效 SQL。
[2026-06-11 17:30:01] ℹ 備份檔案完成
[2026-06-11 18:00:01] 開始轉換時間範圍: 2026-06-11 17:00:00 到 2026-06-11 17:59:59
[2026-06-11 18:00:01] ℹ su_web 該時段內無資料變動，未生成有效 SQL。
[2026-06-11 18:00:01] ℹ sm_m2 該時段內無資料變動，未生成有效 SQL。
[2026-06-11 18:00:01] ℹ 備份檔案完成
[2026-06-11 18:30:01] 開始轉換時間範圍: 2026-06-11 17:00:00 到 2026-06-11 17:59:59
[2026-06-11 18:30:01] ℹ su_web 該時段內無資料變動，未生成有效 SQL。
[2026-06-11 18:30:01] ℹ sm_m2 該時段內無資料變動，未生成有效 SQL。
[2026-06-11 18:30:01] ℹ 備份檔案完成
[2026-06-11 19:00:01] 開始轉換時間範圍: 2026-06-11 18:00:00 到 2026-06-11 18:59:59
[2026-06-11 19:00:01] ℹ su_web 該時段內無資料變動，未生成有效 SQL。
[2026-06-11 19:00:01] ℹ sm_m2 該時段內無資料變動，未生成有效 SQL。
[2026-06-11 19:00:01] ℹ 備份檔案完成
[2026-06-11 19:30:01] 開始轉換時間範圍: 2026-06-11 18:00:00 到 2026-06-11 18:59:59
[2026-06-11 19:30:01] ℹ su_web 該時段內無資料變動，未生成有效 SQL。
[2026-06-11 19:30:01] ℹ sm_m2 該時段內無資料變動，未生成有效 SQL。
[2026-06-11 19:30:01] ℹ 備份檔案完成
[2026-06-11 20:00:02] 開始轉換時間範圍: 2026-06-11 19:00:00 到 2026-06-11 19:59:59
[2026-06-11 20:00:02] ℹ su_web 該時段內無資料變動，未生成有效 SQL。
[2026-06-11 20:00:02] ℹ sm_m2 該時段內無資料變動，未生成有效 SQL。
[2026-06-11 20:00:02] ℹ 備份檔案完成
[2026-06-11 20:30:01] 開始轉換時間範圍: 2026-06-11 19:00:00 到 2026-06-11 19:59:59
[2026-06-11 20:30:01] ℹ su_web 該時段內無資料變動，未生成有效 SQL。
[2026-06-11 20:30:01] ℹ sm_m2 該時段內無資料變動，未生成有效 SQL。
[2026-06-11 20:30:01] ℹ 備份檔案完成
[2026-06-11 21:00:01] 開始轉換時間範圍: 2026-06-11 20:00:00 到 2026-06-11 20:59:59
[2026-06-11 21:00:01] ℹ su_web 該時段內無資料變動，未生成有效 SQL。
[2026-06-11 21:00:01] ℹ sm_m2 該時段內無資料變動，未生成有效 SQL。
[2026-06-11 21:00:01] ℹ 備份檔案完成
[2026-06-11 21:30:02] 開始轉換時間範圍: 2026-06-11 20:00:00 到 2026-06-11 20:59:59
[2026-06-11 21:30:02] ℹ su_web 該時段內無資料變動，未生成有效 SQL。
[2026-06-11 21:30:02] ℹ sm_m2 該時段內無資料變動，未生成有效 SQL。
[2026-06-11 21:30:02] ℹ 備份檔案完成
[2026-06-11 22:00:01] 開始轉換時間範圍: 2026-06-11 21:00:00 到 2026-06-11 21:59:59
[2026-06-11 22:00:01] ℹ su_web 該時段內無資料變動，未生成有效 SQL。
[2026-06-11 22:00:01] ℹ sm_m2 該時段內無資料變動，未生成有效 SQL。
[2026-06-11 22:00:01] ℹ 備份檔案完成
[2026-06-11 22:30:01] 開始轉換時間範圍: 2026-06-11 21:00:00 到 2026-06-11 21:59:59
[2026-06-11 22:30:01] ℹ su_web 該時段內無資料變動，未生成有效 SQL。
[2026-06-11 22:30:01] ℹ sm_m2 該時段內無資料變動，未生成有效 SQL。
[2026-06-11 22:30:02] ℹ 備份檔案完成
[2026-06-11 23:00:01] 開始轉換時間範圍: 2026-06-11 22:00:00 到 2026-06-11 22:59:59
[2026-06-11 23:00:01] ℹ su_web 該時段內無資料變動，未生成有效 SQL。
[2026-06-11 23:00:01] ℹ sm_m2 該時段內無資料變動，未生成有效 SQL。
[2026-06-11 23:00:01] ℹ 備份檔案完成
[2026-06-11 23:30:01] 開始轉換時間範圍: 2026-06-11 22:00:00 到 2026-06-11 22:59:59
[2026-06-11 23:30:02] ℹ su_web 該時段內無資料變動，未生成有效 SQL。
[2026-06-11 23:30:02] ℹ sm_m2 該時段內無資料變動，未生成有效 SQL。
[2026-06-11 23:30:02] ℹ 備份檔案完成
[2026-06-12 00:00:01] 開始轉換時間範圍: 2026-06-11 23:00:00 到 2026-06-11 23:59:59
[2026-06-12 00:00:01] ℹ su_web 該時段內無資料變動，未生成有效 SQL。
[2026-06-12 00:00:01] ℹ sm_m2 該時段內無資料變動，未生成有效 SQL。
[2026-06-12 00:00:01] ℹ 備份檔案完成
[2026-06-12 00:30:01] 開始轉換時間範圍: 2026-06-11 23:00:00 到 2026-06-11 23:59:59
[2026-06-12 00:30:01] ℹ su_web 該時段內無資料變動，未生成有效 SQL。
[2026-06-12 00:30:01] ℹ sm_m2 該時段內無資料變動，未生成有效 SQL。
[2026-06-12 00:30:01] ℹ 備份檔案完成
[2026-06-12 01:00:01] 開始轉換時間範圍: 2026-06-12 00:00:00 到 2026-06-12 00:59:59
[2026-06-12 01:00:01] ℹ su_web 該時段內無資料變動，未生成有效 SQL。
[2026-06-12 01:00:01] ℹ sm_m2 該時段內無資料變動，未生成有效 SQL。
[2026-06-12 01:00:01] ℹ 備份檔案完成
[2026-06-12 01:30:01] 開始轉換時間範圍: 2026-06-12 00:00:00 到 2026-06-12 00:59:59
[2026-06-12 01:30:01] ℹ su_web 該時段內無資料變動，未生成有效 SQL。
[2026-06-12 01:30:01] ℹ sm_m2 該時段內無資料變動，未生成有效 SQL。
[2026-06-12 01:30:01] ℹ 備份檔案完成
[2026-06-12 02:00:01] 開始轉換時間範圍: 2026-06-12 01:00:00 到 2026-06-12 01:59:59
[2026-06-12 02:00:01] ℹ su_web 該時段內無資料變動，未生成有效 SQL。
[2026-06-12 02:00:01] ℹ sm_m2 該時段內無資料變動，未生成有效 SQL。
[2026-06-12 02:00:01] ℹ 備份檔案完成
[2026-06-12 02:30:01] 開始轉換時間範圍: 2026-06-12 01:00:00 到 2026-06-12 01:59:59
[2026-06-12 02:30:01] ℹ su_web 該時段內無資料變動，未生成有效 SQL。
[2026-06-12 02:30:01] ℹ sm_m2 該時段內無資料變動，未生成有效 SQL。
[2026-06-12 02:30:01] ℹ 備份檔案完成
[2026-06-12 03:00:01] 開始轉換時間範圍: 2026-06-12 02:00:00 到 2026-06-12 02:59:59
[2026-06-12 03:00:01] ℹ su_web 該時段內無資料變動，未生成有效 SQL。
[2026-06-12 03:00:01] ℹ sm_m2 該時段內無資料變動，未生成有效 SQL。
[2026-06-12 03:00:01] ℹ 備份檔案完成
[2026-06-12 03:30:01] 開始轉換時間範圍: 2026-06-12 02:00:00 到 2026-06-12 02:59:59
[2026-06-12 03:30:01] ℹ su_web 該時段內無資料變動，未生成有效 SQL。
[2026-06-12 03:30:01] ℹ sm_m2 該時段內無資料變動，未生成有效 SQL。
[2026-06-12 03:30:02] ℹ 備份檔案完成
[2026-06-12 04:00:01] 開始轉換時間範圍: 2026-06-12 03:00:00 到 2026-06-12 03:59:59
[2026-06-12 04:00:01] ℹ su_web 該時段內無資料變動，未生成有效 SQL。
[2026-06-12 04:00:01] ℹ sm_m2 該時段內無資料變動，未生成有效 SQL。
[2026-06-12 04:00:01] ℹ 備份檔案完成
[2026-06-12 04:30:01] 開始轉換時間範圍: 2026-06-12 03:00:00 到 2026-06-12 03:59:59
[2026-06-12 04:30:01] ℹ su_web 該時段內無資料變動，未生成有效 SQL。
[2026-06-12 04:30:01] ℹ sm_m2 該時段內無資料變動，未生成有效 SQL。
[2026-06-12 04:30:01] ℹ 備份檔案完成
[2026-06-12 05:00:01] 開始轉換時間範圍: 2026-06-12 04:00:00 到 2026-06-12 04:59:59
[2026-06-12 05:00:01] ℹ su_web 該時段內無資料變動，未生成有效 SQL。
[2026-06-12 05:00:01] ℹ sm_m2 該時段內無資料變動，未生成有效 SQL。
[2026-06-12 05:00:01] ℹ 備份檔案完成
[2026-06-12 05:30:01] 開始轉換時間範圍: 2026-06-12 04:00:00 到 2026-06-12 04:59:59
[2026-06-12 05:30:01] ℹ su_web 該時段內無資料變動，未生成有效 SQL。
[2026-06-12 05:30:01] ℹ sm_m2 該時段內無資料變動，未生成有效 SQL。
[2026-06-12 05:30:01] ℹ 備份檔案完成
[2026-06-12 06:00:02] 開始轉換時間範圍: 2026-06-12 05:00:00 到 2026-06-12 05:59:59
[2026-06-12 06:00:02] ℹ su_web 該時段內無資料變動，未生成有效 SQL。
[2026-06-12 06:00:02] ℹ sm_m2 該時段內無資料變動，未生成有效 SQL。
[2026-06-12 06:00:02] ℹ 備份檔案完成
[2026-06-12 06:30:01] 開始轉換時間範圍: 2026-06-12 05:00:00 到 2026-06-12 05:59:59
[2026-06-12 06:30:01] ℹ su_web 該時段內無資料變動，未生成有效 SQL。
[2026-06-12 06:30:02] ℹ sm_m2 該時段內無資料變動，未生成有效 SQL。
[2026-06-12 06:30:02] ℹ 備份檔案完成
[2026-06-12 07:00:01] 開始轉換時間範圍: 2026-06-12 06:00:00 到 2026-06-12 06:59:59
[2026-06-12 07:00:01] ℹ su_web 該時段內無資料變動，未生成有效 SQL。
[2026-06-12 07:00:01] ℹ sm_m2 該時段內無資料變動，未生成有效 SQL。
[2026-06-12 07:00:01] ℹ 備份檔案完成
[2026-06-12 07:30:01] 開始轉換時間範圍: 2026-06-12 06:00:00 到 2026-06-12 06:59:59
[2026-06-12 07:30:01] ℹ su_web 該時段內無資料變動，未生成有效 SQL。
[2026-06-12 07:30:01] ℹ sm_m2 該時段內無資料變動，未生成有效 SQL。
[2026-06-12 07:30:02] ℹ 備份檔案完成
[2026-06-12 08:00:01] 開始轉換時間範圍: 2026-06-12 07:00:00 到 2026-06-12 07:59:59
[2026-06-12 08:00:01] ℹ su_web 該時段內無資料變動，未生成有效 SQL。
[2026-06-12 08:00:01] ℹ sm_m2 該時段內無資料變動，未生成有效 SQL。
[2026-06-12 08:00:01] ℹ 備份檔案完成
[2026-06-12 08:30:01] 開始轉換時間範圍: 2026-06-12 07:00:00 到 2026-06-12 07:59:59
[2026-06-12 08:30:02] ℹ su_web 該時段內無資料變動，未生成有效 SQL。
[2026-06-12 08:30:02] ℹ sm_m2 該時段內無資料變動，未生成有效 SQL。
[2026-06-12 08:30:02] ℹ 備份檔案完成
[2026-06-12 09:00:01] 開始轉換時間範圍: 2026-06-12 08:00:00 到 2026-06-12 08:59:59
[2026-06-12 09:00:01] ℹ su_web 該時段內無資料變動，未生成有效 SQL。
[2026-06-12 09:00:01] ℹ sm_m2 該時段內無資料變動，未生成有效 SQL。
[2026-06-12 09:00:01] ℹ 備份檔案完成
[2026-06-12 09:30:01] 開始轉換時間範圍: 2026-06-12 08:00:00 到 2026-06-12 08:59:59
[2026-06-12 09:30:01] ℹ su_web 該時段內無資料變動，未生成有效 SQL。
[2026-06-12 09:30:01] ℹ sm_m2 該時段內無資料變動，未生成有效 SQL。
[2026-06-12 09:30:01] ℹ 備份檔案完成
[2026-06-12 10:00:01] 開始轉換時間範圍: 2026-06-12 09:00:00 到 2026-06-12 09:59:59
[2026-06-12 10:00:01] ℹ su_web 該時段內無資料變動，未生成有效 SQL。
[2026-06-12 10:00:01] ℹ sm_m2 該時段內無資料變動，未生成有效 SQL。
[2026-06-12 10:00:02] ℹ 備份檔案完成
[2026-06-12 10:30:01] 開始轉換時間範圍: 2026-06-12 09:00:00 到 2026-06-12 09:59:59
[2026-06-12 10:30:01] ℹ su_web 該時段內無資料變動，未生成有效 SQL。
[2026-06-12 10:30:01] ℹ sm_m2 該時段內無資料變動，未生成有效 SQL。
[2026-06-12 10:30:01] ℹ 備份檔案完成
[2026-06-12 11:00:01] 開始轉換時間範圍: 2026-06-12 10:00:00 到 2026-06-12 10:59:59
[2026-06-12 11:00:01] ℹ su_web 該時段內無資料變動，未生成有效 SQL。
[2026-06-12 11:00:01] ℹ sm_m2 該時段內無資料變動，未生成有效 SQL。
[2026-06-12 11:00:01] ℹ 備份檔案完成
[2026-06-12 11:30:01] 開始轉換時間範圍: 2026-06-12 10:00:00 到 2026-06-12 10:59:59
[2026-06-12 11:30:01] ℹ su_web 該時段內無資料變動，未生成有效 SQL。
[2026-06-12 11:30:01] ℹ sm_m2 該時段內無資料變動，未生成有效 SQL。
[2026-06-12 11:30:01] ℹ 備份檔案完成
[2026-06-12 12:00:01] 開始轉換時間範圍: 2026-06-12 11:00:00 到 2026-06-12 11:59:59
[2026-06-12 12:00:01] ℹ su_web 該時段內無資料變動，未生成有效 SQL。
[2026-06-12 12:00:01] ℹ sm_m2 該時段內無資料變動，未生成有效 SQL。
[2026-06-12 12:00:01] ℹ 備份檔案完成
[2026-06-12 12:30:01] 開始轉換時間範圍: 2026-06-12 11:00:00 到 2026-06-12 11:59:59
[2026-06-12 12:30:01] ℹ su_web 該時段內無資料變動，未生成有效 SQL。
[2026-06-12 12:30:01] ℹ sm_m2 該時段內無資料變動，未生成有效 SQL。
[2026-06-12 12:30:02] ℹ 備份檔案完成
[2026-06-12 13:00:02] 開始轉換時間範圍: 2026-06-12 12:00:00 到 2026-06-12 12:59:59
[2026-06-12 13:00:02] ℹ su_web 該時段內無資料變動，未生成有效 SQL。
[2026-06-12 13:00:02] ℹ sm_m2 該時段內無資料變動，未生成有效 SQL。
[2026-06-12 13:00:02] ℹ 備份檔案完成
[2026-06-12 13:30:01] 開始轉換時間範圍: 2026-06-12 12:00:00 到 2026-06-12 12:59:59
[2026-06-12 13:30:01] ℹ su_web 該時段內無資料變動，未生成有效 SQL。
[2026-06-12 13:30:01] ℹ sm_m2 該時段內無資料變動，未生成有效 SQL。
[2026-06-12 13:30:01] ℹ 備份檔案完成
[2026-06-12 14:00:01] 開始轉換時間範圍: 2026-06-12 13:00:00 到 2026-06-12 13:59:59
[2026-06-12 14:00:01] ✓ su_web 完成: /mnt/web/www/hksu/.db/files/2026/06/12/20260612_13_Backup_su_web.sql.zip
[2026-06-12 14:00:01] ℹ sm_m2 該時段內無資料變動，未生成有效 SQL。
[2026-06-12 14:00:01] ℹ 備份檔案，提交 Git 。
[2026-06-12 14:00:02] ℹ 備份檔案，add . 完成。
[2026-06-12 14:00:02] ℹ 備份檔案，commit -m backup 20260612_13 完成。
[2026-06-12 14:00:02] ℹ 備份檔案，開始 push。
[2026-06-12 14:00:04] ℹ 備份檔案完成
[2026-06-12 14:30:01] 開始轉換時間範圍: 2026-06-12 13:00:00 到 2026-06-12 13:59:59
[2026-06-12 14:30:01] ✓ su_web 完成: /mnt/web/www/hksu/.db/files/2026/06/12/20260612_13_Backup_su_web.sql.zip
[2026-06-12 14:30:01] ℹ sm_m2 該時段內無資料變動，未生成有效 SQL。
[2026-06-12 14:30:01] ℹ 備份檔案，提交 Git 。
[2026-06-12 14:30:02] ℹ 備份檔案，add . 完成。
[2026-06-12 14:30:02] ℹ 備份檔案，commit -m backup 20260612_13 完成。
[2026-06-12 14:30:02] ℹ 備份檔案，開始 push。
[2026-06-12 14:30:03] ℹ 備份檔案完成
[2026-06-12 15:00:01] 開始轉換時間範圍: 2026-06-12 14:00:00 到 2026-06-12 14:59:59
[2026-06-12 15:00:01] ✓ su_web 完成: /mnt/web/www/hksu/.db/files/2026/06/12/20260612_14_Backup_su_web.sql.zip
[2026-06-12 15:00:01] ℹ sm_m2 該時段內無資料變動，未生成有效 SQL。
[2026-06-12 15:00:01] ℹ 備份檔案，提交 Git 。
[2026-06-12 15:00:01] ℹ 備份檔案，add . 完成。
[2026-06-12 15:00:01] ℹ 備份檔案，commit -m backup 20260612_14 完成。
[2026-06-12 15:00:01] ℹ 備份檔案，開始 push。
[2026-06-12 15:00:04] ℹ 備份檔案完成
[2026-06-12 15:30:02] 開始轉換時間範圍: 2026-06-12 14:00:00 到 2026-06-12 14:59:59
[2026-06-12 15:30:02] ✓ su_web 完成: /mnt/web/www/hksu/.db/files/2026/06/12/20260612_14_Backup_su_web.sql.zip
[2026-06-12 15:30:02] ℹ sm_m2 該時段內無資料變動，未生成有效 SQL。
[2026-06-12 15:30:02] ℹ 備份檔案，提交 Git 。
[2026-06-12 15:30:02] ℹ 備份檔案，add . 完成。
[2026-06-12 15:30:02] ℹ 備份檔案，commit -m backup 20260612_14 完成。
[2026-06-12 15:30:02] ℹ 備份檔案，開始 push。
[2026-06-12 15:30:04] ℹ 備份檔案完成
[2026-06-12 16:00:01] 開始轉換時間範圍: 2026-06-12 15:00:00 到 2026-06-12 15:59:59
[2026-06-12 16:00:01] ℹ su_web 該時段內無資料變動，未生成有效 SQL。
[2026-06-12 16:00:01] ℹ sm_m2 該時段內無資料變動，未生成有效 SQL。
[2026-06-12 16:00:01] ℹ 備份檔案完成
[2026-06-12 16:30:01] 開始轉換時間範圍: 2026-06-12 15:00:00 到 2026-06-12 15:59:59
[2026-06-12 16:30:02] ℹ su_web 該時段內無資料變動，未生成有效 SQL。
[2026-06-12 16:30:02] ℹ sm_m2 該時段內無資料變動，未生成有效 SQL。
[2026-06-12 16:30:02] ℹ 備份檔案完成
[2026-06-12 17:00:01] 開始轉換時間範圍: 2026-06-12 16:00:00 到 2026-06-12 16:59:59
[2026-06-12 17:00:01] ℹ su_web 該時段內無資料變動，未生成有效 SQL。
[2026-06-12 17:00:01] ℹ sm_m2 該時段內無資料變動，未生成有效 SQL。
[2026-06-12 17:00:01] ℹ 備份檔案完成
[2026-06-12 17:30:02] 開始轉換時間範圍: 2026-06-12 16:00:00 到 2026-06-12 16:59:59
[2026-06-12 17:30:02] ℹ su_web 該時段內無資料變動，未生成有效 SQL。
[2026-06-12 17:30:02] ℹ sm_m2 該時段內無資料變動，未生成有效 SQL。
[2026-06-12 17:30:02] ℹ 備份檔案完成
[2026-06-12 18:00:01] 開始轉換時間範圍: 2026-06-12 17:00:00 到 2026-06-12 17:59:59
[2026-06-12 18:00:01] ℹ su_web 該時段內無資料變動，未生成有效 SQL。
[2026-06-12 18:00:01] ℹ sm_m2 該時段內無資料變動，未生成有效 SQL。
[2026-06-12 18:00:01] ℹ 備份檔案完成
[2026-06-12 18:30:01] 開始轉換時間範圍: 2026-06-12 17:00:00 到 2026-06-12 17:59:59
[2026-06-12 18:30:01] ℹ su_web 該時段內無資料變動，未生成有效 SQL。
[2026-06-12 18:30:01] ℹ sm_m2 該時段內無資料變動，未生成有效 SQL。
[2026-06-12 18:30:01] ℹ 備份檔案完成
[2026-06-12 19:00:02] 開始轉換時間範圍: 2026-06-12 18:00:00 到 2026-06-12 18:59:59
[2026-06-12 19:00:02] ✓ su_web 完成: /mnt/web/www/hksu/.db/files/2026/06/12/20260612_18_Backup_su_web.sql.zip
[2026-06-12 19:00:02] ℹ sm_m2 該時段內無資料變動，未生成有效 SQL。
[2026-06-12 19:00:02] ℹ 備份檔案，提交 Git 。
[2026-06-12 19:00:02] ℹ 備份檔案，add . 完成。
[2026-06-12 19:00:02] ℹ 備份檔案，commit -m backup 20260612_18 完成。
[2026-06-12 19:00:02] ℹ 備份檔案，開始 push。
[2026-06-12 19:00:04] ℹ 備份檔案完成
[2026-06-12 19:30:01] 開始轉換時間範圍: 2026-06-12 18:00:00 到 2026-06-12 18:59:59
[2026-06-12 19:30:01] ✓ su_web 完成: /mnt/web/www/hksu/.db/files/2026/06/12/20260612_18_Backup_su_web.sql.zip
[2026-06-12 19:30:01] ℹ sm_m2 該時段內無資料變動，未生成有效 SQL。
[2026-06-12 19:30:01] ℹ 備份檔案，提交 Git 。
[2026-06-12 19:30:01] ℹ 備份檔案，add . 完成。
[2026-06-12 19:30:01] ℹ 備份檔案，commit -m backup 20260612_18 完成。
[2026-06-12 19:30:01] ℹ 備份檔案，開始 push。
[2026-06-12 19:30:04] ℹ 備份檔案完成
[2026-06-12 20:00:01] 開始轉換時間範圍: 2026-06-12 19:00:00 到 2026-06-12 19:59:59
[2026-06-12 20:00:01] ℹ su_web 該時段內無資料變動，未生成有效 SQL。
[2026-06-12 20:00:01] ℹ sm_m2 該時段內無資料變動，未生成有效 SQL。
[2026-06-12 20:00:01] ℹ 備份檔案完成
[2026-06-12 20:30:01] 開始轉換時間範圍: 2026-06-12 19:00:00 到 2026-06-12 19:59:59
[2026-06-12 20:30:01] ℹ su_web 該時段內無資料變動，未生成有效 SQL。
[2026-06-12 20:30:01] ℹ sm_m2 該時段內無資料變動，未生成有效 SQL。
[2026-06-12 20:30:01] ℹ 備份檔案完成
[2026-06-12 21:00:01] 開始轉換時間範圍: 2026-06-12 20:00:00 到 2026-06-12 20:59:59
[2026-06-12 21:00:01] ℹ su_web 該時段內無資料變動，未生成有效 SQL。
[2026-06-12 21:00:01] ℹ sm_m2 該時段內無資料變動，未生成有效 SQL。
[2026-06-12 21:00:01] ℹ 備份檔案完成
[2026-06-12 21:30:01] 開始轉換時間範圍: 2026-06-12 20:00:00 到 2026-06-12 20:59:59
[2026-06-12 21:30:02] ℹ su_web 該時段內無資料變動，未生成有效 SQL。
[2026-06-12 21:30:02] ℹ sm_m2 該時段內無資料變動，未生成有效 SQL。
[2026-06-12 21:30:02] ℹ 備份檔案完成
[2026-06-12 22:00:01] 開始轉換時間範圍: 2026-06-12 21:00:00 到 2026-06-12 21:59:59
[2026-06-12 22:00:01] ℹ su_web 該時段內無資料變動，未生成有效 SQL。
[2026-06-12 22:00:01] ℹ sm_m2 該時段內無資料變動，未生成有效 SQL。
[2026-06-12 22:00:01] ℹ 備份檔案完成
[2026-06-12 22:30:01] 開始轉換時間範圍: 2026-06-12 21:00:00 到 2026-06-12 21:59:59
[2026-06-12 22:30:01] ℹ su_web 該時段內無資料變動，未生成有效 SQL。
[2026-06-12 22:30:01] ℹ sm_m2 該時段內無資料變動，未生成有效 SQL。
[2026-06-12 22:30:01] ℹ 備份檔案完成
[2026-06-12 23:00:02] 開始轉換時間範圍: 2026-06-12 22:00:00 到 2026-06-12 22:59:59
[2026-06-12 23:00:02] ℹ su_web 該時段內無資料變動，未生成有效 SQL。
[2026-06-12 23:00:02] ℹ sm_m2 該時段內無資料變動，未生成有效 SQL。
[2026-06-12 23:00:02] ℹ 備份檔案完成
[2026-06-12 23:30:01] 開始轉換時間範圍: 2026-06-12 22:00:00 到 2026-06-12 22:59:59
[2026-06-12 23:30:02] ℹ su_web 該時段內無資料變動，未生成有效 SQL。
[2026-06-12 23:30:02] ℹ sm_m2 該時段內無資料變動，未生成有效 SQL。
[2026-06-12 23:30:02] ℹ 備份檔案完成
[2026-06-13 00:00:01] 開始轉換時間範圍: 2026-06-12 23:00:00 到 2026-06-12 23:59:59
[2026-06-13 00:00:01] ℹ su_web 該時段內無資料變動，未生成有效 SQL。
[2026-06-13 00:00:01] ℹ sm_m2 該時段內無資料變動，未生成有效 SQL。
[2026-06-13 00:00:01] ℹ 備份檔案完成
[2026-06-13 00:30:01] 開始轉換時間範圍: 2026-06-12 23:00:00 到 2026-06-12 23:59:59
[2026-06-13 00:30:01] ℹ su_web 該時段內無資料變動，未生成有效 SQL。
[2026-06-13 00:30:01] ℹ sm_m2 該時段內無資料變動，未生成有效 SQL。
[2026-06-13 00:30:01] ℹ 備份檔案完成
[2026-06-13 01:00:01] 開始轉換時間範圍: 2026-06-13 00:00:00 到 2026-06-13 00:59:59
[2026-06-13 01:00:01] ℹ su_web 該時段內無資料變動，未生成有效 SQL。
[2026-06-13 01:00:01] ℹ sm_m2 該時段內無資料變動，未生成有效 SQL。
[2026-06-13 01:00:01] ℹ 備份檔案完成
[2026-06-13 01:30:01] 開始轉換時間範圍: 2026-06-13 00:00:00 到 2026-06-13 00:59:59
[2026-06-13 01:30:02] ℹ su_web 該時段內無資料變動，未生成有效 SQL。
[2026-06-13 01:30:02] ℹ sm_m2 該時段內無資料變動，未生成有效 SQL。
[2026-06-13 01:30:02] ℹ 備份檔案完成
[2026-06-13 02:00:01] 開始轉換時間範圍: 2026-06-13 01:00:00 到 2026-06-13 01:59:59
[2026-06-13 02:00:01] ℹ su_web 該時段內無資料變動，未生成有效 SQL。
[2026-06-13 02:00:01] ℹ sm_m2 該時段內無資料變動，未生成有效 SQL。
[2026-06-13 02:00:01] ℹ 備份檔案完成
[2026-06-13 02:30:01] 開始轉換時間範圍: 2026-06-13 01:00:00 到 2026-06-13 01:59:59
[2026-06-13 02:30:01] ℹ su_web 該時段內無資料變動，未生成有效 SQL。
[2026-06-13 02:30:01] ℹ sm_m2 該時段內無資料變動，未生成有效 SQL。
[2026-06-13 02:30:01] ℹ 備份檔案完成
[2026-06-13 03:00:01] 開始轉換時間範圍: 2026-06-13 02:00:00 到 2026-06-13 02:59:59
[2026-06-13 03:00:01] ℹ su_web 該時段內無資料變動，未生成有效 SQL。
[2026-06-13 03:00:01] ℹ sm_m2 該時段內無資料變動，未生成有效 SQL。
[2026-06-13 03:00:01] ℹ 備份檔案完成
[2026-06-13 03:30:01] 開始轉換時間範圍: 2026-06-13 02:00:00 到 2026-06-13 02:59:59
[2026-06-13 03:30:01] ℹ su_web 該時段內無資料變動，未生成有效 SQL。
[2026-06-13 03:30:01] ℹ sm_m2 該時段內無資料變動，未生成有效 SQL。
[2026-06-13 03:30:01] ℹ 備份檔案完成
[2026-06-13 04:00:01] 開始轉換時間範圍: 2026-06-13 03:00:00 到 2026-06-13 03:59:59
[2026-06-13 04:00:01] ✓ su_web 完成: /mnt/web/www/hksu/.db/files/2026/06/13/20260613_03_Backup_su_web.sql.zip
[2026-06-13 04:00:01] ℹ sm_m2 該時段內無資料變動，未生成有效 SQL。
[2026-06-13 04:00:01] ℹ 備份檔案，提交 Git 。
[2026-06-13 04:00:01] ℹ 備份檔案，add . 完成。
[2026-06-13 04:00:01] ℹ 備份檔案，commit -m backup 20260613_03 完成。
[2026-06-13 04:00:01] ℹ 備份檔案，開始 push。
[2026-06-13 04:00:05] ℹ 備份檔案完成
[2026-06-13 04:30:01] 開始轉換時間範圍: 2026-06-13 03:00:00 到 2026-06-13 03:59:59
[2026-06-13 04:30:01] ✓ su_web 完成: /mnt/web/www/hksu/.db/files/2026/06/13/20260613_03_Backup_su_web.sql.zip
[2026-06-13 04:30:01] ℹ sm_m2 該時段內無資料變動，未生成有效 SQL。
[2026-06-13 04:30:01] ℹ 備份檔案，提交 Git 。
[2026-06-13 04:30:02] ℹ 備份檔案，add . 完成。
[2026-06-13 04:30:02] ℹ 備份檔案，commit -m backup 20260613_03 完成。
[2026-06-13 04:30:02] ℹ 備份檔案，開始 push。
[2026-06-13 04:30:04] ℹ 備份檔案完成
[2026-06-13 05:00:01] 開始轉換時間範圍: 2026-06-13 04:00:00 到 2026-06-13 04:59:59
[2026-06-13 05:00:01] ✓ su_web 完成: /mnt/web/www/hksu/.db/files/2026/06/13/20260613_04_Backup_su_web.sql.zip
[2026-06-13 05:00:01] ℹ sm_m2 該時段內無資料變動，未生成有效 SQL。
[2026-06-13 05:00:01] ℹ 備份檔案，提交 Git 。
[2026-06-13 05:00:01] ℹ 備份檔案，add . 完成。
[2026-06-13 05:00:01] ℹ 備份檔案，commit -m backup 20260613_04 完成。
[2026-06-13 05:00:01] ℹ 備份檔案，開始 push。
[2026-06-13 05:00:03] ℹ 備份檔案完成
[2026-06-13 05:30:01] 開始轉換時間範圍: 2026-06-13 04:00:00 到 2026-06-13 04:59:59
[2026-06-13 05:30:01] ✓ su_web 完成: /mnt/web/www/hksu/.db/files/2026/06/13/20260613_04_Backup_su_web.sql.zip
[2026-06-13 05:30:01] ℹ sm_m2 該時段內無資料變動，未生成有效 SQL。
[2026-06-13 05:30:01] ℹ 備份檔案，提交 Git 。
[2026-06-13 05:30:01] ℹ 備份檔案，add . 完成。
[2026-06-13 05:30:01] ℹ 備份檔案，commit -m backup 20260613_04 完成。
[2026-06-13 05:30:01] ℹ 備份檔案，開始 push。
[2026-06-13 05:30:03] ℹ 備份檔案完成
[2026-06-13 06:00:02] 開始轉換時間範圍: 2026-06-13 05:00:00 到 2026-06-13 05:59:59
[2026-06-13 06:00:02] ℹ su_web 該時段內無資料變動，未生成有效 SQL。
[2026-06-13 06:00:02] ℹ sm_m2 該時段內無資料變動，未生成有效 SQL。
[2026-06-13 06:00:02] ℹ 備份檔案完成
[2026-06-13 06:30:01] 開始轉換時間範圍: 2026-06-13 05:00:00 到 2026-06-13 05:59:59
[2026-06-13 06:30:01] ℹ su_web 該時段內無資料變動，未生成有效 SQL。
[2026-06-13 06:30:01] ℹ sm_m2 該時段內無資料變動，未生成有效 SQL。
[2026-06-13 06:30:01] ℹ 備份檔案完成
[2026-06-13 07:00:01] 開始轉換時間範圍: 2026-06-13 06:00:00 到 2026-06-13 06:59:59
[2026-06-13 07:00:01] ℹ su_web 該時段內無資料變動，未生成有效 SQL。
[2026-06-13 07:00:01] ℹ sm_m2 該時段內無資料變動，未生成有效 SQL。
[2026-06-13 07:00:01] ℹ 備份檔案完成
[2026-06-13 07:30:01] 開始轉換時間範圍: 2026-06-13 06:00:00 到 2026-06-13 06:59:59
[2026-06-13 07:30:01] ℹ su_web 該時段內無資料變動，未生成有效 SQL。
[2026-06-13 07:30:01] ℹ sm_m2 該時段內無資料變動，未生成有效 SQL。
[2026-06-13 07:30:01] ℹ 備份檔案完成
[2026-06-13 08:00:01] 開始轉換時間範圍: 2026-06-13 07:00:00 到 2026-06-13 07:59:59
[2026-06-13 08:00:01] ℹ su_web 該時段內無資料變動，未生成有效 SQL。
[2026-06-13 08:00:01] ℹ sm_m2 該時段內無資料變動，未生成有效 SQL。
[2026-06-13 08:00:01] ℹ 備份檔案完成
[2026-06-13 08:30:01] 開始轉換時間範圍: 2026-06-13 07:00:00 到 2026-06-13 07:59:59
[2026-06-13 08:30:01] ℹ su_web 該時段內無資料變動，未生成有效 SQL。
[2026-06-13 08:30:01] ℹ sm_m2 該時段內無資料變動，未生成有效 SQL。
[2026-06-13 08:30:01] ℹ 備份檔案完成
[2026-06-13 09:00:01] 開始轉換時間範圍: 2026-06-13 08:00:00 到 2026-06-13 08:59:59
[2026-06-13 09:00:01] ℹ su_web 該時段內無資料變動，未生成有效 SQL。
[2026-06-13 09:00:01] ℹ sm_m2 該時段內無資料變動，未生成有效 SQL。
[2026-06-13 09:00:01] ℹ 備份檔案完成
[2026-06-13 09:30:01] 開始轉換時間範圍: 2026-06-13 08:00:00 到 2026-06-13 08:59:59
[2026-06-13 09:30:01] ℹ su_web 該時段內無資料變動，未生成有效 SQL。
[2026-06-13 09:30:01] ℹ sm_m2 該時段內無資料變動，未生成有效 SQL。
[2026-06-13 09:30:01] ℹ 備份檔案完成
[2026-06-13 10:00:01] 開始轉換時間範圍: 2026-06-13 09:00:00 到 2026-06-13 09:59:59
[2026-06-13 10:00:01] ℹ su_web 該時段內無資料變動，未生成有效 SQL。
[2026-06-13 10:00:01] ℹ sm_m2 該時段內無資料變動，未生成有效 SQL。
[2026-06-13 10:00:01] ℹ 備份檔案完成
[2026-06-13 10:30:01] 開始轉換時間範圍: 2026-06-13 09:00:00 到 2026-06-13 09:59:59
[2026-06-13 10:30:01] ℹ su_web 該時段內無資料變動，未生成有效 SQL。
[2026-06-13 10:30:01] ℹ sm_m2 該時段內無資料變動，未生成有效 SQL。
[2026-06-13 10:30:01] ℹ 備份檔案完成
[2026-06-13 11:00:01] 開始轉換時間範圍: 2026-06-13 10:00:00 到 2026-06-13 10:59:59
[2026-06-13 11:00:01] ℹ su_web 該時段內無資料變動，未生成有效 SQL。
[2026-06-13 11:00:01] ℹ sm_m2 該時段內無資料變動，未生成有效 SQL。
[2026-06-13 11:00:01] ℹ 備份檔案完成
[2026-06-13 11:30:01] 開始轉換時間範圍: 2026-06-13 10:00:00 到 2026-06-13 10:59:59
[2026-06-13 11:30:01] ℹ su_web 該時段內無資料變動，未生成有效 SQL。
[2026-06-13 11:30:01] ℹ sm_m2 該時段內無資料變動，未生成有效 SQL。
[2026-06-13 11:30:01] ℹ 備份檔案完成
[2026-06-13 12:00:02] 開始轉換時間範圍: 2026-06-13 11:00:00 到 2026-06-13 11:59:59
[2026-06-13 12:00:02] ℹ su_web 該時段內無資料變動，未生成有效 SQL。
[2026-06-13 12:00:02] ℹ sm_m2 該時段內無資料變動，未生成有效 SQL。
[2026-06-13 12:00:02] ℹ 備份檔案完成
[2026-06-13 12:30:01] 開始轉換時間範圍: 2026-06-13 11:00:00 到 2026-06-13 11:59:59
[2026-06-13 12:30:01] ℹ su_web 該時段內無資料變動，未生成有效 SQL。
[2026-06-13 12:30:01] ℹ sm_m2 該時段內無資料變動，未生成有效 SQL。
[2026-06-13 12:30:01] ℹ 備份檔案完成
[2026-06-13 13:00:01] 開始轉換時間範圍: 2026-06-13 12:00:00 到 2026-06-13 12:59:59
[2026-06-13 13:00:01] ℹ su_web 該時段內無資料變動，未生成有效 SQL。
[2026-06-13 13:00:01] ℹ sm_m2 該時段內無資料變動，未生成有效 SQL。
[2026-06-13 13:00:01] ℹ 備份檔案完成
[2026-06-13 13:30:01] 開始轉換時間範圍: 2026-06-13 12:00:00 到 2026-06-13 12:59:59
[2026-06-13 13:30:01] ℹ su_web 該時段內無資料變動，未生成有效 SQL。
[2026-06-13 13:30:01] ℹ sm_m2 該時段內無資料變動，未生成有效 SQL。
[2026-06-13 13:30:02] ℹ 備份檔案完成
[2026-06-13 14:00:01] 開始轉換時間範圍: 2026-06-13 13:00:00 到 2026-06-13 13:59:59
[2026-06-13 14:00:01] ℹ su_web 該時段內無資料變動，未生成有效 SQL。
[2026-06-13 14:00:01] ℹ sm_m2 該時段內無資料變動，未生成有效 SQL。
[2026-06-13 14:00:01] ℹ 備份檔案完成
[2026-06-13 14:30:01] 開始轉換時間範圍: 2026-06-13 13:00:00 到 2026-06-13 13:59:59
[2026-06-13 14:30:01] ℹ su_web 該時段內無資料變動，未生成有效 SQL。
[2026-06-13 14:30:02] ℹ sm_m2 該時段內無資料變動，未生成有效 SQL。
[2026-06-13 14:30:02] ℹ 備份檔案完成
[2026-06-13 15:00:01] 開始轉換時間範圍: 2026-06-13 14:00:00 到 2026-06-13 14:59:59
[2026-06-13 15:00:01] ℹ su_web 該時段內無資料變動，未生成有效 SQL。
[2026-06-13 15:00:01] ℹ sm_m2 該時段內無資料變動，未生成有效 SQL。
[2026-06-13 15:00:01] ℹ 備份檔案完成
[2026-06-13 15:30:01] 開始轉換時間範圍: 2026-06-13 14:00:00 到 2026-06-13 14:59:59
[2026-06-13 15:30:01] ℹ su_web 該時段內無資料變動，未生成有效 SQL。
[2026-06-13 15:30:01] ℹ sm_m2 該時段內無資料變動，未生成有效 SQL。
[2026-06-13 15:30:01] ℹ 備份檔案完成
[2026-06-13 16:00:01] 開始轉換時間範圍: 2026-06-13 15:00:00 到 2026-06-13 15:59:59
[2026-06-13 16:00:01] ℹ su_web 該時段內無資料變動，未生成有效 SQL。
[2026-06-13 16:00:01] ℹ sm_m2 該時段內無資料變動，未生成有效 SQL。
[2026-06-13 16:00:01] ℹ 備份檔案完成
[2026-06-13 16:30:01] 開始轉換時間範圍: 2026-06-13 15:00:00 到 2026-06-13 15:59:59
[2026-06-13 16:30:01] ℹ su_web 該時段內無資料變動，未生成有效 SQL。
[2026-06-13 16:30:01] ℹ sm_m2 該時段內無資料變動，未生成有效 SQL。
[2026-06-13 16:30:01] ℹ 備份檔案完成
[2026-06-13 17:00:01] 開始轉換時間範圍: 2026-06-13 16:00:00 到 2026-06-13 16:59:59
[2026-06-13 17:00:01] ℹ su_web 該時段內無資料變動，未生成有效 SQL。
[2026-06-13 17:00:01] ℹ sm_m2 該時段內無資料變動，未生成有效 SQL。
[2026-06-13 17:00:01] ℹ 備份檔案完成
[2026-06-13 17:30:01] 開始轉換時間範圍: 2026-06-13 16:00:00 到 2026-06-13 16:59:59
[2026-06-13 17:30:01] ℹ su_web 該時段內無資料變動，未生成有效 SQL。
[2026-06-13 17:30:01] ℹ sm_m2 該時段內無資料變動，未生成有效 SQL。
[2026-06-13 17:30:02] ℹ 備份檔案完成
[2026-06-13 18:00:01] 開始轉換時間範圍: 2026-06-13 17:00:00 到 2026-06-13 17:59:59
[2026-06-13 18:00:01] ℹ su_web 該時段內無資料變動，未生成有效 SQL。
[2026-06-13 18:00:01] ℹ sm_m2 該時段內無資料變動，未生成有效 SQL。
[2026-06-13 18:00:01] ℹ 備份檔案完成
[2026-06-13 18:30:01] 開始轉換時間範圍: 2026-06-13 17:00:00 到 2026-06-13 17:59:59
[2026-06-13 18:30:02] ℹ su_web 該時段內無資料變動，未生成有效 SQL。
[2026-06-13 18:30:02] ℹ sm_m2 該時段內無資料變動，未生成有效 SQL。
[2026-06-13 18:30:02] ℹ 備份檔案完成
[2026-06-13 19:00:01] 開始轉換時間範圍: 2026-06-13 18:00:00 到 2026-06-13 18:59:59
[2026-06-13 19:00:01] ℹ su_web 該時段內無資料變動，未生成有效 SQL。
[2026-06-13 19:00:01] ℹ sm_m2 該時段內無資料變動，未生成有效 SQL。
[2026-06-13 19:00:01] ℹ 備份檔案完成
[2026-06-13 19:30:01] 開始轉換時間範圍: 2026-06-13 18:00:00 到 2026-06-13 18:59:59
[2026-06-13 19:30:01] ℹ su_web 該時段內無資料變動，未生成有效 SQL。
[2026-06-13 19:30:01] ℹ sm_m2 該時段內無資料變動，未生成有效 SQL。
[2026-06-13 19:30:01] ℹ 備份檔案完成
[2026-06-13 20:00:01] 開始轉換時間範圍: 2026-06-13 19:00:00 到 2026-06-13 19:59:59
[2026-06-13 20:00:01] ℹ su_web 該時段內無資料變動，未生成有效 SQL。
[2026-06-13 20:00:01] ℹ sm_m2 該時段內無資料變動，未生成有效 SQL。
[2026-06-13 20:00:01] ℹ 備份檔案完成
[2026-06-13 20:30:01] 開始轉換時間範圍: 2026-06-13 19:00:00 到 2026-06-13 19:59:59
[2026-06-13 20:30:01] ℹ su_web 該時段內無資料變動，未生成有效 SQL。
[2026-06-13 20:30:01] ℹ sm_m2 該時段內無資料變動，未生成有效 SQL。
[2026-06-13 20:30:01] ℹ 備份檔案完成
[2026-06-13 21:00:01] 開始轉換時間範圍: 2026-06-13 20:00:00 到 2026-06-13 20:59:59
[2026-06-13 21:00:01] ℹ su_web 該時段內無資料變動，未生成有效 SQL。
[2026-06-13 21:00:01] ℹ sm_m2 該時段內無資料變動，未生成有效 SQL。
[2026-06-13 21:00:01] ℹ 備份檔案完成
[2026-06-13 21:30:01] 開始轉換時間範圍: 2026-06-13 20:00:00 到 2026-06-13 20:59:59
[2026-06-13 21:30:01] ℹ su_web 該時段內無資料變動，未生成有效 SQL。
[2026-06-13 21:30:02] ℹ sm_m2 該時段內無資料變動，未生成有效 SQL。
[2026-06-13 21:30:02] ℹ 備份檔案完成
[2026-06-13 22:00:01] 開始轉換時間範圍: 2026-06-13 21:00:00 到 2026-06-13 21:59:59
[2026-06-13 22:00:01] ℹ su_web 該時段內無資料變動，未生成有效 SQL。
[2026-06-13 22:00:01] ℹ sm_m2 該時段內無資料變動，未生成有效 SQL。
[2026-06-13 22:00:01] ℹ 備份檔案完成
[2026-06-13 22:30:01] 開始轉換時間範圍: 2026-06-13 21:00:00 到 2026-06-13 21:59:59
[2026-06-13 22:30:01] ℹ su_web 該時段內無資料變動，未生成有效 SQL。
[2026-06-13 22:30:02] ℹ sm_m2 該時段內無資料變動，未生成有效 SQL。
[2026-06-13 22:30:02] ℹ 備份檔案完成
[2026-06-13 23:00:01] 開始轉換時間範圍: 2026-06-13 22:00:00 到 2026-06-13 22:59:59
[2026-06-13 23:00:01] ℹ su_web 該時段內無資料變動，未生成有效 SQL。
[2026-06-13 23:00:01] ℹ sm_m2 該時段內無資料變動，未生成有效 SQL。
[2026-06-13 23:00:01] ℹ 備份檔案完成
[2026-06-13 23:30:02] 開始轉換時間範圍: 2026-06-13 22:00:00 到 2026-06-13 22:59:59
[2026-06-13 23:30:02] ℹ su_web 該時段內無資料變動，未生成有效 SQL。
[2026-06-13 23:30:02] ℹ sm_m2 該時段內無資料變動，未生成有效 SQL。
[2026-06-13 23:30:02] ℹ 備份檔案完成
[2026-06-14 00:00:01] 開始轉換時間範圍: 2026-06-13 23:00:00 到 2026-06-13 23:59:59
[2026-06-14 00:00:01] ℹ su_web 該時段內無資料變動，未生成有效 SQL。
[2026-06-14 00:00:01] ℹ sm_m2 該時段內無資料變動，未生成有效 SQL。
[2026-06-14 00:00:01] ℹ 備份檔案完成
[2026-06-14 00:30:01] 開始轉換時間範圍: 2026-06-13 23:00:00 到 2026-06-13 23:59:59
[2026-06-14 00:30:01] ℹ su_web 該時段內無資料變動，未生成有效 SQL。
[2026-06-14 00:30:01] ℹ sm_m2 該時段內無資料變動，未生成有效 SQL。
[2026-06-14 00:30:01] ℹ 備份檔案完成
[2026-06-14 01:00:01] 開始轉換時間範圍: 2026-06-14 00:00:00 到 2026-06-14 00:59:59
[2026-06-14 01:00:01] ℹ su_web 該時段內無資料變動，未生成有效 SQL。
[2026-06-14 01:00:01] ℹ sm_m2 該時段內無資料變動，未生成有效 SQL。
[2026-06-14 01:00:01] ℹ 備份檔案完成
[2026-06-14 01:30:01] 開始轉換時間範圍: 2026-06-14 00:00:00 到 2026-06-14 00:59:59
[2026-06-14 01:30:01] ℹ su_web 該時段內無資料變動，未生成有效 SQL。
[2026-06-14 01:30:02] ℹ sm_m2 該時段內無資料變動，未生成有效 SQL。
[2026-06-14 01:30:02] ℹ 備份檔案完成
[2026-06-14 02:00:01] 開始轉換時間範圍: 2026-06-14 01:00:00 到 2026-06-14 01:59:59
[2026-06-14 02:00:01] ℹ su_web 該時段內無資料變動，未生成有效 SQL。
[2026-06-14 02:00:01] ℹ sm_m2 該時段內無資料變動，未生成有效 SQL。
[2026-06-14 02:00:01] ℹ 備份檔案完成
[2026-06-14 02:30:01] 開始轉換時間範圍: 2026-06-14 01:00:00 到 2026-06-14 01:59:59
[2026-06-14 02:30:01] ℹ su_web 該時段內無資料變動，未生成有效 SQL。
[2026-06-14 02:30:01] ℹ sm_m2 該時段內無資料變動，未生成有效 SQL。
[2026-06-14 02:30:01] ℹ 備份檔案完成
[2026-06-14 03:00:01] 開始轉換時間範圍: 2026-06-14 02:00:00 到 2026-06-14 02:59:59
[2026-06-14 03:00:02] ℹ su_web 該時段內無資料變動，未生成有效 SQL。
[2026-06-14 03:00:02] ℹ sm_m2 該時段內無資料變動，未生成有效 SQL。
[2026-06-14 03:00:02] ℹ 備份檔案完成
[2026-06-14 03:30:01] 開始轉換時間範圍: 2026-06-14 02:00:00 到 2026-06-14 02:59:59
[2026-06-14 03:30:02] ℹ su_web 該時段內無資料變動，未生成有效 SQL。
[2026-06-14 03:30:02] ℹ sm_m2 該時段內無資料變動，未生成有效 SQL。
[2026-06-14 03:30:02] ℹ 備份檔案完成
[2026-06-14 04:00:01] 開始轉換時間範圍: 2026-06-14 03:00:00 到 2026-06-14 03:59:59
[2026-06-14 04:00:01] ℹ su_web 該時段內無資料變動，未生成有效 SQL。
[2026-06-14 04:00:01] ℹ sm_m2 該時段內無資料變動，未生成有效 SQL。
[2026-06-14 04:00:01] ℹ 備份檔案完成
[2026-06-14 04:30:01] 開始轉換時間範圍: 2026-06-14 03:00:00 到 2026-06-14 03:59:59
[2026-06-14 04:30:01] ℹ su_web 該時段內無資料變動，未生成有效 SQL。
[2026-06-14 04:30:01] ℹ sm_m2 該時段內無資料變動，未生成有效 SQL。
[2026-06-14 04:30:01] ℹ 備份檔案完成
[2026-06-14 05:00:01] 開始轉換時間範圍: 2026-06-14 04:00:00 到 2026-06-14 04:59:59
[2026-06-14 05:00:01] ℹ su_web 該時段內無資料變動，未生成有效 SQL。
[2026-06-14 05:00:01] ℹ sm_m2 該時段內無資料變動，未生成有效 SQL。
[2026-06-14 05:00:02] ℹ 備份檔案完成
[2026-06-14 05:30:01] 開始轉換時間範圍: 2026-06-14 04:00:00 到 2026-06-14 04:59:59
[2026-06-14 05:30:01] ℹ su_web 該時段內無資料變動，未生成有效 SQL。
[2026-06-14 05:30:01] ℹ sm_m2 該時段內無資料變動，未生成有效 SQL。
[2026-06-14 05:30:01] ℹ 備份檔案完成
[2026-06-14 06:00:01] 開始轉換時間範圍: 2026-06-14 05:00:00 到 2026-06-14 05:59:59
[2026-06-14 06:00:01] ℹ su_web 該時段內無資料變動，未生成有效 SQL。
[2026-06-14 06:00:01] ℹ sm_m2 該時段內無資料變動，未生成有效 SQL。
[2026-06-14 06:00:01] ℹ 備份檔案完成
[2026-06-14 06:30:01] 開始轉換時間範圍: 2026-06-14 05:00:00 到 2026-06-14 05:59:59
[2026-06-14 06:30:01] ℹ su_web 該時段內無資料變動，未生成有效 SQL。
[2026-06-14 06:30:01] ℹ sm_m2 該時段內無資料變動，未生成有效 SQL。
[2026-06-14 06:30:01] ℹ 備份檔案完成
[2026-06-14 07:00:01] 開始轉換時間範圍: 2026-06-14 06:00:00 到 2026-06-14 06:59:59
[2026-06-14 07:00:01] ℹ su_web 該時段內無資料變動，未生成有效 SQL。
[2026-06-14 07:00:01] ℹ sm_m2 該時段內無資料變動，未生成有效 SQL。
[2026-06-14 07:00:01] ℹ 備份檔案完成
[2026-06-14 07:30:01] 開始轉換時間範圍: 2026-06-14 06:00:00 到 2026-06-14 06:59:59
[2026-06-14 07:30:01] ℹ su_web 該時段內無資料變動，未生成有效 SQL。
[2026-06-14 07:30:01] ℹ sm_m2 該時段內無資料變動，未生成有效 SQL。
[2026-06-14 07:30:01] ℹ 備份檔案完成
[2026-06-14 08:00:01] 開始轉換時間範圍: 2026-06-14 07:00:00 到 2026-06-14 07:59:59
[2026-06-14 08:00:01] ℹ su_web 該時段內無資料變動，未生成有效 SQL。
[2026-06-14 08:00:01] ℹ sm_m2 該時段內無資料變動，未生成有效 SQL。
[2026-06-14 08:00:01] ℹ 備份檔案完成
[2026-06-14 08:30:01] 開始轉換時間範圍: 2026-06-14 07:00:00 到 2026-06-14 07:59:59
[2026-06-14 08:30:01] ℹ su_web 該時段內無資料變動，未生成有效 SQL。
[2026-06-14 08:30:01] ℹ sm_m2 該時段內無資料變動，未生成有效 SQL。
[2026-06-14 08:30:01] ℹ 備份檔案完成
[2026-06-14 09:00:01] 開始轉換時間範圍: 2026-06-14 08:00:00 到 2026-06-14 08:59:59
[2026-06-14 09:00:01] ℹ su_web 該時段內無資料變動，未生成有效 SQL。
[2026-06-14 09:00:01] ℹ sm_m2 該時段內無資料變動，未生成有效 SQL。
[2026-06-14 09:00:01] ℹ 備份檔案完成
[2026-06-14 09:30:01] 開始轉換時間範圍: 2026-06-14 08:00:00 到 2026-06-14 08:59:59
[2026-06-14 09:30:01] ℹ su_web 該時段內無資料變動，未生成有效 SQL。
[2026-06-14 09:30:01] ℹ sm_m2 該時段內無資料變動，未生成有效 SQL。
[2026-06-14 09:30:01] ℹ 備份檔案完成
[2026-06-14 10:00:01] 開始轉換時間範圍: 2026-06-14 09:00:00 到 2026-06-14 09:59:59
[2026-06-14 10:00:01] ℹ su_web 該時段內無資料變動，未生成有效 SQL。
[2026-06-14 10:00:01] ℹ sm_m2 該時段內無資料變動，未生成有效 SQL。
[2026-06-14 10:00:01] ℹ 備份檔案完成
[2026-06-14 10:30:01] 開始轉換時間範圍: 2026-06-14 09:00:00 到 2026-06-14 09:59:59
[2026-06-14 10:30:01] ℹ su_web 該時段內無資料變動，未生成有效 SQL。
[2026-06-14 10:30:01] ℹ sm_m2 該時段內無資料變動，未生成有效 SQL。
[2026-06-14 10:30:01] ℹ 備份檔案完成
[2026-06-14 11:00:02] 開始轉換時間範圍: 2026-06-14 10:00:00 到 2026-06-14 10:59:59
[2026-06-14 11:00:02] ℹ su_web 該時段內無資料變動，未生成有效 SQL。
[2026-06-14 11:00:02] ℹ sm_m2 該時段內無資料變動，未生成有效 SQL。
[2026-06-14 11:00:02] ℹ 備份檔案完成
[2026-06-14 11:30:02] 開始轉換時間範圍: 2026-06-14 10:00:00 到 2026-06-14 10:59:59
[2026-06-14 11:30:02] ℹ su_web 該時段內無資料變動，未生成有效 SQL。
[2026-06-14 11:30:02] ℹ sm_m2 該時段內無資料變動，未生成有效 SQL。
[2026-06-14 11:30:02] ℹ 備份檔案完成
[2026-06-14 12:00:01] 開始轉換時間範圍: 2026-06-14 11:00:00 到 2026-06-14 11:59:59
[2026-06-14 12:00:01] ℹ su_web 該時段內無資料變動，未生成有效 SQL。
[2026-06-14 12:00:01] ℹ sm_m2 該時段內無資料變動，未生成有效 SQL。
[2026-06-14 12:00:02] ℹ 備份檔案完成
[2026-06-14 12:30:01] 開始轉換時間範圍: 2026-06-14 11:00:00 到 2026-06-14 11:59:59
[2026-06-14 12:30:01] ℹ su_web 該時段內無資料變動，未生成有效 SQL。
[2026-06-14 12:30:01] ℹ sm_m2 該時段內無資料變動，未生成有效 SQL。
[2026-06-14 12:30:01] ℹ 備份檔案完成
[2026-06-14 13:00:02] 開始轉換時間範圍: 2026-06-14 12:00:00 到 2026-06-14 12:59:59
[2026-06-14 13:00:02] ℹ su_web 該時段內無資料變動，未生成有效 SQL。
[2026-06-14 13:00:02] ℹ sm_m2 該時段內無資料變動，未生成有效 SQL。
[2026-06-14 13:00:02] ℹ 備份檔案完成
[2026-06-14 13:30:01] 開始轉換時間範圍: 2026-06-14 12:00:00 到 2026-06-14 12:59:59
[2026-06-14 13:30:01] ℹ su_web 該時段內無資料變動，未生成有效 SQL。
[2026-06-14 13:30:01] ℹ sm_m2 該時段內無資料變動，未生成有效 SQL。
[2026-06-14 13:30:01] ℹ 備份檔案完成
[2026-06-14 14:00:01] 開始轉換時間範圍: 2026-06-14 13:00:00 到 2026-06-14 13:59:59
[2026-06-14 14:00:02] ℹ su_web 該時段內無資料變動，未生成有效 SQL。
[2026-06-14 14:00:02] ℹ sm_m2 該時段內無資料變動，未生成有效 SQL。
[2026-06-14 14:00:02] ℹ 備份檔案完成
[2026-06-14 14:30:01] 開始轉換時間範圍: 2026-06-14 13:00:00 到 2026-06-14 13:59:59
[2026-06-14 14:30:01] ℹ su_web 該時段內無資料變動，未生成有效 SQL。
[2026-06-14 14:30:01] ℹ sm_m2 該時段內無資料變動，未生成有效 SQL。
[2026-06-14 14:30:01] ℹ 備份檔案完成
[2026-06-14 15:00:01] 開始轉換時間範圍: 2026-06-14 14:00:00 到 2026-06-14 14:59:59
[2026-06-14 15:00:01] ℹ su_web 該時段內無資料變動，未生成有效 SQL。
[2026-06-14 15:00:01] ℹ sm_m2 該時段內無資料變動，未生成有效 SQL。
[2026-06-14 15:00:01] ℹ 備份檔案完成
[2026-06-14 15:30:02] 開始轉換時間範圍: 2026-06-14 14:00:00 到 2026-06-14 14:59:59
[2026-06-14 15:30:02] ℹ su_web 該時段內無資料變動，未生成有效 SQL。
[2026-06-14 15:30:02] ℹ sm_m2 該時段內無資料變動，未生成有效 SQL。
[2026-06-14 15:30:02] ℹ 備份檔案完成
[2026-06-14 16:00:01] 開始轉換時間範圍: 2026-06-14 15:00:00 到 2026-06-14 15:59:59
[2026-06-14 16:00:01] ℹ su_web 該時段內無資料變動，未生成有效 SQL。
[2026-06-14 16:00:01] ℹ sm_m2 該時段內無資料變動，未生成有效 SQL。
[2026-06-14 16:00:01] ℹ 備份檔案完成
[2026-06-14 16:30:01] 開始轉換時間範圍: 2026-06-14 15:00:00 到 2026-06-14 15:59:59
[2026-06-14 16:30:01] ℹ su_web 該時段內無資料變動，未生成有效 SQL。
[2026-06-14 16:30:01] ℹ sm_m2 該時段內無資料變動，未生成有效 SQL。
[2026-06-14 16:30:01] ℹ 備份檔案完成
[2026-06-14 17:00:02] 開始轉換時間範圍: 2026-06-14 16:00:00 到 2026-06-14 16:59:59
[2026-06-14 17:00:02] ℹ su_web 該時段內無資料變動，未生成有效 SQL。
[2026-06-14 17:00:02] ℹ sm_m2 該時段內無資料變動，未生成有效 SQL。
[2026-06-14 17:00:02] ℹ 備份檔案完成
[2026-06-14 17:30:02] 開始轉換時間範圍: 2026-06-14 16:00:00 到 2026-06-14 16:59:59
[2026-06-14 17:30:02] ℹ su_web 該時段內無資料變動，未生成有效 SQL。
[2026-06-14 17:30:02] ℹ sm_m2 該時段內無資料變動，未生成有效 SQL。
[2026-06-14 17:30:02] ℹ 備份檔案完成
[2026-06-14 18:00:01] 開始轉換時間範圍: 2026-06-14 17:00:00 到 2026-06-14 17:59:59
[2026-06-14 18:00:01] ℹ su_web 該時段內無資料變動，未生成有效 SQL。
[2026-06-14 18:00:01] ℹ sm_m2 該時段內無資料變動，未生成有效 SQL。
[2026-06-14 18:00:01] ℹ 備份檔案完成
[2026-06-14 18:30:01] 開始轉換時間範圍: 2026-06-14 17:00:00 到 2026-06-14 17:59:59
[2026-06-14 18:30:01] ℹ su_web 該時段內無資料變動，未生成有效 SQL。
[2026-06-14 18:30:01] ℹ sm_m2 該時段內無資料變動，未生成有效 SQL。
[2026-06-14 18:30:01] ℹ 備份檔案完成
[2026-06-14 19:00:01] 開始轉換時間範圍: 2026-06-14 18:00:00 到 2026-06-14 18:59:59
[2026-06-14 19:00:01] ℹ su_web 該時段內無資料變動，未生成有效 SQL。
[2026-06-14 19:00:01] ℹ sm_m2 該時段內無資料變動，未生成有效 SQL。
[2026-06-14 19:00:01] ℹ 備份檔案完成
[2026-06-14 19:30:01] 開始轉換時間範圍: 2026-06-14 18:00:00 到 2026-06-14 18:59:59
[2026-06-14 19:30:01] ℹ su_web 該時段內無資料變動，未生成有效 SQL。
[2026-06-14 19:30:01] ℹ sm_m2 該時段內無資料變動，未生成有效 SQL。
[2026-06-14 19:30:01] ℹ 備份檔案完成
[2026-06-14 20:00:01] 開始轉換時間範圍: 2026-06-14 19:00:00 到 2026-06-14 19:59:59
[2026-06-14 20:00:01] ℹ su_web 該時段內無資料變動，未生成有效 SQL。
[2026-06-14 20:00:01] ℹ sm_m2 該時段內無資料變動，未生成有效 SQL。
[2026-06-14 20:00:01] ℹ 備份檔案完成
[2026-06-14 20:30:01] 開始轉換時間範圍: 2026-06-14 19:00:00 到 2026-06-14 19:59:59
[2026-06-14 20:30:01] ℹ su_web 該時段內無資料變動，未生成有效 SQL。
[2026-06-14 20:30:01] ℹ sm_m2 該時段內無資料變動，未生成有效 SQL。
[2026-06-14 20:30:01] ℹ 備份檔案完成
[2026-06-14 21:00:01] 開始轉換時間範圍: 2026-06-14 20:00:00 到 2026-06-14 20:59:59
[2026-06-14 21:00:01] ℹ su_web 該時段內無資料變動，未生成有效 SQL。
[2026-06-14 21:00:01] ℹ sm_m2 該時段內無資料變動，未生成有效 SQL。
[2026-06-14 21:00:01] ℹ 備份檔案完成
[2026-06-14 21:30:01] 開始轉換時間範圍: 2026-06-14 20:00:00 到 2026-06-14 20:59:59
[2026-06-14 21:30:01] ℹ su_web 該時段內無資料變動，未生成有效 SQL。
[2026-06-14 21:30:01] ℹ sm_m2 該時段內無資料變動，未生成有效 SQL。
[2026-06-14 21:30:02] ℹ 備份檔案完成
[2026-06-14 22:00:01] 開始轉換時間範圍: 2026-06-14 21:00:00 到 2026-06-14 21:59:59
[2026-06-14 22:00:01] ℹ su_web 該時段內無資料變動，未生成有效 SQL。
[2026-06-14 22:00:01] ℹ sm_m2 該時段內無資料變動，未生成有效 SQL。
[2026-06-14 22:00:01] ℹ 備份檔案完成
[2026-06-14 22:30:01] 開始轉換時間範圍: 2026-06-14 21:00:00 到 2026-06-14 21:59:59
[2026-06-14 22:30:01] ℹ su_web 該時段內無資料變動，未生成有效 SQL。
[2026-06-14 22:30:01] ℹ sm_m2 該時段內無資料變動，未生成有效 SQL。
[2026-06-14 22:30:02] ℹ 備份檔案完成
[2026-06-14 23:00:01] 開始轉換時間範圍: 2026-06-14 22:00:00 到 2026-06-14 22:59:59
[2026-06-14 23:00:01] ℹ su_web 該時段內無資料變動，未生成有效 SQL。
[2026-06-14 23:00:01] ℹ sm_m2 該時段內無資料變動，未生成有效 SQL。
[2026-06-14 23:00:01] ℹ 備份檔案完成
[2026-06-14 23:30:01] 開始轉換時間範圍: 2026-06-14 22:00:00 到 2026-06-14 22:59:59
[2026-06-14 23:30:02] ℹ su_web 該時段內無資料變動，未生成有效 SQL。
[2026-06-14 23:30:02] ℹ sm_m2 該時段內無資料變動，未生成有效 SQL。
[2026-06-14 23:30:02] ℹ 備份檔案完成
[2026-06-15 00:00:01] 開始轉換時間範圍: 2026-06-14 23:00:00 到 2026-06-14 23:59:59
[2026-06-15 00:00:01] ℹ su_web 該時段內無資料變動，未生成有效 SQL。
[2026-06-15 00:00:01] ℹ sm_m2 該時段內無資料變動，未生成有效 SQL。
[2026-06-15 00:00:01] ℹ 備份檔案完成
[2026-06-15 00:30:01] 開始轉換時間範圍: 2026-06-14 23:00:00 到 2026-06-14 23:59:59
[2026-06-15 00:30:01] ℹ su_web 該時段內無資料變動，未生成有效 SQL。
[2026-06-15 00:30:01] ℹ sm_m2 該時段內無資料變動，未生成有效 SQL。
[2026-06-15 00:30:01] ℹ 備份檔案完成
[2026-06-15 01:00:01] 開始轉換時間範圍: 2026-06-15 00:00:00 到 2026-06-15 00:59:59
[2026-06-15 01:00:01] ℹ su_web 該時段內無資料變動，未生成有效 SQL。
[2026-06-15 01:00:01] ℹ sm_m2 該時段內無資料變動，未生成有效 SQL。
[2026-06-15 01:00:01] ℹ 備份檔案完成
[2026-06-15 01:30:01] 開始轉換時間範圍: 2026-06-15 00:00:00 到 2026-06-15 00:59:59
[2026-06-15 01:30:01] ℹ su_web 該時段內無資料變動，未生成有效 SQL。
[2026-06-15 01:30:01] ℹ sm_m2 該時段內無資料變動，未生成有效 SQL。
[2026-06-15 01:30:01] ℹ 備份檔案完成
[2026-06-15 02:00:01] 開始轉換時間範圍: 2026-06-15 01:00:00 到 2026-06-15 01:59:59
[2026-06-15 02:00:01] ℹ su_web 該時段內無資料變動，未生成有效 SQL。
[2026-06-15 02:00:01] ℹ sm_m2 該時段內無資料變動，未生成有效 SQL。
[2026-06-15 02:00:01] ℹ 備份檔案完成
[2026-06-15 02:30:01] 開始轉換時間範圍: 2026-06-15 01:00:00 到 2026-06-15 01:59:59
[2026-06-15 02:30:02] ℹ su_web 該時段內無資料變動，未生成有效 SQL。
[2026-06-15 02:30:02] ℹ sm_m2 該時段內無資料變動，未生成有效 SQL。
[2026-06-15 02:30:02] ℹ 備份檔案完成
[2026-06-15 03:00:01] 開始轉換時間範圍: 2026-06-15 02:00:00 到 2026-06-15 02:59:59
[2026-06-15 03:00:01] ℹ su_web 該時段內無資料變動，未生成有效 SQL。
[2026-06-15 03:00:01] ℹ sm_m2 該時段內無資料變動，未生成有效 SQL。
[2026-06-15 03:00:01] ℹ 備份檔案完成
[2026-06-15 03:30:01] 開始轉換時間範圍: 2026-06-15 02:00:00 到 2026-06-15 02:59:59
[2026-06-15 03:30:01] ℹ su_web 該時段內無資料變動，未生成有效 SQL。
[2026-06-15 03:30:01] ℹ sm_m2 該時段內無資料變動，未生成有效 SQL。
[2026-06-15 03:30:01] ℹ 備份檔案完成
[2026-06-15 04:00:01] 開始轉換時間範圍: 2026-06-15 03:00:00 到 2026-06-15 03:59:59
[2026-06-15 04:00:01] ℹ su_web 該時段內無資料變動，未生成有效 SQL。
[2026-06-15 04:00:01] ℹ sm_m2 該時段內無資料變動，未生成有效 SQL。
[2026-06-15 04:00:02] ℹ 備份檔案完成
[2026-06-15 04:30:01] 開始轉換時間範圍: 2026-06-15 03:00:00 到 2026-06-15 03:59:59
[2026-06-15 04:30:01] ℹ su_web 該時段內無資料變動，未生成有效 SQL。
[2026-06-15 04:30:01] ℹ sm_m2 該時段內無資料變動，未生成有效 SQL。
[2026-06-15 04:30:02] ℹ 備份檔案完成
[2026-06-15 05:00:01] 開始轉換時間範圍: 2026-06-15 04:00:00 到 2026-06-15 04:59:59
[2026-06-15 05:00:01] ℹ su_web 該時段內無資料變動，未生成有效 SQL。
[2026-06-15 05:00:01] ℹ sm_m2 該時段內無資料變動，未生成有效 SQL。
[2026-06-15 05:00:01] ℹ 備份檔案完成
[2026-06-15 05:30:01] 開始轉換時間範圍: 2026-06-15 04:00:00 到 2026-06-15 04:59:59
[2026-06-15 05:30:01] ℹ su_web 該時段內無資料變動，未生成有效 SQL。
[2026-06-15 05:30:01] ℹ sm_m2 該時段內無資料變動，未生成有效 SQL。
[2026-06-15 05:30:01] ℹ 備份檔案完成
[2026-06-15 06:00:01] 開始轉換時間範圍: 2026-06-15 05:00:00 到 2026-06-15 05:59:59
[2026-06-15 06:00:02] ℹ su_web 該時段內無資料變動，未生成有效 SQL。
[2026-06-15 06:00:02] ℹ sm_m2 該時段內無資料變動，未生成有效 SQL。
[2026-06-15 06:00:02] ℹ 備份檔案完成
[2026-06-15 06:30:01] 開始轉換時間範圍: 2026-06-15 05:00:00 到 2026-06-15 05:59:59
[2026-06-15 06:30:01] ℹ su_web 該時段內無資料變動，未生成有效 SQL。
[2026-06-15 06:30:02] ℹ sm_m2 該時段內無資料變動，未生成有效 SQL。
[2026-06-15 06:30:02] ℹ 備份檔案完成
[2026-06-15 07:00:01] 開始轉換時間範圍: 2026-06-15 06:00:00 到 2026-06-15 06:59:59
[2026-06-15 07:00:01] ℹ su_web 該時段內無資料變動，未生成有效 SQL。
[2026-06-15 07:00:01] ℹ sm_m2 該時段內無資料變動，未生成有效 SQL。
[2026-06-15 07:00:01] ℹ 備份檔案完成
[2026-06-15 07:30:01] 開始轉換時間範圍: 2026-06-15 06:00:00 到 2026-06-15 06:59:59
[2026-06-15 07:30:01] ℹ su_web 該時段內無資料變動，未生成有效 SQL。
[2026-06-15 07:30:01] ℹ sm_m2 該時段內無資料變動，未生成有效 SQL。
[2026-06-15 07:30:01] ℹ 備份檔案完成
[2026-06-15 08:00:01] 開始轉換時間範圍: 2026-06-15 07:00:00 到 2026-06-15 07:59:59
[2026-06-15 08:00:01] ℹ su_web 該時段內無資料變動，未生成有效 SQL。
[2026-06-15 08:00:01] ℹ sm_m2 該時段內無資料變動，未生成有效 SQL。
[2026-06-15 08:00:01] ℹ 備份檔案完成
[2026-06-15 08:30:01] 開始轉換時間範圍: 2026-06-15 07:00:00 到 2026-06-15 07:59:59
[2026-06-15 08:30:01] ℹ su_web 該時段內無資料變動，未生成有效 SQL。
[2026-06-15 08:30:01] ℹ sm_m2 該時段內無資料變動，未生成有效 SQL。
[2026-06-15 08:30:01] ℹ 備份檔案完成
[2026-06-15 09:00:01] 開始轉換時間範圍: 2026-06-15 08:00:00 到 2026-06-15 08:59:59
[2026-06-15 09:00:01] ℹ su_web 該時段內無資料變動，未生成有效 SQL。
[2026-06-15 09:00:01] ℹ sm_m2 該時段內無資料變動，未生成有效 SQL。
[2026-06-15 09:00:01] ℹ 備份檔案完成
[2026-06-15 09:30:01] 開始轉換時間範圍: 2026-06-15 08:00:00 到 2026-06-15 08:59:59
[2026-06-15 09:30:01] ℹ su_web 該時段內無資料變動，未生成有效 SQL。
[2026-06-15 09:30:01] ℹ sm_m2 該時段內無資料變動，未生成有效 SQL。
[2026-06-15 09:30:01] ℹ 備份檔案完成
[2026-06-15 10:00:01] 開始轉換時間範圍: 2026-06-15 09:00:00 到 2026-06-15 09:59:59
[2026-06-15 10:00:01] ✓ su_web 完成: /mnt/web/www/hksu/.db/files/2026/06/15/20260615_09_Backup_su_web.sql.zip
[2026-06-15 10:00:01] ℹ sm_m2 該時段內無資料變動，未生成有效 SQL。
[2026-06-15 10:00:01] ℹ 備份檔案，提交 Git 。
[2026-06-15 10:00:02] ℹ 備份檔案，add . 完成。
[2026-06-15 10:00:02] ℹ 備份檔案，commit -m backup 20260615_09 完成。
[2026-06-15 10:00:02] ℹ 備份檔案，開始 push。
[2026-06-15 10:00:03] ℹ 備份檔案完成
[2026-06-15 10:30:01] 開始轉換時間範圍: 2026-06-15 09:00:00 到 2026-06-15 09:59:59
[2026-06-15 10:30:01] ✓ su_web 完成: /mnt/web/www/hksu/.db/files/2026/06/15/20260615_09_Backup_su_web.sql.zip
[2026-06-15 10:30:02] ℹ sm_m2 該時段內無資料變動，未生成有效 SQL。
[2026-06-15 10:30:02] ℹ 備份檔案，提交 Git 。
[2026-06-15 10:30:02] ℹ 備份檔案，add . 完成。
[2026-06-15 10:30:02] ℹ 備份檔案，commit -m backup 20260615_09 完成。
[2026-06-15 10:30:02] ℹ 備份檔案，開始 push。
[2026-06-15 10:30:03] ℹ 備份檔案完成
[2026-06-15 11:00:01] 開始轉換時間範圍: 2026-06-15 10:00:00 到 2026-06-15 10:59:59
[2026-06-15 11:00:01] ✓ su_web 完成: /mnt/web/www/hksu/.db/files/2026/06/15/20260615_10_Backup_su_web.sql.zip
[2026-06-15 11:00:01] ℹ sm_m2 該時段內無資料變動，未生成有效 SQL。
[2026-06-15 11:00:01] ℹ 備份檔案，提交 Git 。
[2026-06-15 11:00:01] ℹ 備份檔案，add . 完成。
[2026-06-15 11:00:01] ℹ 備份檔案，commit -m backup 20260615_10 完成。
[2026-06-15 11:00:01] ℹ 備份檔案，開始 push。
[2026-06-15 11:00:03] ℹ 備份檔案完成
[2026-06-15 11:30:01] 開始轉換時間範圍: 2026-06-15 10:00:00 到 2026-06-15 10:59:59
[2026-06-15 11:30:01] ✓ su_web 完成: /mnt/web/www/hksu/.db/files/2026/06/15/20260615_10_Backup_su_web.sql.zip
[2026-06-15 11:30:01] ℹ sm_m2 該時段內無資料變動，未生成有效 SQL。
[2026-06-15 11:30:01] ℹ 備份檔案，提交 Git 。
[2026-06-15 11:30:02] ℹ 備份檔案，add . 完成。
[2026-06-15 11:30:02] ℹ 備份檔案，commit -m backup 20260615_10 完成。
[2026-06-15 11:30:02] ℹ 備份檔案，開始 push。
[2026-06-15 11:30:03] ℹ 備份檔案完成
[2026-06-15 12:00:01] 開始轉換時間範圍: 2026-06-15 11:00:00 到 2026-06-15 11:59:59
[2026-06-15 12:00:01] ℹ su_web 該時段內無資料變動，未生成有效 SQL。
[2026-06-15 12:00:01] ℹ sm_m2 該時段內無資料變動，未生成有效 SQL。
[2026-06-15 12:00:01] ℹ 備份檔案完成
[2026-06-15 12:30:01] 開始轉換時間範圍: 2026-06-15 11:00:00 到 2026-06-15 11:59:59
[2026-06-15 12:30:01] ℹ su_web 該時段內無資料變動，未生成有效 SQL。
[2026-06-15 12:30:01] ℹ sm_m2 該時段內無資料變動，未生成有效 SQL。
[2026-06-15 12:30:01] ℹ 備份檔案完成
[2026-06-15 13:00:01] 開始轉換時間範圍: 2026-06-15 12:00:00 到 2026-06-15 12:59:59
[2026-06-15 13:00:01] ℹ su_web 該時段內無資料變動，未生成有效 SQL。
[2026-06-15 13:00:01] ℹ sm_m2 該時段內無資料變動，未生成有效 SQL。
[2026-06-15 13:00:02] ℹ 備份檔案完成
[2026-06-15 13:30:01] 開始轉換時間範圍: 2026-06-15 12:00:00 到 2026-06-15 12:59:59
[2026-06-15 13:30:01] ℹ su_web 該時段內無資料變動，未生成有效 SQL。
[2026-06-15 13:30:01] ℹ sm_m2 該時段內無資料變動，未生成有效 SQL。
[2026-06-15 13:30:02] ℹ 備份檔案完成
[2026-06-15 14:00:01] 開始轉換時間範圍: 2026-06-15 13:00:00 到 2026-06-15 13:59:59
[2026-06-15 14:00:01] ℹ su_web 該時段內無資料變動，未生成有效 SQL。
[2026-06-15 14:00:01] ℹ sm_m2 該時段內無資料變動，未生成有效 SQL。
[2026-06-15 14:00:01] ℹ 備份檔案完成
[2026-06-15 14:30:01] 開始轉換時間範圍: 2026-06-15 13:00:00 到 2026-06-15 13:59:59
[2026-06-15 14:30:01] ℹ su_web 該時段內無資料變動，未生成有效 SQL。
[2026-06-15 14:30:01] ℹ sm_m2 該時段內無資料變動，未生成有效 SQL。
[2026-06-15 14:30:01] ℹ 備份檔案完成
[2026-06-15 15:00:01] 開始轉換時間範圍: 2026-06-15 14:00:00 到 2026-06-15 14:59:59
[2026-06-15 15:00:01] ℹ su_web 該時段內無資料變動，未生成有效 SQL。
[2026-06-15 15:00:02] ℹ sm_m2 該時段內無資料變動，未生成有效 SQL。
[2026-06-15 15:00:02] ℹ 備份檔案完成
[2026-06-15 15:30:01] 開始轉換時間範圍: 2026-06-15 14:00:00 到 2026-06-15 14:59:59
[2026-06-15 15:30:01] ℹ su_web 該時段內無資料變動，未生成有效 SQL。
[2026-06-15 15:30:01] ℹ sm_m2 該時段內無資料變動，未生成有效 SQL。
[2026-06-15 15:30:01] ℹ 備份檔案完成
[2026-06-15 16:00:01] 開始轉換時間範圍: 2026-06-15 15:00:00 到 2026-06-15 15:59:59
[2026-06-15 16:00:01] ℹ su_web 該時段內無資料變動，未生成有效 SQL。
[2026-06-15 16:00:01] ℹ sm_m2 該時段內無資料變動，未生成有效 SQL。
[2026-06-15 16:00:01] ℹ 備份檔案完成
[2026-06-15 16:30:01] 開始轉換時間範圍: 2026-06-15 15:00:00 到 2026-06-15 15:59:59
[2026-06-15 16:30:02] ℹ su_web 該時段內無資料變動，未生成有效 SQL。
[2026-06-15 16:30:02] ℹ sm_m2 該時段內無資料變動，未生成有效 SQL。
[2026-06-15 16:30:02] ℹ 備份檔案完成
[2026-06-15 17:00:01] 開始轉換時間範圍: 2026-06-15 16:00:00 到 2026-06-15 16:59:59
[2026-06-15 17:00:02] ℹ su_web 該時段內無資料變動，未生成有效 SQL。
[2026-06-15 17:00:02] ℹ sm_m2 該時段內無資料變動，未生成有效 SQL。
[2026-06-15 17:00:02] ℹ 備份檔案完成
[2026-06-15 17:30:02] 開始轉換時間範圍: 2026-06-15 16:00:00 到 2026-06-15 16:59:59
[2026-06-15 17:30:02] ℹ su_web 該時段內無資料變動，未生成有效 SQL。
[2026-06-15 17:30:02] ℹ sm_m2 該時段內無資料變動，未生成有效 SQL。
[2026-06-15 17:30:02] ℹ 備份檔案完成
[2026-06-15 18:00:01] 開始轉換時間範圍: 2026-06-15 17:00:00 到 2026-06-15 17:59:59
[2026-06-15 18:00:01] ℹ su_web 該時段內無資料變動，未生成有效 SQL。
[2026-06-15 18:00:01] ℹ sm_m2 該時段內無資料變動，未生成有效 SQL。
[2026-06-15 18:00:01] ℹ 備份檔案完成
[2026-06-15 18:30:01] 開始轉換時間範圍: 2026-06-15 17:00:00 到 2026-06-15 17:59:59
[2026-06-15 18:30:01] ℹ su_web 該時段內無資料變動，未生成有效 SQL。
[2026-06-15 18:30:01] ℹ sm_m2 該時段內無資料變動，未生成有效 SQL。
[2026-06-15 18:30:01] ℹ 備份檔案完成
[2026-06-15 19:00:01] 開始轉換時間範圍: 2026-06-15 18:00:00 到 2026-06-15 18:59:59
[2026-06-15 19:00:01] ℹ su_web 該時段內無資料變動，未生成有效 SQL。
[2026-06-15 19:00:01] ℹ sm_m2 該時段內無資料變動，未生成有效 SQL。
[2026-06-15 19:00:01] ℹ 備份檔案完成
[2026-06-15 19:30:01] 開始轉換時間範圍: 2026-06-15 18:00:00 到 2026-06-15 18:59:59
[2026-06-15 19:30:01] ℹ su_web 該時段內無資料變動，未生成有效 SQL。
[2026-06-15 19:30:01] ℹ sm_m2 該時段內無資料變動，未生成有效 SQL。
[2026-06-15 19:30:01] ℹ 備份檔案完成
[2026-06-15 20:00:01] 開始轉換時間範圍: 2026-06-15 19:00:00 到 2026-06-15 19:59:59
[2026-06-15 20:00:01] ℹ su_web 該時段內無資料變動，未生成有效 SQL。
[2026-06-15 20:00:01] ℹ sm_m2 該時段內無資料變動，未生成有效 SQL。
[2026-06-15 20:00:01] ℹ 備份檔案完成
[2026-06-15 20:30:02] 開始轉換時間範圍: 2026-06-15 19:00:00 到 2026-06-15 19:59:59
[2026-06-15 20:30:02] ℹ su_web 該時段內無資料變動，未生成有效 SQL。
[2026-06-15 20:30:02] ℹ sm_m2 該時段內無資料變動，未生成有效 SQL。
[2026-06-15 20:30:02] ℹ 備份檔案完成
[2026-06-15 21:00:01] 開始轉換時間範圍: 2026-06-15 20:00:00 到 2026-06-15 20:59:59
[2026-06-15 21:00:01] ℹ su_web 該時段內無資料變動，未生成有效 SQL。
[2026-06-15 21:00:01] ℹ sm_m2 該時段內無資料變動，未生成有效 SQL。
[2026-06-15 21:00:01] ℹ 備份檔案完成
[2026-06-15 21:30:01] 開始轉換時間範圍: 2026-06-15 20:00:00 到 2026-06-15 20:59:59
[2026-06-15 21:30:01] ℹ su_web 該時段內無資料變動，未生成有效 SQL。
[2026-06-15 21:30:01] ℹ sm_m2 該時段內無資料變動，未生成有效 SQL。
[2026-06-15 21:30:01] ℹ 備份檔案完成
[2026-06-15 22:00:01] 開始轉換時間範圍: 2026-06-15 21:00:00 到 2026-06-15 21:59:59
[2026-06-15 22:00:01] ℹ su_web 該時段內無資料變動，未生成有效 SQL。
[2026-06-15 22:00:01] ℹ sm_m2 該時段內無資料變動，未生成有效 SQL。
[2026-06-15 22:00:01] ℹ 備份檔案完成
[2026-06-15 22:30:01] 開始轉換時間範圍: 2026-06-15 21:00:00 到 2026-06-15 21:59:59
[2026-06-15 22:30:01] ℹ su_web 該時段內無資料變動，未生成有效 SQL。
[2026-06-15 22:30:01] ℹ sm_m2 該時段內無資料變動，未生成有效 SQL。
[2026-06-15 22:30:01] ℹ 備份檔案完成
[2026-06-15 23:00:01] 開始轉換時間範圍: 2026-06-15 22:00:00 到 2026-06-15 22:59:59
[2026-06-15 23:00:01] ℹ su_web 該時段內無資料變動，未生成有效 SQL。
[2026-06-15 23:00:01] ℹ sm_m2 該時段內無資料變動，未生成有效 SQL。
[2026-06-15 23:00:01] ℹ 備份檔案完成
[2026-06-15 23:30:01] 開始轉換時間範圍: 2026-06-15 22:00:00 到 2026-06-15 22:59:59
[2026-06-15 23:30:01] ℹ su_web 該時段內無資料變動，未生成有效 SQL。
[2026-06-15 23:30:01] ℹ sm_m2 該時段內無資料變動，未生成有效 SQL。
[2026-06-15 23:30:01] ℹ 備份檔案完成
[2026-06-16 00:00:02] 開始轉換時間範圍: 2026-06-15 23:00:00 到 2026-06-15 23:59:59
[2026-06-16 00:00:02] ℹ su_web 該時段內無資料變動，未生成有效 SQL。
[2026-06-16 00:00:02] ℹ sm_m2 該時段內無資料變動，未生成有效 SQL。
[2026-06-16 00:00:02] ℹ 備份檔案完成
[2026-06-16 00:30:01] 開始轉換時間範圍: 2026-06-15 23:00:00 到 2026-06-15 23:59:59
[2026-06-16 00:30:01] ℹ su_web 該時段內無資料變動，未生成有效 SQL。
[2026-06-16 00:30:01] ℹ sm_m2 該時段內無資料變動，未生成有效 SQL。
[2026-06-16 00:30:01] ℹ 備份檔案完成
[2026-06-16 01:00:01] 開始轉換時間範圍: 2026-06-16 00:00:00 到 2026-06-16 00:59:59
[2026-06-16 01:00:01] ℹ su_web 該時段內無資料變動，未生成有效 SQL。
[2026-06-16 01:00:01] ℹ sm_m2 該時段內無資料變動，未生成有效 SQL。
[2026-06-16 01:00:01] ℹ 備份檔案完成
[2026-06-16 01:30:01] 開始轉換時間範圍: 2026-06-16 00:00:00 到 2026-06-16 00:59:59
[2026-06-16 01:30:01] ℹ su_web 該時段內無資料變動，未生成有效 SQL。
[2026-06-16 01:30:01] ℹ sm_m2 該時段內無資料變動，未生成有效 SQL。
[2026-06-16 01:30:01] ℹ 備份檔案完成
[2026-06-16 02:00:01] 開始轉換時間範圍: 2026-06-16 01:00:00 到 2026-06-16 01:59:59
[2026-06-16 02:00:01] ℹ su_web 該時段內無資料變動，未生成有效 SQL。
[2026-06-16 02:00:01] ℹ sm_m2 該時段內無資料變動，未生成有效 SQL。
[2026-06-16 02:00:01] ℹ 備份檔案完成
[2026-06-16 02:30:01] 開始轉換時間範圍: 2026-06-16 01:00:00 到 2026-06-16 01:59:59
[2026-06-16 02:30:01] ℹ su_web 該時段內無資料變動，未生成有效 SQL。
[2026-06-16 02:30:01] ℹ sm_m2 該時段內無資料變動，未生成有效 SQL。
[2026-06-16 02:30:01] ℹ 備份檔案完成
[2026-06-16 03:00:01] 開始轉換時間範圍: 2026-06-16 02:00:00 到 2026-06-16 02:59:59
[2026-06-16 03:00:02] ℹ su_web 該時段內無資料變動，未生成有效 SQL。
[2026-06-16 03:00:02] ℹ sm_m2 該時段內無資料變動，未生成有效 SQL。
[2026-06-16 03:00:02] ℹ 備份檔案完成
[2026-06-16 03:30:01] 開始轉換時間範圍: 2026-06-16 02:00:00 到 2026-06-16 02:59:59
[2026-06-16 03:30:01] ℹ su_web 該時段內無資料變動，未生成有效 SQL。
[2026-06-16 03:30:01] ℹ sm_m2 該時段內無資料變動，未生成有效 SQL。
[2026-06-16 03:30:01] ℹ 備份檔案完成
[2026-06-16 04:00:01] 開始轉換時間範圍: 2026-06-16 03:00:00 到 2026-06-16 03:59:59
[2026-06-16 04:00:01] ℹ su_web 該時段內無資料變動，未生成有效 SQL。
[2026-06-16 04:00:01] ℹ sm_m2 該時段內無資料變動，未生成有效 SQL。
[2026-06-16 04:00:01] ℹ 備份檔案完成
[2026-06-16 04:30:01] 開始轉換時間範圍: 2026-06-16 03:00:00 到 2026-06-16 03:59:59
[2026-06-16 04:30:01] ℹ su_web 該時段內無資料變動，未生成有效 SQL。
[2026-06-16 04:30:01] ℹ sm_m2 該時段內無資料變動，未生成有效 SQL。
[2026-06-16 04:30:01] ℹ 備份檔案完成
[2026-06-16 05:00:01] 開始轉換時間範圍: 2026-06-16 04:00:00 到 2026-06-16 04:59:59
[2026-06-16 05:00:01] ℹ su_web 該時段內無資料變動，未生成有效 SQL。
[2026-06-16 05:00:01] ℹ sm_m2 該時段內無資料變動，未生成有效 SQL。
[2026-06-16 05:00:01] ℹ 備份檔案完成
[2026-06-16 05:30:01] 開始轉換時間範圍: 2026-06-16 04:00:00 到 2026-06-16 04:59:59
[2026-06-16 05:30:02] ℹ su_web 該時段內無資料變動，未生成有效 SQL。
[2026-06-16 05:30:02] ℹ sm_m2 該時段內無資料變動，未生成有效 SQL。
[2026-06-16 05:30:02] ℹ 備份檔案完成
[2026-06-16 06:00:01] 開始轉換時間範圍: 2026-06-16 05:00:00 到 2026-06-16 05:59:59
[2026-06-16 06:00:01] ℹ su_web 該時段內無資料變動，未生成有效 SQL。
[2026-06-16 06:00:01] ℹ sm_m2 該時段內無資料變動，未生成有效 SQL。
[2026-06-16 06:00:01] ℹ 備份檔案完成
[2026-06-16 06:30:01] 開始轉換時間範圍: 2026-06-16 05:00:00 到 2026-06-16 05:59:59
[2026-06-16 06:30:01] ℹ su_web 該時段內無資料變動，未生成有效 SQL。
[2026-06-16 06:30:01] ℹ sm_m2 該時段內無資料變動，未生成有效 SQL。
[2026-06-16 06:30:01] ℹ 備份檔案完成
[2026-06-16 07:00:01] 開始轉換時間範圍: 2026-06-16 06:00:00 到 2026-06-16 06:59:59
[2026-06-16 07:00:01] ℹ su_web 該時段內無資料變動，未生成有效 SQL。
[2026-06-16 07:00:01] ℹ sm_m2 該時段內無資料變動，未生成有效 SQL。
[2026-06-16 07:00:01] ℹ 備份檔案完成
[2026-06-16 07:30:01] 開始轉換時間範圍: 2026-06-16 06:00:00 到 2026-06-16 06:59:59
[2026-06-16 07:30:01] ℹ su_web 該時段內無資料變動，未生成有效 SQL。
[2026-06-16 07:30:01] ℹ sm_m2 該時段內無資料變動，未生成有效 SQL。
[2026-06-16 07:30:01] ℹ 備份檔案完成
[2026-06-16 08:00:01] 開始轉換時間範圍: 2026-06-16 07:00:00 到 2026-06-16 07:59:59
[2026-06-16 08:00:01] ℹ su_web 該時段內無資料變動，未生成有效 SQL。
[2026-06-16 08:00:01] ℹ sm_m2 該時段內無資料變動，未生成有效 SQL。
[2026-06-16 08:00:01] ℹ 備份檔案完成
[2026-06-16 08:30:01] 開始轉換時間範圍: 2026-06-16 07:00:00 到 2026-06-16 07:59:59
[2026-06-16 08:30:01] ℹ su_web 該時段內無資料變動，未生成有效 SQL。
[2026-06-16 08:30:01] ℹ sm_m2 該時段內無資料變動，未生成有效 SQL。
[2026-06-16 08:30:01] ℹ 備份檔案完成
[2026-06-16 09:00:01] 開始轉換時間範圍: 2026-06-16 08:00:00 到 2026-06-16 08:59:59
[2026-06-16 09:00:01] ℹ su_web 該時段內無資料變動，未生成有效 SQL。
[2026-06-16 09:00:01] ℹ sm_m2 該時段內無資料變動，未生成有效 SQL。
[2026-06-16 09:00:01] ℹ 備份檔案完成
[2026-06-16 09:30:01] 開始轉換時間範圍: 2026-06-16 08:00:00 到 2026-06-16 08:59:59
[2026-06-16 09:30:01] ℹ su_web 該時段內無資料變動，未生成有效 SQL。
[2026-06-16 09:30:01] ℹ sm_m2 該時段內無資料變動，未生成有效 SQL。
[2026-06-16 09:30:01] ℹ 備份檔案完成
[2026-06-16 10:00:01] 開始轉換時間範圍: 2026-06-16 09:00:00 到 2026-06-16 09:59:59
[2026-06-16 10:00:01] ℹ su_web 該時段內無資料變動，未生成有效 SQL。
[2026-06-16 10:00:01] ℹ sm_m2 該時段內無資料變動，未生成有效 SQL。
[2026-06-16 10:00:01] ℹ 備份檔案完成
[2026-06-16 10:30:01] 開始轉換時間範圍: 2026-06-16 09:00:00 到 2026-06-16 09:59:59
[2026-06-16 10:30:01] ℹ su_web 該時段內無資料變動，未生成有效 SQL。
[2026-06-16 10:30:01] ℹ sm_m2 該時段內無資料變動，未生成有效 SQL。
[2026-06-16 10:30:01] ℹ 備份檔案完成
[2026-06-16 11:00:01] 開始轉換時間範圍: 2026-06-16 10:00:00 到 2026-06-16 10:59:59
[2026-06-16 11:00:01] ℹ su_web 該時段內無資料變動，未生成有效 SQL。
[2026-06-16 11:00:01] ℹ sm_m2 該時段內無資料變動，未生成有效 SQL。
[2026-06-16 11:00:01] ℹ 備份檔案完成
[2026-06-16 11:30:01] 開始轉換時間範圍: 2026-06-16 10:00:00 到 2026-06-16 10:59:59
[2026-06-16 11:30:01] ℹ su_web 該時段內無資料變動，未生成有效 SQL。
[2026-06-16 11:30:01] ℹ sm_m2 該時段內無資料變動，未生成有效 SQL。
[2026-06-16 11:30:01] ℹ 備份檔案完成
[2026-06-16 12:00:02] 開始轉換時間範圍: 2026-06-16 11:00:00 到 2026-06-16 11:59:59
[2026-06-16 12:00:02] ✓ su_web 完成: /mnt/web/www/hksu/.db/files/2026/06/16/20260616_11_Backup_su_web.sql.zip
[2026-06-16 12:00:02] ℹ sm_m2 該時段內無資料變動，未生成有效 SQL。
[2026-06-16 12:00:02] ℹ 備份檔案，提交 Git 。
[2026-06-16 12:00:03] ℹ 備份檔案，add . 完成。
[2026-06-16 12:00:03] ℹ 備份檔案，commit -m backup 20260616_11 完成。
[2026-06-16 12:00:03] ℹ 備份檔案，開始 push。
[2026-06-16 12:00:04] ℹ 備份檔案完成
[2026-06-16 12:30:01] 開始轉換時間範圍: 2026-06-16 11:00:00 到 2026-06-16 11:59:59
[2026-06-16 12:30:01] ✓ su_web 完成: /mnt/web/www/hksu/.db/files/2026/06/16/20260616_11_Backup_su_web.sql.zip
[2026-06-16 12:30:01] ℹ sm_m2 該時段內無資料變動，未生成有效 SQL。
[2026-06-16 12:30:01] ℹ 備份檔案，提交 Git 。
[2026-06-16 12:30:02] ℹ 備份檔案，add . 完成。
[2026-06-16 12:30:02] ℹ 備份檔案，commit -m backup 20260616_11 完成。
[2026-06-16 12:30:02] ℹ 備份檔案，開始 push。
[2026-06-16 12:30:03] ℹ 備份檔案完成
[2026-06-16 13:00:01] 開始轉換時間範圍: 2026-06-16 12:00:00 到 2026-06-16 12:59:59
[2026-06-16 13:00:01] ℹ su_web 該時段內無資料變動，未生成有效 SQL。
[2026-06-16 13:00:01] ℹ sm_m2 該時段內無資料變動，未生成有效 SQL。
[2026-06-16 13:00:02] ℹ 備份檔案完成
[2026-06-16 13:30:01] 開始轉換時間範圍: 2026-06-16 12:00:00 到 2026-06-16 12:59:59
[2026-06-16 13:30:01] ℹ su_web 該時段內無資料變動，未生成有效 SQL。
[2026-06-16 13:30:01] ℹ sm_m2 該時段內無資料變動，未生成有效 SQL。
[2026-06-16 13:30:01] ℹ 備份檔案完成
[2026-06-16 14:00:01] 開始轉換時間範圍: 2026-06-16 13:00:00 到 2026-06-16 13:59:59
[2026-06-16 14:00:01] ℹ su_web 該時段內無資料變動，未生成有效 SQL。
[2026-06-16 14:00:01] ℹ sm_m2 該時段內無資料變動，未生成有效 SQL。
[2026-06-16 14:00:01] ℹ 備份檔案完成
[2026-06-16 14:30:01] 開始轉換時間範圍: 2026-06-16 13:00:00 到 2026-06-16 13:59:59
[2026-06-16 14:30:01] ℹ su_web 該時段內無資料變動，未生成有效 SQL。
[2026-06-16 14:30:01] ℹ sm_m2 該時段內無資料變動，未生成有效 SQL。
[2026-06-16 14:30:01] ℹ 備份檔案完成
[2026-06-16 15:00:01] 開始轉換時間範圍: 2026-06-16 14:00:00 到 2026-06-16 14:59:59
[2026-06-16 15:00:01] ℹ su_web 該時段內無資料變動，未生成有效 SQL。
[2026-06-16 15:00:01] ℹ sm_m2 該時段內無資料變動，未生成有效 SQL。
[2026-06-16 15:00:01] ℹ 備份檔案完成
[2026-06-16 15:30:01] 開始轉換時間範圍: 2026-06-16 14:00:00 到 2026-06-16 14:59:59
[2026-06-16 15:30:01] ℹ su_web 該時段內無資料變動，未生成有效 SQL。
[2026-06-16 15:30:01] ℹ sm_m2 該時段內無資料變動，未生成有效 SQL。
[2026-06-16 15:30:01] ℹ 備份檔案完成
[2026-06-16 16:00:01] 開始轉換時間範圍: 2026-06-16 15:00:00 到 2026-06-16 15:59:59
[2026-06-16 16:00:01] ℹ su_web 該時段內無資料變動，未生成有效 SQL。
[2026-06-16 16:00:01] ℹ sm_m2 該時段內無資料變動，未生成有效 SQL。
[2026-06-16 16:00:01] ℹ 備份檔案完成
[2026-06-16 16:30:02] 開始轉換時間範圍: 2026-06-16 15:00:00 到 2026-06-16 15:59:59
[2026-06-16 16:30:02] ℹ su_web 該時段內無資料變動，未生成有效 SQL。
[2026-06-16 16:30:02] ℹ sm_m2 該時段內無資料變動，未生成有效 SQL。
[2026-06-16 16:30:02] ℹ 備份檔案完成
[2026-06-16 17:00:01] 開始轉換時間範圍: 2026-06-16 16:00:00 到 2026-06-16 16:59:59
[2026-06-16 17:00:01] ℹ su_web 該時段內無資料變動，未生成有效 SQL。
[2026-06-16 17:00:01] ℹ sm_m2 該時段內無資料變動，未生成有效 SQL。
[2026-06-16 17:00:01] ℹ 備份檔案完成
[2026-06-16 17:30:01] 開始轉換時間範圍: 2026-06-16 16:00:00 到 2026-06-16 16:59:59
[2026-06-16 17:30:01] ℹ su_web 該時段內無資料變動，未生成有效 SQL。
[2026-06-16 17:30:01] ℹ sm_m2 該時段內無資料變動，未生成有效 SQL。
[2026-06-16 17:30:01] ℹ 備份檔案完成
[2026-06-16 18:00:01] 開始轉換時間範圍: 2026-06-16 17:00:00 到 2026-06-16 17:59:59
[2026-06-16 18:00:01] ℹ su_web 該時段內無資料變動，未生成有效 SQL。
[2026-06-16 18:00:01] ℹ sm_m2 該時段內無資料變動，未生成有效 SQL。
[2026-06-16 18:00:01] ℹ 備份檔案完成
[2026-06-16 18:30:01] 開始轉換時間範圍: 2026-06-16 17:00:00 到 2026-06-16 17:59:59
[2026-06-16 18:30:01] ℹ su_web 該時段內無資料變動，未生成有效 SQL。
[2026-06-16 18:30:01] ℹ sm_m2 該時段內無資料變動，未生成有效 SQL。
[2026-06-16 18:30:01] ℹ 備份檔案完成
[2026-06-16 19:00:01] 開始轉換時間範圍: 2026-06-16 18:00:00 到 2026-06-16 18:59:59
[2026-06-16 19:00:01] ℹ su_web 該時段內無資料變動，未生成有效 SQL。
[2026-06-16 19:00:02] ℹ sm_m2 該時段內無資料變動，未生成有效 SQL。
[2026-06-16 19:00:02] ℹ 備份檔案完成
[2026-06-16 19:30:01] 開始轉換時間範圍: 2026-06-16 18:00:00 到 2026-06-16 18:59:59
[2026-06-16 19:30:01] ℹ su_web 該時段內無資料變動，未生成有效 SQL。
[2026-06-16 19:30:01] ℹ sm_m2 該時段內無資料變動，未生成有效 SQL。
[2026-06-16 19:30:01] ℹ 備份檔案完成
[2026-06-16 20:00:02] 開始轉換時間範圍: 2026-06-16 19:00:00 到 2026-06-16 19:59:59
[2026-06-16 20:00:02] ℹ su_web 該時段內無資料變動，未生成有效 SQL。
[2026-06-16 20:00:02] ℹ sm_m2 該時段內無資料變動，未生成有效 SQL。
[2026-06-16 20:00:02] ℹ 備份檔案完成
[2026-06-16 20:30:01] 開始轉換時間範圍: 2026-06-16 19:00:00 到 2026-06-16 19:59:59
[2026-06-16 20:30:01] ℹ su_web 該時段內無資料變動，未生成有效 SQL。
[2026-06-16 20:30:01] ℹ sm_m2 該時段內無資料變動，未生成有效 SQL。
[2026-06-16 20:30:01] ℹ 備份檔案完成
[2026-06-16 21:00:01] 開始轉換時間範圍: 2026-06-16 20:00:00 到 2026-06-16 20:59:59
[2026-06-16 21:00:01] ℹ su_web 該時段內無資料變動，未生成有效 SQL。
[2026-06-16 21:00:01] ℹ sm_m2 該時段內無資料變動，未生成有效 SQL。
[2026-06-16 21:00:01] ℹ 備份檔案完成
[2026-06-16 21:30:01] 開始轉換時間範圍: 2026-06-16 20:00:00 到 2026-06-16 20:59:59
[2026-06-16 21:30:01] ℹ su_web 該時段內無資料變動，未生成有效 SQL。
[2026-06-16 21:30:01] ℹ sm_m2 該時段內無資料變動，未生成有效 SQL。
[2026-06-16 21:30:01] ℹ 備份檔案完成
[2026-06-16 22:00:01] 開始轉換時間範圍: 2026-06-16 21:00:00 到 2026-06-16 21:59:59
[2026-06-16 22:00:01] ℹ su_web 該時段內無資料變動，未生成有效 SQL。
[2026-06-16 22:00:01] ℹ sm_m2 該時段內無資料變動，未生成有效 SQL。
[2026-06-16 22:00:01] ℹ 備份檔案完成
[2026-06-16 22:30:01] 開始轉換時間範圍: 2026-06-16 21:00:00 到 2026-06-16 21:59:59
[2026-06-16 22:30:01] ℹ su_web 該時段內無資料變動，未生成有效 SQL。
[2026-06-16 22:30:01] ℹ sm_m2 該時段內無資料變動，未生成有效 SQL。
[2026-06-16 22:30:01] ℹ 備份檔案完成
[2026-06-16 23:00:01] 開始轉換時間範圍: 2026-06-16 22:00:00 到 2026-06-16 22:59:59
[2026-06-16 23:00:01] ℹ su_web 該時段內無資料變動，未生成有效 SQL。
[2026-06-16 23:00:01] ℹ sm_m2 該時段內無資料變動，未生成有效 SQL。
[2026-06-16 23:00:02] ℹ 備份檔案完成
[2026-06-16 23:30:01] 開始轉換時間範圍: 2026-06-16 22:00:00 到 2026-06-16 22:59:59
[2026-06-16 23:30:01] ℹ su_web 該時段內無資料變動，未生成有效 SQL。
[2026-06-16 23:30:02] ℹ sm_m2 該時段內無資料變動，未生成有效 SQL。
[2026-06-16 23:30:02] ℹ 備份檔案完成
[2026-06-17 00:00:01] 開始轉換時間範圍: 2026-06-16 23:00:00 到 2026-06-16 23:59:59
[2026-06-17 00:00:01] ℹ su_web 該時段內無資料變動，未生成有效 SQL。
[2026-06-17 00:00:01] ℹ sm_m2 該時段內無資料變動，未生成有效 SQL。
[2026-06-17 00:00:01] ℹ 備份檔案完成
[2026-06-17 00:30:02] 開始轉換時間範圍: 2026-06-16 23:00:00 到 2026-06-16 23:59:59
[2026-06-17 00:30:02] ℹ su_web 該時段內無資料變動，未生成有效 SQL。
[2026-06-17 00:30:02] ℹ sm_m2 該時段內無資料變動，未生成有效 SQL。
[2026-06-17 00:30:02] ℹ 備份檔案完成
[2026-06-17 01:00:01] 開始轉換時間範圍: 2026-06-17 00:00:00 到 2026-06-17 00:59:59
[2026-06-17 01:00:01] ℹ su_web 該時段內無資料變動，未生成有效 SQL。
[2026-06-17 01:00:01] ℹ sm_m2 該時段內無資料變動，未生成有效 SQL。
[2026-06-17 01:00:02] ℹ 備份檔案完成
[2026-06-17 01:30:01] 開始轉換時間範圍: 2026-06-17 00:00:00 到 2026-06-17 00:59:59
[2026-06-17 01:30:02] ℹ su_web 該時段內無資料變動，未生成有效 SQL。
[2026-06-17 01:30:02] ℹ sm_m2 該時段內無資料變動，未生成有效 SQL。
[2026-06-17 01:30:02] ℹ 備份檔案完成
[2026-06-17 02:00:01] 開始轉換時間範圍: 2026-06-17 01:00:00 到 2026-06-17 01:59:59
[2026-06-17 02:00:01] ℹ su_web 該時段內無資料變動，未生成有效 SQL。
[2026-06-17 02:00:01] ℹ sm_m2 該時段內無資料變動，未生成有效 SQL。
[2026-06-17 02:00:01] ℹ 備份檔案完成
[2026-06-17 02:30:01] 開始轉換時間範圍: 2026-06-17 01:00:00 到 2026-06-17 01:59:59
[2026-06-17 02:30:01] ℹ su_web 該時段內無資料變動，未生成有效 SQL。
[2026-06-17 02:30:01] ℹ sm_m2 該時段內無資料變動，未生成有效 SQL。
[2026-06-17 02:30:01] ℹ 備份檔案完成
[2026-06-17 03:00:01] 開始轉換時間範圍: 2026-06-17 02:00:00 到 2026-06-17 02:59:59
[2026-06-17 03:00:01] ℹ su_web 該時段內無資料變動，未生成有效 SQL。
[2026-06-17 03:00:01] ℹ sm_m2 該時段內無資料變動，未生成有效 SQL。
[2026-06-17 03:00:01] ℹ 備份檔案完成
[2026-06-17 03:30:02] 開始轉換時間範圍: 2026-06-17 02:00:00 到 2026-06-17 02:59:59
[2026-06-17 03:30:02] ℹ su_web 該時段內無資料變動，未生成有效 SQL。
[2026-06-17 03:30:02] ℹ sm_m2 該時段內無資料變動，未生成有效 SQL。
[2026-06-17 03:30:02] ℹ 備份檔案完成
[2026-06-17 04:00:01] 開始轉換時間範圍: 2026-06-17 03:00:00 到 2026-06-17 03:59:59
[2026-06-17 04:00:01] ℹ su_web 該時段內無資料變動，未生成有效 SQL。
[2026-06-17 04:00:01] ℹ sm_m2 該時段內無資料變動，未生成有效 SQL。
[2026-06-17 04:00:02] ℹ 備份檔案完成
[2026-06-17 04:30:01] 開始轉換時間範圍: 2026-06-17 03:00:00 到 2026-06-17 03:59:59
[2026-06-17 04:30:01] ℹ su_web 該時段內無資料變動，未生成有效 SQL。
[2026-06-17 04:30:01] ℹ sm_m2 該時段內無資料變動，未生成有效 SQL。
[2026-06-17 04:30:01] ℹ 備份檔案完成
[2026-06-17 05:00:02] 開始轉換時間範圍: 2026-06-17 04:00:00 到 2026-06-17 04:59:59
[2026-06-17 05:00:02] ℹ su_web 該時段內無資料變動，未生成有效 SQL。
[2026-06-17 05:00:02] ℹ sm_m2 該時段內無資料變動，未生成有效 SQL。
[2026-06-17 05:00:02] ℹ 備份檔案完成
[2026-06-17 05:30:01] 開始轉換時間範圍: 2026-06-17 04:00:00 到 2026-06-17 04:59:59
[2026-06-17 05:30:01] ℹ su_web 該時段內無資料變動，未生成有效 SQL。
[2026-06-17 05:30:01] ℹ sm_m2 該時段內無資料變動，未生成有效 SQL。
[2026-06-17 05:30:01] ℹ 備份檔案完成
[2026-06-17 06:00:01] 開始轉換時間範圍: 2026-06-17 05:00:00 到 2026-06-17 05:59:59
[2026-06-17 06:00:01] ℹ su_web 該時段內無資料變動，未生成有效 SQL。
[2026-06-17 06:00:01] ℹ sm_m2 該時段內無資料變動，未生成有效 SQL。
[2026-06-17 06:00:01] ℹ 備份檔案完成
[2026-06-17 06:30:01] 開始轉換時間範圍: 2026-06-17 05:00:00 到 2026-06-17 05:59:59
[2026-06-17 06:30:02] ℹ su_web 該時段內無資料變動，未生成有效 SQL。
[2026-06-17 06:30:02] ℹ sm_m2 該時段內無資料變動，未生成有效 SQL。
[2026-06-17 06:30:02] ℹ 備份檔案完成
[2026-06-17 07:00:01] 開始轉換時間範圍: 2026-06-17 06:00:00 到 2026-06-17 06:59:59
[2026-06-17 07:00:01] ℹ su_web 該時段內無資料變動，未生成有效 SQL。
[2026-06-17 07:00:01] ℹ sm_m2 該時段內無資料變動，未生成有效 SQL。
[2026-06-17 07:00:01] ℹ 備份檔案完成
[2026-06-17 07:30:01] 開始轉換時間範圍: 2026-06-17 06:00:00 到 2026-06-17 06:59:59
[2026-06-17 07:30:02] ℹ su_web 該時段內無資料變動，未生成有效 SQL。
[2026-06-17 07:30:02] ℹ sm_m2 該時段內無資料變動，未生成有效 SQL。
[2026-06-17 07:30:02] ℹ 備份檔案完成
[2026-06-17 08:00:01] 開始轉換時間範圍: 2026-06-17 07:00:00 到 2026-06-17 07:59:59
[2026-06-17 08:00:01] ℹ su_web 該時段內無資料變動，未生成有效 SQL。
[2026-06-17 08:00:01] ℹ sm_m2 該時段內無資料變動，未生成有效 SQL。
[2026-06-17 08:00:01] ℹ 備份檔案完成
[2026-06-17 08:30:01] 開始轉換時間範圍: 2026-06-17 07:00:00 到 2026-06-17 07:59:59
[2026-06-17 08:30:01] ℹ su_web 該時段內無資料變動，未生成有效 SQL。
[2026-06-17 08:30:01] ℹ sm_m2 該時段內無資料變動，未生成有效 SQL。
[2026-06-17 08:30:01] ℹ 備份檔案完成
[2026-06-17 09:00:01] 開始轉換時間範圍: 2026-06-17 08:00:00 到 2026-06-17 08:59:59
[2026-06-17 09:00:01] ℹ su_web 該時段內無資料變動，未生成有效 SQL。
[2026-06-17 09:00:01] ℹ sm_m2 該時段內無資料變動，未生成有效 SQL。
[2026-06-17 09:00:01] ℹ 備份檔案完成
[2026-06-17 09:30:01] 開始轉換時間範圍: 2026-06-17 08:00:00 到 2026-06-17 08:59:59
[2026-06-17 09:30:02] ℹ su_web 該時段內無資料變動，未生成有效 SQL。
[2026-06-17 09:30:02] ℹ sm_m2 該時段內無資料變動，未生成有效 SQL。
[2026-06-17 09:30:02] ℹ 備份檔案完成
[2026-06-17 10:00:01] 開始轉換時間範圍: 2026-06-17 09:00:00 到 2026-06-17 09:59:59
[2026-06-17 10:00:01] ℹ su_web 該時段內無資料變動，未生成有效 SQL。
[2026-06-17 10:00:01] ℹ sm_m2 該時段內無資料變動，未生成有效 SQL。
[2026-06-17 10:00:01] ℹ 備份檔案完成
[2026-06-17 10:30:01] 開始轉換時間範圍: 2026-06-17 09:00:00 到 2026-06-17 09:59:59
[2026-06-17 10:30:01] ℹ su_web 該時段內無資料變動，未生成有效 SQL。
[2026-06-17 10:30:01] ℹ sm_m2 該時段內無資料變動，未生成有效 SQL。
[2026-06-17 10:30:01] ℹ 備份檔案完成
[2026-06-17 11:00:02] 開始轉換時間範圍: 2026-06-17 10:00:00 到 2026-06-17 10:59:59
[2026-06-17 11:00:02] ℹ su_web 該時段內無資料變動，未生成有效 SQL。
[2026-06-17 11:00:02] ℹ sm_m2 該時段內無資料變動，未生成有效 SQL。
[2026-06-17 11:00:02] ℹ 備份檔案完成
[2026-06-17 11:30:01] 開始轉換時間範圍: 2026-06-17 10:00:00 到 2026-06-17 10:59:59
[2026-06-17 11:30:01] ℹ su_web 該時段內無資料變動，未生成有效 SQL。
[2026-06-17 11:30:01] ℹ sm_m2 該時段內無資料變動，未生成有效 SQL。
[2026-06-17 11:30:02] ℹ 備份檔案完成
[2026-06-17 12:00:01] 開始轉換時間範圍: 2026-06-17 11:00:00 到 2026-06-17 11:59:59
[2026-06-17 12:00:01] ℹ su_web 該時段內無資料變動，未生成有效 SQL。
[2026-06-17 12:00:01] ℹ sm_m2 該時段內無資料變動，未生成有效 SQL。
[2026-06-17 12:00:01] ℹ 備份檔案完成
[2026-06-17 12:30:01] 開始轉換時間範圍: 2026-06-17 11:00:00 到 2026-06-17 11:59:59
[2026-06-17 12:30:01] ℹ su_web 該時段內無資料變動，未生成有效 SQL。
[2026-06-17 12:30:01] ℹ sm_m2 該時段內無資料變動，未生成有效 SQL。
[2026-06-17 12:30:01] ℹ 備份檔案完成
[2026-06-17 13:00:02] 開始轉換時間範圍: 2026-06-17 12:00:00 到 2026-06-17 12:59:59
[2026-06-17 13:00:02] ℹ su_web 該時段內無資料變動，未生成有效 SQL。
[2026-06-17 13:00:02] ℹ sm_m2 該時段內無資料變動，未生成有效 SQL。
[2026-06-17 13:00:02] ℹ 備份檔案完成
[2026-06-17 13:30:01] 開始轉換時間範圍: 2026-06-17 12:00:00 到 2026-06-17 12:59:59
[2026-06-17 13:30:01] ℹ su_web 該時段內無資料變動，未生成有效 SQL。
[2026-06-17 13:30:01] ℹ sm_m2 該時段內無資料變動，未生成有效 SQL。
[2026-06-17 13:30:01] ℹ 備份檔案完成
[2026-06-17 14:00:01] 開始轉換時間範圍: 2026-06-17 13:00:00 到 2026-06-17 13:59:59
[2026-06-17 14:00:01] ℹ su_web 該時段內無資料變動，未生成有效 SQL。
[2026-06-17 14:00:01] ℹ sm_m2 該時段內無資料變動，未生成有效 SQL。
[2026-06-17 14:00:01] ℹ 備份檔案完成
[2026-06-17 14:30:02] 開始轉換時間範圍: 2026-06-17 13:00:00 到 2026-06-17 13:59:59
[2026-06-17 14:30:02] ℹ su_web 該時段內無資料變動，未生成有效 SQL。
[2026-06-17 14:30:02] ℹ sm_m2 該時段內無資料變動，未生成有效 SQL。
[2026-06-17 14:30:02] ℹ 備份檔案完成
[2026-06-17 15:00:01] 開始轉換時間範圍: 2026-06-17 14:00:00 到 2026-06-17 14:59:59
[2026-06-17 15:00:01] ℹ su_web 該時段內無資料變動，未生成有效 SQL。
[2026-06-17 15:00:01] ℹ sm_m2 該時段內無資料變動，未生成有效 SQL。
[2026-06-17 15:00:01] ℹ 備份檔案完成
[2026-06-17 15:30:02] 開始轉換時間範圍: 2026-06-17 14:00:00 到 2026-06-17 14:59:59
[2026-06-17 15:30:02] ℹ su_web 該時段內無資料變動，未生成有效 SQL。
[2026-06-17 15:30:02] ℹ sm_m2 該時段內無資料變動，未生成有效 SQL。
[2026-06-17 15:30:02] ℹ 備份檔案完成
[2026-06-17 16:00:02] 開始轉換時間範圍: 2026-06-17 15:00:00 到 2026-06-17 15:59:59
[2026-06-17 16:00:02] ℹ su_web 該時段內無資料變動，未生成有效 SQL。
[2026-06-17 16:00:02] ℹ sm_m2 該時段內無資料變動，未生成有效 SQL。
[2026-06-17 16:00:02] ℹ 備份檔案完成
[2026-06-17 16:30:01] 開始轉換時間範圍: 2026-06-17 15:00:00 到 2026-06-17 15:59:59
[2026-06-17 16:30:01] ℹ su_web 該時段內無資料變動，未生成有效 SQL。
[2026-06-17 16:30:01] ℹ sm_m2 該時段內無資料變動，未生成有效 SQL。
[2026-06-17 16:30:02] ℹ 備份檔案完成
[2026-06-17 17:00:01] 開始轉換時間範圍: 2026-06-17 16:00:00 到 2026-06-17 16:59:59
[2026-06-17 17:00:01] ℹ su_web 該時段內無資料變動，未生成有效 SQL。
[2026-06-17 17:00:01] ℹ sm_m2 該時段內無資料變動，未生成有效 SQL。
[2026-06-17 17:00:01] ℹ 備份檔案完成
[2026-06-17 17:30:01] 開始轉換時間範圍: 2026-06-17 16:00:00 到 2026-06-17 16:59:59
[2026-06-17 17:30:01] ℹ su_web 該時段內無資料變動，未生成有效 SQL。
[2026-06-17 17:30:01] ℹ sm_m2 該時段內無資料變動，未生成有效 SQL。
[2026-06-17 17:30:01] ℹ 備份檔案完成
[2026-06-17 18:00:01] 開始轉換時間範圍: 2026-06-17 17:00:00 到 2026-06-17 17:59:59
[2026-06-17 18:00:01] ℹ su_web 該時段內無資料變動，未生成有效 SQL。
[2026-06-17 18:00:01] ℹ sm_m2 該時段內無資料變動，未生成有效 SQL。
[2026-06-17 18:00:01] ℹ 備份檔案完成
[2026-06-17 18:30:01] 開始轉換時間範圍: 2026-06-17 17:00:00 到 2026-06-17 17:59:59
[2026-06-17 18:30:01] ℹ su_web 該時段內無資料變動，未生成有效 SQL。
[2026-06-17 18:30:01] ℹ sm_m2 該時段內無資料變動，未生成有效 SQL。
[2026-06-17 18:30:02] ℹ 備份檔案完成
[2026-06-17 19:00:01] 開始轉換時間範圍: 2026-06-17 18:00:00 到 2026-06-17 18:59:59
[2026-06-17 19:00:01] ℹ su_web 該時段內無資料變動，未生成有效 SQL。
[2026-06-17 19:00:01] ℹ sm_m2 該時段內無資料變動，未生成有效 SQL。
[2026-06-17 19:00:01] ℹ 備份檔案完成
[2026-06-17 19:30:01] 開始轉換時間範圍: 2026-06-17 18:00:00 到 2026-06-17 18:59:59
[2026-06-17 19:30:01] ℹ su_web 該時段內無資料變動，未生成有效 SQL。
[2026-06-17 19:30:01] ℹ sm_m2 該時段內無資料變動，未生成有效 SQL。
[2026-06-17 19:30:01] ℹ 備份檔案完成
[2026-06-17 20:00:01] 開始轉換時間範圍: 2026-06-17 19:00:00 到 2026-06-17 19:59:59
[2026-06-17 20:00:02] ℹ su_web 該時段內無資料變動，未生成有效 SQL。
[2026-06-17 20:00:02] ℹ sm_m2 該時段內無資料變動，未生成有效 SQL。
[2026-06-17 20:00:02] ℹ 備份檔案完成
[2026-06-17 20:30:01] 開始轉換時間範圍: 2026-06-17 19:00:00 到 2026-06-17 19:59:59
[2026-06-17 20:30:01] ℹ su_web 該時段內無資料變動，未生成有效 SQL。
[2026-06-17 20:30:01] ℹ sm_m2 該時段內無資料變動，未生成有效 SQL。
[2026-06-17 20:30:01] ℹ 備份檔案完成
[2026-06-17 21:00:01] 開始轉換時間範圍: 2026-06-17 20:00:00 到 2026-06-17 20:59:59
[2026-06-17 21:00:01] ℹ su_web 該時段內無資料變動，未生成有效 SQL。
[2026-06-17 21:00:01] ℹ sm_m2 該時段內無資料變動，未生成有效 SQL。
[2026-06-17 21:00:01] ℹ 備份檔案完成
[2026-06-17 21:30:01] 開始轉換時間範圍: 2026-06-17 20:00:00 到 2026-06-17 20:59:59
[2026-06-17 21:30:02] ℹ su_web 該時段內無資料變動，未生成有效 SQL。
[2026-06-17 21:30:02] ℹ sm_m2 該時段內無資料變動，未生成有效 SQL。
[2026-06-17 21:30:02] ℹ 備份檔案完成
[2026-06-17 22:00:01] 開始轉換時間範圍: 2026-06-17 21:00:00 到 2026-06-17 21:59:59
[2026-06-17 22:00:01] ℹ su_web 該時段內無資料變動，未生成有效 SQL。
[2026-06-17 22:00:01] ℹ sm_m2 該時段內無資料變動，未生成有效 SQL。
[2026-06-17 22:00:01] ℹ 備份檔案完成
[2026-06-17 22:30:01] 開始轉換時間範圍: 2026-06-17 21:00:00 到 2026-06-17 21:59:59
[2026-06-17 22:30:01] ℹ su_web 該時段內無資料變動，未生成有效 SQL。
[2026-06-17 22:30:01] ℹ sm_m2 該時段內無資料變動，未生成有效 SQL。
[2026-06-17 22:30:02] ℹ 備份檔案完成
[2026-06-17 23:00:01] 開始轉換時間範圍: 2026-06-17 22:00:00 到 2026-06-17 22:59:59
[2026-06-17 23:00:01] ℹ su_web 該時段內無資料變動，未生成有效 SQL。
[2026-06-17 23:00:01] ℹ sm_m2 該時段內無資料變動，未生成有效 SQL。
[2026-06-17 23:00:01] ℹ 備份檔案完成
[2026-06-17 23:30:01] 開始轉換時間範圍: 2026-06-17 22:00:00 到 2026-06-17 22:59:59
[2026-06-17 23:30:01] ℹ su_web 該時段內無資料變動，未生成有效 SQL。
[2026-06-17 23:30:01] ℹ sm_m2 該時段內無資料變動，未生成有效 SQL。
[2026-06-17 23:30:01] ℹ 備份檔案完成
[2026-06-18 00:00:01] 開始轉換時間範圍: 2026-06-17 23:00:00 到 2026-06-17 23:59:59
[2026-06-18 00:00:01] ℹ su_web 該時段內無資料變動，未生成有效 SQL。
[2026-06-18 00:00:01] ℹ sm_m2 該時段內無資料變動，未生成有效 SQL。
[2026-06-18 00:00:01] ℹ 備份檔案完成
[2026-06-18 00:30:01] 開始轉換時間範圍: 2026-06-17 23:00:00 到 2026-06-17 23:59:59
[2026-06-18 00:30:01] ℹ su_web 該時段內無資料變動，未生成有效 SQL。
[2026-06-18 00:30:01] ℹ sm_m2 該時段內無資料變動，未生成有效 SQL。
[2026-06-18 00:30:01] ℹ 備份檔案完成
[2026-06-18 01:00:01] 開始轉換時間範圍: 2026-06-18 00:00:00 到 2026-06-18 00:59:59
[2026-06-18 01:00:01] ℹ su_web 該時段內無資料變動，未生成有效 SQL。
[2026-06-18 01:00:01] ℹ sm_m2 該時段內無資料變動，未生成有效 SQL。
[2026-06-18 01:00:01] ℹ 備份檔案完成
[2026-06-18 01:30:01] 開始轉換時間範圍: 2026-06-18 00:00:00 到 2026-06-18 00:59:59
[2026-06-18 01:30:01] ℹ su_web 該時段內無資料變動，未生成有效 SQL。
[2026-06-18 01:30:01] ℹ sm_m2 該時段內無資料變動，未生成有效 SQL。
[2026-06-18 01:30:01] ℹ 備份檔案完成
[2026-06-18 02:00:01] 開始轉換時間範圍: 2026-06-18 01:00:00 到 2026-06-18 01:59:59
[2026-06-18 02:00:01] ℹ su_web 該時段內無資料變動，未生成有效 SQL。
[2026-06-18 02:00:01] ℹ sm_m2 該時段內無資料變動，未生成有效 SQL。
[2026-06-18 02:00:01] ℹ 備份檔案完成
[2026-06-18 02:30:01] 開始轉換時間範圍: 2026-06-18 01:00:00 到 2026-06-18 01:59:59
[2026-06-18 02:30:01] ℹ su_web 該時段內無資料變動，未生成有效 SQL。
[2026-06-18 02:30:01] ℹ sm_m2 該時段內無資料變動，未生成有效 SQL。
[2026-06-18 02:30:01] ℹ 備份檔案完成
[2026-06-18 03:00:01] 開始轉換時間範圍: 2026-06-18 02:00:00 到 2026-06-18 02:59:59
[2026-06-18 03:00:02] ℹ su_web 該時段內無資料變動，未生成有效 SQL。
[2026-06-18 03:00:02] ℹ sm_m2 該時段內無資料變動，未生成有效 SQL。
[2026-06-18 03:00:02] ℹ 備份檔案完成
[2026-06-18 03:30:01] 開始轉換時間範圍: 2026-06-18 02:00:00 到 2026-06-18 02:59:59
[2026-06-18 03:30:01] ℹ su_web 該時段內無資料變動，未生成有效 SQL。
[2026-06-18 03:30:01] ℹ sm_m2 該時段內無資料變動，未生成有效 SQL。
[2026-06-18 03:30:02] ℹ 備份檔案完成
[2026-06-18 04:00:01] 開始轉換時間範圍: 2026-06-18 03:00:00 到 2026-06-18 03:59:59
[2026-06-18 04:00:01] ℹ su_web 該時段內無資料變動，未生成有效 SQL。
[2026-06-18 04:00:01] ℹ sm_m2 該時段內無資料變動，未生成有效 SQL。
[2026-06-18 04:00:02] ℹ 備份檔案完成
[2026-06-18 04:30:01] 開始轉換時間範圍: 2026-06-18 03:00:00 到 2026-06-18 03:59:59
[2026-06-18 04:30:01] ℹ su_web 該時段內無資料變動，未生成有效 SQL。
[2026-06-18 04:30:01] ℹ sm_m2 該時段內無資料變動，未生成有效 SQL。
[2026-06-18 04:30:01] ℹ 備份檔案完成
[2026-06-18 05:00:01] 開始轉換時間範圍: 2026-06-18 04:00:00 到 2026-06-18 04:59:59
[2026-06-18 05:00:01] ℹ su_web 該時段內無資料變動，未生成有效 SQL。
[2026-06-18 05:00:01] ℹ sm_m2 該時段內無資料變動，未生成有效 SQL。
[2026-06-18 05:00:01] ℹ 備份檔案完成
[2026-06-18 05:30:01] 開始轉換時間範圍: 2026-06-18 04:00:00 到 2026-06-18 04:59:59
[2026-06-18 05:30:01] ℹ su_web 該時段內無資料變動，未生成有效 SQL。
[2026-06-18 05:30:01] ℹ sm_m2 該時段內無資料變動，未生成有效 SQL。
[2026-06-18 05:30:01] ℹ 備份檔案完成
[2026-06-18 06:00:01] 開始轉換時間範圍: 2026-06-18 05:00:00 到 2026-06-18 05:59:59
[2026-06-18 06:00:01] ℹ su_web 該時段內無資料變動，未生成有效 SQL。
[2026-06-18 06:00:01] ✓ sm_m2 完成: /mnt/web/www/hksu/.db/files/2026/06/18/20260618_05_Backup_sm_m2.sql.zip
[2026-06-18 06:00:02] ℹ 備份檔案，提交 Git 。
[2026-06-18 06:00:02] ℹ 備份檔案，add . 完成。
[2026-06-18 06:00:02] ℹ 備份檔案，commit -m backup 20260618_05 完成。
[2026-06-18 06:00:02] ℹ 備份檔案，開始 push。
[2026-06-18 06:00:04] ℹ 備份檔案完成
[2026-06-18 06:30:01] 開始轉換時間範圍: 2026-06-18 05:00:00 到 2026-06-18 05:59:59
[2026-06-18 06:30:01] ℹ su_web 該時段內無資料變動，未生成有效 SQL。
[2026-06-18 06:30:01] ✓ sm_m2 完成: /mnt/web/www/hksu/.db/files/2026/06/18/20260618_05_Backup_sm_m2.sql.zip
[2026-06-18 06:30:01] ℹ 備份檔案，提交 Git 。
[2026-06-18 06:30:01] ℹ 備份檔案，add . 完成。
[2026-06-18 06:30:01] ℹ 備份檔案，commit -m backup 20260618_05 完成。
[2026-06-18 06:30:01] ℹ 備份檔案，開始 push。
[2026-06-18 06:30:03] ℹ 備份檔案完成
[2026-06-18 07:00:01] 開始轉換時間範圍: 2026-06-18 06:00:00 到 2026-06-18 06:59:59
[2026-06-18 07:00:01] ℹ su_web 該時段內無資料變動，未生成有效 SQL。
[2026-06-18 07:00:01] ℹ sm_m2 該時段內無資料變動，未生成有效 SQL。
[2026-06-18 07:00:01] ℹ 備份檔案完成
[2026-06-18 07:30:02] 開始轉換時間範圍: 2026-06-18 06:00:00 到 2026-06-18 06:59:59
[2026-06-18 07:30:02] ℹ su_web 該時段內無資料變動，未生成有效 SQL。
[2026-06-18 07:30:02] ℹ sm_m2 該時段內無資料變動，未生成有效 SQL。
[2026-06-18 07:30:02] ℹ 備份檔案完成
[2026-06-18 08:00:01] 開始轉換時間範圍: 2026-06-18 07:00:00 到 2026-06-18 07:59:59
[2026-06-18 08:00:01] ℹ su_web 該時段內無資料變動，未生成有效 SQL。
[2026-06-18 08:00:01] ℹ sm_m2 該時段內無資料變動，未生成有效 SQL。
[2026-06-18 08:00:01] ℹ 備份檔案完成
[2026-06-18 08:30:01] 開始轉換時間範圍: 2026-06-18 07:00:00 到 2026-06-18 07:59:59
[2026-06-18 08:30:01] ℹ su_web 該時段內無資料變動，未生成有效 SQL。
[2026-06-18 08:30:01] ℹ sm_m2 該時段內無資料變動，未生成有效 SQL。
[2026-06-18 08:30:01] ℹ 備份檔案完成
[2026-06-18 09:00:01] 開始轉換時間範圍: 2026-06-18 08:00:00 到 2026-06-18 08:59:59
[2026-06-18 09:00:01] ℹ su_web 該時段內無資料變動，未生成有效 SQL。
[2026-06-18 09:00:01] ℹ sm_m2 該時段內無資料變動，未生成有效 SQL。
[2026-06-18 09:00:01] ℹ 備份檔案完成
[2026-06-18 09:30:01] 開始轉換時間範圍: 2026-06-18 08:00:00 到 2026-06-18 08:59:59
[2026-06-18 09:30:01] ℹ su_web 該時段內無資料變動，未生成有效 SQL。
[2026-06-18 09:30:01] ℹ sm_m2 該時段內無資料變動，未生成有效 SQL。
[2026-06-18 09:30:02] ℹ 備份檔案完成
[2026-06-18 10:00:01] 開始轉換時間範圍: 2026-06-18 09:00:00 到 2026-06-18 09:59:59
[2026-06-18 10:00:02] ℹ su_web 該時段內無資料變動，未生成有效 SQL。
[2026-06-18 10:00:02] ℹ sm_m2 該時段內無資料變動，未生成有效 SQL。
[2026-06-18 10:00:02] ℹ 備份檔案完成
[2026-06-18 10:30:01] 開始轉換時間範圍: 2026-06-18 09:00:00 到 2026-06-18 09:59:59
[2026-06-18 10:30:01] ℹ su_web 該時段內無資料變動，未生成有效 SQL。
[2026-06-18 10:30:01] ℹ sm_m2 該時段內無資料變動，未生成有效 SQL。
[2026-06-18 10:30:01] ℹ 備份檔案完成
[2026-06-18 11:00:01] 開始轉換時間範圍: 2026-06-18 10:00:00 到 2026-06-18 10:59:59
[2026-06-18 11:00:02] ℹ su_web 該時段內無資料變動，未生成有效 SQL。
[2026-06-18 11:00:02] ℹ sm_m2 該時段內無資料變動，未生成有效 SQL。
[2026-06-18 11:00:02] ℹ 備份檔案完成
[2026-06-18 11:30:01] 開始轉換時間範圍: 2026-06-18 10:00:00 到 2026-06-18 10:59:59
[2026-06-18 11:30:01] ℹ su_web 該時段內無資料變動，未生成有效 SQL。
[2026-06-18 11:30:01] ℹ sm_m2 該時段內無資料變動，未生成有效 SQL。
[2026-06-18 11:30:01] ℹ 備份檔案完成
[2026-06-18 12:00:02] 開始轉換時間範圍: 2026-06-18 11:00:00 到 2026-06-18 11:59:59
[2026-06-18 12:00:02] ℹ su_web 該時段內無資料變動，未生成有效 SQL。
[2026-06-18 12:00:02] ℹ sm_m2 該時段內無資料變動，未生成有效 SQL。
[2026-06-18 12:00:02] ℹ 備份檔案完成
[2026-06-18 12:30:01] 開始轉換時間範圍: 2026-06-18 11:00:00 到 2026-06-18 11:59:59
[2026-06-18 12:30:01] ℹ su_web 該時段內無資料變動，未生成有效 SQL。
[2026-06-18 12:30:01] ℹ sm_m2 該時段內無資料變動，未生成有效 SQL。
[2026-06-18 12:30:02] ℹ 備份檔案完成
[2026-06-18 13:00:01] 開始轉換時間範圍: 2026-06-18 12:00:00 到 2026-06-18 12:59:59
[2026-06-18 13:00:01] ℹ su_web 該時段內無資料變動，未生成有效 SQL。
[2026-06-18 13:00:01] ℹ sm_m2 該時段內無資料變動，未生成有效 SQL。
[2026-06-18 13:00:01] ℹ 備份檔案完成
[2026-06-18 13:30:01] 開始轉換時間範圍: 2026-06-18 12:00:00 到 2026-06-18 12:59:59
[2026-06-18 13:30:01] ℹ su_web 該時段內無資料變動，未生成有效 SQL。
[2026-06-18 13:30:01] ℹ sm_m2 該時段內無資料變動，未生成有效 SQL。
[2026-06-18 13:30:01] ℹ 備份檔案完成
[2026-06-18 14:00:01] 開始轉換時間範圍: 2026-06-18 13:00:00 到 2026-06-18 13:59:59
[2026-06-18 14:00:01] ℹ su_web 該時段內無資料變動，未生成有效 SQL。
[2026-06-18 14:00:01] ℹ sm_m2 該時段內無資料變動，未生成有效 SQL。
[2026-06-18 14:00:02] ℹ 備份檔案完成
[2026-06-18 14:30:01] 開始轉換時間範圍: 2026-06-18 13:00:00 到 2026-06-18 13:59:59
[2026-06-18 14:30:01] ℹ su_web 該時段內無資料變動，未生成有效 SQL。
[2026-06-18 14:30:01] ℹ sm_m2 該時段內無資料變動，未生成有效 SQL。
[2026-06-18 14:30:01] ℹ 備份檔案完成
[2026-06-18 15:00:01] 開始轉換時間範圍: 2026-06-18 14:00:00 到 2026-06-18 14:59:59
[2026-06-18 15:00:01] ℹ su_web 該時段內無資料變動，未生成有效 SQL。
[2026-06-18 15:00:01] ℹ sm_m2 該時段內無資料變動，未生成有效 SQL。
[2026-06-18 15:00:01] ℹ 備份檔案完成
[2026-06-18 15:30:01] 開始轉換時間範圍: 2026-06-18 14:00:00 到 2026-06-18 14:59:59
[2026-06-18 15:30:01] ℹ su_web 該時段內無資料變動，未生成有效 SQL。
[2026-06-18 15:30:01] ℹ sm_m2 該時段內無資料變動，未生成有效 SQL。
[2026-06-18 15:30:01] ℹ 備份檔案完成
[2026-06-18 16:00:01] 開始轉換時間範圍: 2026-06-18 15:00:00 到 2026-06-18 15:59:59
[2026-06-18 16:00:01] ℹ su_web 該時段內無資料變動，未生成有效 SQL。
[2026-06-18 16:00:01] ℹ sm_m2 該時段內無資料變動，未生成有效 SQL。
[2026-06-18 16:00:01] ℹ 備份檔案完成
[2026-06-18 16:30:01] 開始轉換時間範圍: 2026-06-18 15:00:00 到 2026-06-18 15:59:59
[2026-06-18 16:30:01] ℹ su_web 該時段內無資料變動，未生成有效 SQL。
[2026-06-18 16:30:01] ℹ sm_m2 該時段內無資料變動，未生成有效 SQL。
[2026-06-18 16:30:01] ℹ 備份檔案完成
[2026-06-18 17:00:02] 開始轉換時間範圍: 2026-06-18 16:00:00 到 2026-06-18 16:59:59
[2026-06-18 17:00:02] ℹ su_web 該時段內無資料變動，未生成有效 SQL。
[2026-06-18 17:00:02] ℹ sm_m2 該時段內無資料變動，未生成有效 SQL。
[2026-06-18 17:00:02] ℹ 備份檔案完成
[2026-06-18 17:30:01] 開始轉換時間範圍: 2026-06-18 16:00:00 到 2026-06-18 16:59:59
[2026-06-18 17:30:01] ℹ su_web 該時段內無資料變動，未生成有效 SQL。
[2026-06-18 17:30:01] ℹ sm_m2 該時段內無資料變動，未生成有效 SQL。
[2026-06-18 17:30:01] ℹ 備份檔案完成
[2026-06-18 18:00:02] 開始轉換時間範圍: 2026-06-18 17:00:00 到 2026-06-18 17:59:59
[2026-06-18 18:00:02] ℹ su_web 該時段內無資料變動，未生成有效 SQL。
[2026-06-18 18:00:02] ℹ sm_m2 該時段內無資料變動，未生成有效 SQL。
[2026-06-18 18:00:02] ℹ 備份檔案完成
[2026-06-18 18:30:02] 開始轉換時間範圍: 2026-06-18 17:00:00 到 2026-06-18 17:59:59
[2026-06-18 18:30:02] ℹ su_web 該時段內無資料變動，未生成有效 SQL。
[2026-06-18 18:30:02] ℹ sm_m2 該時段內無資料變動，未生成有效 SQL。
[2026-06-18 18:30:02] ℹ 備份檔案完成
[2026-06-18 19:00:01] 開始轉換時間範圍: 2026-06-18 18:00:00 到 2026-06-18 18:59:59
[2026-06-18 19:00:01] ℹ su_web 該時段內無資料變動，未生成有效 SQL。
[2026-06-18 19:00:01] ℹ sm_m2 該時段內無資料變動，未生成有效 SQL。
[2026-06-18 19:00:01] ℹ 備份檔案完成
[2026-06-18 19:30:01] 開始轉換時間範圍: 2026-06-18 18:00:00 到 2026-06-18 18:59:59
[2026-06-18 19:30:01] ℹ su_web 該時段內無資料變動，未生成有效 SQL。
[2026-06-18 19:30:01] ℹ sm_m2 該時段內無資料變動，未生成有效 SQL。
[2026-06-18 19:30:01] ℹ 備份檔案完成
[2026-06-18 20:00:02] 開始轉換時間範圍: 2026-06-18 19:00:00 到 2026-06-18 19:59:59
[2026-06-18 20:00:02] ℹ su_web 該時段內無資料變動，未生成有效 SQL。
[2026-06-18 20:00:02] ℹ sm_m2 該時段內無資料變動，未生成有效 SQL。
[2026-06-18 20:00:02] ℹ 備份檔案完成
[2026-06-18 20:30:01] 開始轉換時間範圍: 2026-06-18 19:00:00 到 2026-06-18 19:59:59
[2026-06-18 20:30:01] ℹ su_web 該時段內無資料變動，未生成有效 SQL。
[2026-06-18 20:30:02] ℹ sm_m2 該時段內無資料變動，未生成有效 SQL。
[2026-06-18 20:30:02] ℹ 備份檔案完成
[2026-06-18 21:00:01] 開始轉換時間範圍: 2026-06-18 20:00:00 到 2026-06-18 20:59:59
[2026-06-18 21:00:01] ℹ su_web 該時段內無資料變動，未生成有效 SQL。
[2026-06-18 21:00:01] ℹ sm_m2 該時段內無資料變動，未生成有效 SQL。
[2026-06-18 21:00:01] ℹ 備份檔案完成
[2026-06-18 21:30:01] 開始轉換時間範圍: 2026-06-18 20:00:00 到 2026-06-18 20:59:59
[2026-06-18 21:30:01] ℹ su_web 該時段內無資料變動，未生成有效 SQL。
[2026-06-18 21:30:01] ℹ sm_m2 該時段內無資料變動，未生成有效 SQL。
[2026-06-18 21:30:01] ℹ 備份檔案完成
[2026-06-18 22:00:01] 開始轉換時間範圍: 2026-06-18 21:00:00 到 2026-06-18 21:59:59
[2026-06-18 22:00:01] ℹ su_web 該時段內無資料變動，未生成有效 SQL。
[2026-06-18 22:00:01] ℹ sm_m2 該時段內無資料變動，未生成有效 SQL。
[2026-06-18 22:00:01] ℹ 備份檔案完成
[2026-06-18 22:30:01] 開始轉換時間範圍: 2026-06-18 21:00:00 到 2026-06-18 21:59:59
[2026-06-18 22:30:01] ℹ su_web 該時段內無資料變動，未生成有效 SQL。
[2026-06-18 22:30:01] ℹ sm_m2 該時段內無資料變動，未生成有效 SQL。
[2026-06-18 22:30:01] ℹ 備份檔案完成
[2026-06-18 23:00:01] 開始轉換時間範圍: 2026-06-18 22:00:00 到 2026-06-18 22:59:59
[2026-06-18 23:00:01] ℹ su_web 該時段內無資料變動，未生成有效 SQL。
[2026-06-18 23:00:01] ℹ sm_m2 該時段內無資料變動，未生成有效 SQL。
[2026-06-18 23:00:02] ℹ 備份檔案完成
[2026-06-18 23:30:01] 開始轉換時間範圍: 2026-06-18 22:00:00 到 2026-06-18 22:59:59
[2026-06-18 23:30:01] ℹ su_web 該時段內無資料變動，未生成有效 SQL。
[2026-06-18 23:30:01] ℹ sm_m2 該時段內無資料變動，未生成有效 SQL。
[2026-06-18 23:30:01] ℹ 備份檔案完成
[2026-06-19 00:00:01] 開始轉換時間範圍: 2026-06-18 23:00:00 到 2026-06-18 23:59:59
[2026-06-19 00:00:01] ℹ su_web 該時段內無資料變動，未生成有效 SQL。
[2026-06-19 00:00:01] ℹ sm_m2 該時段內無資料變動，未生成有效 SQL。
[2026-06-19 00:00:01] ℹ 備份檔案完成
[2026-06-19 00:30:01] 開始轉換時間範圍: 2026-06-18 23:00:00 到 2026-06-18 23:59:59
[2026-06-19 00:30:02] ℹ su_web 該時段內無資料變動，未生成有效 SQL。
[2026-06-19 00:30:02] ℹ sm_m2 該時段內無資料變動，未生成有效 SQL。
[2026-06-19 00:30:02] ℹ 備份檔案完成
[2026-06-19 01:00:01] 開始轉換時間範圍: 2026-06-19 00:00:00 到 2026-06-19 00:59:59
[2026-06-19 01:00:01] ℹ su_web 該時段內無資料變動，未生成有效 SQL。
[2026-06-19 01:00:01] ℹ sm_m2 該時段內無資料變動，未生成有效 SQL。
[2026-06-19 01:00:02] ℹ 備份檔案完成
[2026-06-19 01:30:01] 開始轉換時間範圍: 2026-06-19 00:00:00 到 2026-06-19 00:59:59
[2026-06-19 01:30:01] ℹ su_web 該時段內無資料變動，未生成有效 SQL。
[2026-06-19 01:30:02] ℹ sm_m2 該時段內無資料變動，未生成有效 SQL。
[2026-06-19 01:30:02] ℹ 備份檔案完成
[2026-06-19 02:00:01] 開始轉換時間範圍: 2026-06-19 01:00:00 到 2026-06-19 01:59:59
[2026-06-19 02:00:01] ℹ su_web 該時段內無資料變動，未生成有效 SQL。
[2026-06-19 02:00:01] ℹ sm_m2 該時段內無資料變動，未生成有效 SQL。
[2026-06-19 02:00:01] ℹ 備份檔案完成
[2026-06-19 02:30:01] 開始轉換時間範圍: 2026-06-19 01:00:00 到 2026-06-19 01:59:59
[2026-06-19 02:30:01] ℹ su_web 該時段內無資料變動，未生成有效 SQL。
[2026-06-19 02:30:01] ℹ sm_m2 該時段內無資料變動，未生成有效 SQL。
[2026-06-19 02:30:01] ℹ 備份檔案完成
[2026-06-19 03:00:01] 開始轉換時間範圍: 2026-06-19 02:00:00 到 2026-06-19 02:59:59
[2026-06-19 03:00:01] ℹ su_web 該時段內無資料變動，未生成有效 SQL。
[2026-06-19 03:00:02] ℹ sm_m2 該時段內無資料變動，未生成有效 SQL。
[2026-06-19 03:00:02] ℹ 備份檔案完成
[2026-06-19 03:30:01] 開始轉換時間範圍: 2026-06-19 02:00:00 到 2026-06-19 02:59:59
[2026-06-19 03:30:01] ℹ su_web 該時段內無資料變動，未生成有效 SQL。
[2026-06-19 03:30:01] ℹ sm_m2 該時段內無資料變動，未生成有效 SQL。
[2026-06-19 03:30:01] ℹ 備份檔案完成
[2026-06-19 04:00:01] 開始轉換時間範圍: 2026-06-19 03:00:00 到 2026-06-19 03:59:59
[2026-06-19 04:00:01] ℹ su_web 該時段內無資料變動，未生成有效 SQL。
[2026-06-19 04:00:01] ℹ sm_m2 該時段內無資料變動，未生成有效 SQL。
[2026-06-19 04:00:01] ℹ 備份檔案完成
[2026-06-19 04:30:01] 開始轉換時間範圍: 2026-06-19 03:00:00 到 2026-06-19 03:59:59
[2026-06-19 04:30:01] ℹ su_web 該時段內無資料變動，未生成有效 SQL。
[2026-06-19 04:30:01] ℹ sm_m2 該時段內無資料變動，未生成有效 SQL。
[2026-06-19 04:30:01] ℹ 備份檔案完成
[2026-06-19 05:00:01] 開始轉換時間範圍: 2026-06-19 04:00:00 到 2026-06-19 04:59:59
[2026-06-19 05:00:02] ℹ su_web 該時段內無資料變動，未生成有效 SQL。
[2026-06-19 05:00:02] ℹ sm_m2 該時段內無資料變動，未生成有效 SQL。
[2026-06-19 05:00:02] ℹ 備份檔案完成
[2026-06-19 05:30:01] 開始轉換時間範圍: 2026-06-19 04:00:00 到 2026-06-19 04:59:59
[2026-06-19 05:30:02] ℹ su_web 該時段內無資料變動，未生成有效 SQL。
[2026-06-19 05:30:02] ℹ sm_m2 該時段內無資料變動，未生成有效 SQL。
[2026-06-19 05:30:02] ℹ 備份檔案完成
[2026-06-19 06:00:01] 開始轉換時間範圍: 2026-06-19 05:00:00 到 2026-06-19 05:59:59
[2026-06-19 06:00:01] ℹ su_web 該時段內無資料變動，未生成有效 SQL。
[2026-06-19 06:00:01] ℹ sm_m2 該時段內無資料變動，未生成有效 SQL。
[2026-06-19 06:00:01] ℹ 備份檔案完成
[2026-06-19 06:30:02] 開始轉換時間範圍: 2026-06-19 05:00:00 到 2026-06-19 05:59:59
[2026-06-19 06:30:02] ℹ su_web 該時段內無資料變動，未生成有效 SQL。
[2026-06-19 06:30:02] ℹ sm_m2 該時段內無資料變動，未生成有效 SQL。
[2026-06-19 06:30:02] ℹ 備份檔案完成
[2026-06-19 07:00:01] 開始轉換時間範圍: 2026-06-19 06:00:00 到 2026-06-19 06:59:59
[2026-06-19 07:00:01] ℹ su_web 該時段內無資料變動，未生成有效 SQL。
[2026-06-19 07:00:01] ℹ sm_m2 該時段內無資料變動，未生成有效 SQL。
[2026-06-19 07:00:01] ℹ 備份檔案完成
[2026-06-19 07:30:01] 開始轉換時間範圍: 2026-06-19 06:00:00 到 2026-06-19 06:59:59
[2026-06-19 07:30:01] ℹ su_web 該時段內無資料變動，未生成有效 SQL。
[2026-06-19 07:30:01] ℹ sm_m2 該時段內無資料變動，未生成有效 SQL。
[2026-06-19 07:30:01] ℹ 備份檔案完成
[2026-06-19 08:00:01] 開始轉換時間範圍: 2026-06-19 07:00:00 到 2026-06-19 07:59:59
[2026-06-19 08:00:01] ℹ su_web 該時段內無資料變動，未生成有效 SQL。
[2026-06-19 08:00:01] ℹ sm_m2 該時段內無資料變動，未生成有效 SQL。
[2026-06-19 08:00:01] ℹ 備份檔案完成
[2026-06-19 08:30:01] 開始轉換時間範圍: 2026-06-19 07:00:00 到 2026-06-19 07:59:59
[2026-06-19 08:30:01] ℹ su_web 該時段內無資料變動，未生成有效 SQL。
[2026-06-19 08:30:01] ℹ sm_m2 該時段內無資料變動，未生成有效 SQL。
[2026-06-19 08:30:01] ℹ 備份檔案完成
[2026-06-19 09:00:01] 開始轉換時間範圍: 2026-06-19 08:00:00 到 2026-06-19 08:59:59
[2026-06-19 09:00:01] ℹ su_web 該時段內無資料變動，未生成有效 SQL。
[2026-06-19 09:00:01] ℹ sm_m2 該時段內無資料變動，未生成有效 SQL。
[2026-06-19 09:00:02] ℹ 備份檔案完成
[2026-06-19 09:30:02] 開始轉換時間範圍: 2026-06-19 08:00:00 到 2026-06-19 08:59:59
[2026-06-19 09:30:02] ℹ su_web 該時段內無資料變動，未生成有效 SQL。
[2026-06-19 09:30:02] ℹ sm_m2 該時段內無資料變動，未生成有效 SQL。
[2026-06-19 09:30:02] ℹ 備份檔案完成
[2026-06-19 10:00:01] 開始轉換時間範圍: 2026-06-19 09:00:00 到 2026-06-19 09:59:59
[2026-06-19 10:00:01] ℹ su_web 該時段內無資料變動，未生成有效 SQL。
[2026-06-19 10:00:01] ℹ sm_m2 該時段內無資料變動，未生成有效 SQL。
[2026-06-19 10:00:01] ℹ 備份檔案完成
[2026-06-19 10:30:01] 開始轉換時間範圍: 2026-06-19 09:00:00 到 2026-06-19 09:59:59
[2026-06-19 10:30:01] ℹ su_web 該時段內無資料變動，未生成有效 SQL。
[2026-06-19 10:30:01] ℹ sm_m2 該時段內無資料變動，未生成有效 SQL。
[2026-06-19 10:30:01] ℹ 備份檔案完成
[2026-06-19 11:00:02] 開始轉換時間範圍: 2026-06-19 10:00:00 到 2026-06-19 10:59:59
[2026-06-19 11:00:02] ℹ su_web 該時段內無資料變動，未生成有效 SQL。
[2026-06-19 11:00:02] ℹ sm_m2 該時段內無資料變動，未生成有效 SQL。
[2026-06-19 11:00:02] ℹ 備份檔案完成
[2026-06-19 11:30:02] 開始轉換時間範圍: 2026-06-19 10:00:00 到 2026-06-19 10:59:59
[2026-06-19 11:30:02] ℹ su_web 該時段內無資料變動，未生成有效 SQL。
[2026-06-19 11:30:02] ℹ sm_m2 該時段內無資料變動，未生成有效 SQL。
[2026-06-19 11:30:02] ℹ 備份檔案完成
[2026-06-19 12:00:01] 開始轉換時間範圍: 2026-06-19 11:00:00 到 2026-06-19 11:59:59
[2026-06-19 12:00:01] ℹ su_web 該時段內無資料變動，未生成有效 SQL。
[2026-06-19 12:00:01] ℹ sm_m2 該時段內無資料變動，未生成有效 SQL。
[2026-06-19 12:00:01] ℹ 備份檔案完成
[2026-06-19 12:30:01] 開始轉換時間範圍: 2026-06-19 11:00:00 到 2026-06-19 11:59:59
[2026-06-19 12:30:01] ℹ su_web 該時段內無資料變動，未生成有效 SQL。
[2026-06-19 12:30:01] ℹ sm_m2 該時段內無資料變動，未生成有效 SQL。
[2026-06-19 12:30:01] ℹ 備份檔案完成
[2026-06-19 13:00:02] 開始轉換時間範圍: 2026-06-19 12:00:00 到 2026-06-19 12:59:59
[2026-06-19 13:00:02] ℹ su_web 該時段內無資料變動，未生成有效 SQL。
[2026-06-19 13:00:02] ℹ sm_m2 該時段內無資料變動，未生成有效 SQL。
[2026-06-19 13:00:02] ℹ 備份檔案完成
[2026-06-19 13:30:01] 開始轉換時間範圍: 2026-06-19 12:00:00 到 2026-06-19 12:59:59
[2026-06-19 13:30:01] ℹ su_web 該時段內無資料變動，未生成有效 SQL。
[2026-06-19 13:30:01] ℹ sm_m2 該時段內無資料變動，未生成有效 SQL。
[2026-06-19 13:30:01] ℹ 備份檔案完成
[2026-06-19 14:00:02] 開始轉換時間範圍: 2026-06-19 13:00:00 到 2026-06-19 13:59:59
[2026-06-19 14:00:02] ℹ su_web 該時段內無資料變動，未生成有效 SQL。
[2026-06-19 14:00:02] ℹ sm_m2 該時段內無資料變動，未生成有效 SQL。
[2026-06-19 14:00:02] ℹ 備份檔案完成
[2026-06-19 14:30:01] 開始轉換時間範圍: 2026-06-19 13:00:00 到 2026-06-19 13:59:59
[2026-06-19 14:30:01] ℹ su_web 該時段內無資料變動，未生成有效 SQL。
[2026-06-19 14:30:01] ℹ sm_m2 該時段內無資料變動，未生成有效 SQL。
[2026-06-19 14:30:01] ℹ 備份檔案完成
[2026-06-19 15:00:02] 開始轉換時間範圍: 2026-06-19 14:00:00 到 2026-06-19 14:59:59
[2026-06-19 15:00:02] ℹ su_web 該時段內無資料變動，未生成有效 SQL。
[2026-06-19 15:00:02] ℹ sm_m2 該時段內無資料變動，未生成有效 SQL。
[2026-06-19 15:00:02] ℹ 備份檔案完成
[2026-06-19 15:30:01] 開始轉換時間範圍: 2026-06-19 14:00:00 到 2026-06-19 14:59:59
[2026-06-19 15:30:01] ℹ su_web 該時段內無資料變動，未生成有效 SQL。
[2026-06-19 15:30:01] ℹ sm_m2 該時段內無資料變動，未生成有效 SQL。
[2026-06-19 15:30:01] ℹ 備份檔案完成
[2026-06-19 16:00:01] 開始轉換時間範圍: 2026-06-19 15:00:00 到 2026-06-19 15:59:59
[2026-06-19 16:00:01] ℹ su_web 該時段內無資料變動，未生成有效 SQL。
[2026-06-19 16:00:01] ℹ sm_m2 該時段內無資料變動，未生成有效 SQL。
[2026-06-19 16:00:01] ℹ 備份檔案完成
[2026-06-19 16:30:01] 開始轉換時間範圍: 2026-06-19 15:00:00 到 2026-06-19 15:59:59
[2026-06-19 16:30:01] ℹ su_web 該時段內無資料變動，未生成有效 SQL。
[2026-06-19 16:30:01] ℹ sm_m2 該時段內無資料變動，未生成有效 SQL。
[2026-06-19 16:30:01] ℹ 備份檔案完成
[2026-06-19 17:00:02] 開始轉換時間範圍: 2026-06-19 16:00:00 到 2026-06-19 16:59:59
[2026-06-19 17:00:02] ℹ su_web 該時段內無資料變動，未生成有效 SQL。
[2026-06-19 17:00:02] ℹ sm_m2 該時段內無資料變動，未生成有效 SQL。
[2026-06-19 17:00:02] ℹ 備份檔案完成
[2026-06-19 17:30:01] 開始轉換時間範圍: 2026-06-19 16:00:00 到 2026-06-19 16:59:59
[2026-06-19 17:30:01] ℹ su_web 該時段內無資料變動，未生成有效 SQL。
[2026-06-19 17:30:01] ℹ sm_m2 該時段內無資料變動，未生成有效 SQL。
[2026-06-19 17:30:01] ℹ 備份檔案完成
[2026-06-19 18:00:01] 開始轉換時間範圍: 2026-06-19 17:00:00 到 2026-06-19 17:59:59
[2026-06-19 18:00:01] ℹ su_web 該時段內無資料變動，未生成有效 SQL。
[2026-06-19 18:00:02] ℹ sm_m2 該時段內無資料變動，未生成有效 SQL。
[2026-06-19 18:00:02] ℹ 備份檔案完成
[2026-06-19 18:30:01] 開始轉換時間範圍: 2026-06-19 17:00:00 到 2026-06-19 17:59:59
[2026-06-19 18:30:01] ℹ su_web 該時段內無資料變動，未生成有效 SQL。
[2026-06-19 18:30:01] ℹ sm_m2 該時段內無資料變動，未生成有效 SQL。
[2026-06-19 18:30:01] ℹ 備份檔案完成
[2026-06-19 19:00:01] 開始轉換時間範圍: 2026-06-19 18:00:00 到 2026-06-19 18:59:59
[2026-06-19 19:00:01] ℹ su_web 該時段內無資料變動，未生成有效 SQL。
[2026-06-19 19:00:01] ℹ sm_m2 該時段內無資料變動，未生成有效 SQL。
[2026-06-19 19:00:01] ℹ 備份檔案完成
[2026-06-19 19:30:01] 開始轉換時間範圍: 2026-06-19 18:00:00 到 2026-06-19 18:59:59
[2026-06-19 19:30:02] ℹ su_web 該時段內無資料變動，未生成有效 SQL。
[2026-06-19 19:30:02] ℹ sm_m2 該時段內無資料變動，未生成有效 SQL。
[2026-06-19 19:30:02] ℹ 備份檔案完成
[2026-06-19 20:00:01] 開始轉換時間範圍: 2026-06-19 19:00:00 到 2026-06-19 19:59:59
[2026-06-19 20:00:01] ℹ su_web 該時段內無資料變動，未生成有效 SQL。
[2026-06-19 20:00:01] ℹ sm_m2 該時段內無資料變動，未生成有效 SQL。
[2026-06-19 20:00:01] ℹ 備份檔案完成
[2026-06-19 20:30:01] 開始轉換時間範圍: 2026-06-19 19:00:00 到 2026-06-19 19:59:59
[2026-06-19 20:30:01] ℹ su_web 該時段內無資料變動，未生成有效 SQL。
[2026-06-19 20:30:01] ℹ sm_m2 該時段內無資料變動，未生成有效 SQL。
[2026-06-19 20:30:01] ℹ 備份檔案完成
[2026-06-19 21:00:01] 開始轉換時間範圍: 2026-06-19 20:00:00 到 2026-06-19 20:59:59
[2026-06-19 21:00:01] ℹ su_web 該時段內無資料變動，未生成有效 SQL。
[2026-06-19 21:00:01] ℹ sm_m2 該時段內無資料變動，未生成有效 SQL。
[2026-06-19 21:00:01] ℹ 備份檔案完成
[2026-06-19 21:30:01] 開始轉換時間範圍: 2026-06-19 20:00:00 到 2026-06-19 20:59:59
[2026-06-19 21:30:01] ℹ su_web 該時段內無資料變動，未生成有效 SQL。
[2026-06-19 21:30:01] ℹ sm_m2 該時段內無資料變動，未生成有效 SQL。
[2026-06-19 21:30:01] ℹ 備份檔案完成
[2026-06-19 22:00:01] 開始轉換時間範圍: 2026-06-19 21:00:00 到 2026-06-19 21:59:59
[2026-06-19 22:00:01] ℹ su_web 該時段內無資料變動，未生成有效 SQL。
[2026-06-19 22:00:01] ℹ sm_m2 該時段內無資料變動，未生成有效 SQL。
[2026-06-19 22:00:01] ℹ 備份檔案完成
[2026-06-19 22:30:01] 開始轉換時間範圍: 2026-06-19 21:00:00 到 2026-06-19 21:59:59
[2026-06-19 22:30:02] ℹ su_web 該時段內無資料變動，未生成有效 SQL。
[2026-06-19 22:30:02] ℹ sm_m2 該時段內無資料變動，未生成有效 SQL。
[2026-06-19 22:30:02] ℹ 備份檔案完成
[2026-06-19 23:00:01] 開始轉換時間範圍: 2026-06-19 22:00:00 到 2026-06-19 22:59:59
[2026-06-19 23:00:01] ℹ su_web 該時段內無資料變動，未生成有效 SQL。
[2026-06-19 23:00:01] ℹ sm_m2 該時段內無資料變動，未生成有效 SQL。
[2026-06-19 23:00:01] ℹ 備份檔案完成
[2026-06-19 23:30:01] 開始轉換時間範圍: 2026-06-19 22:00:00 到 2026-06-19 22:59:59
[2026-06-19 23:30:01] ℹ su_web 該時段內無資料變動，未生成有效 SQL。
[2026-06-19 23:30:01] ℹ sm_m2 該時段內無資料變動，未生成有效 SQL。
[2026-06-19 23:30:02] ℹ 備份檔案完成
[2026-06-20 00:00:01] 開始轉換時間範圍: 2026-06-19 23:00:00 到 2026-06-19 23:59:59
[2026-06-20 00:00:01] ℹ su_web 該時段內無資料變動，未生成有效 SQL。
[2026-06-20 00:00:01] ℹ sm_m2 該時段內無資料變動，未生成有效 SQL。
[2026-06-20 00:00:01] ℹ 備份檔案完成
[2026-06-20 00:30:02] 開始轉換時間範圍: 2026-06-19 23:00:00 到 2026-06-19 23:59:59
[2026-06-20 00:30:02] ℹ su_web 該時段內無資料變動，未生成有效 SQL。
[2026-06-20 00:30:02] ℹ sm_m2 該時段內無資料變動，未生成有效 SQL。
[2026-06-20 00:30:02] ℹ 備份檔案完成
[2026-06-20 01:00:02] 開始轉換時間範圍: 2026-06-20 00:00:00 到 2026-06-20 00:59:59
[2026-06-20 01:00:02] ℹ su_web 該時段內無資料變動，未生成有效 SQL。
[2026-06-20 01:00:02] ℹ sm_m2 該時段內無資料變動，未生成有效 SQL。
[2026-06-20 01:00:02] ℹ 備份檔案完成
[2026-06-20 01:30:01] 開始轉換時間範圍: 2026-06-20 00:00:00 到 2026-06-20 00:59:59
[2026-06-20 01:30:01] ℹ su_web 該時段內無資料變動，未生成有效 SQL。
[2026-06-20 01:30:01] ℹ sm_m2 該時段內無資料變動，未生成有效 SQL。
[2026-06-20 01:30:01] ℹ 備份檔案完成
[2026-06-20 02:00:01] 開始轉換時間範圍: 2026-06-20 01:00:00 到 2026-06-20 01:59:59
[2026-06-20 02:00:01] ℹ su_web 該時段內無資料變動，未生成有效 SQL。
[2026-06-20 02:00:01] ℹ sm_m2 該時段內無資料變動，未生成有效 SQL。
[2026-06-20 02:00:01] ℹ 備份檔案完成
[2026-06-20 02:30:01] 開始轉換時間範圍: 2026-06-20 01:00:00 到 2026-06-20 01:59:59
[2026-06-20 02:30:01] ℹ su_web 該時段內無資料變動，未生成有效 SQL。
[2026-06-20 02:30:01] ℹ sm_m2 該時段內無資料變動，未生成有效 SQL。
[2026-06-20 02:30:02] ℹ 備份檔案完成
[2026-06-20 03:00:01] 開始轉換時間範圍: 2026-06-20 02:00:00 到 2026-06-20 02:59:59
[2026-06-20 03:00:01] ℹ su_web 該時段內無資料變動，未生成有效 SQL。
[2026-06-20 03:00:01] ℹ sm_m2 該時段內無資料變動，未生成有效 SQL。
[2026-06-20 03:00:01] ℹ 備份檔案完成
[2026-06-20 03:30:01] 開始轉換時間範圍: 2026-06-20 02:00:00 到 2026-06-20 02:59:59
[2026-06-20 03:30:01] ℹ su_web 該時段內無資料變動，未生成有效 SQL。
[2026-06-20 03:30:01] ℹ sm_m2 該時段內無資料變動，未生成有效 SQL。
[2026-06-20 03:30:02] ℹ 備份檔案完成
[2026-06-20 04:00:01] 開始轉換時間範圍: 2026-06-20 03:00:00 到 2026-06-20 03:59:59
[2026-06-20 04:00:01] ℹ su_web 該時段內無資料變動，未生成有效 SQL。
[2026-06-20 04:00:01] ℹ sm_m2 該時段內無資料變動，未生成有效 SQL。
[2026-06-20 04:00:01] ℹ 備份檔案完成
[2026-06-20 04:30:01] 開始轉換時間範圍: 2026-06-20 03:00:00 到 2026-06-20 03:59:59
[2026-06-20 04:30:01] ℹ su_web 該時段內無資料變動，未生成有效 SQL。
[2026-06-20 04:30:01] ℹ sm_m2 該時段內無資料變動，未生成有效 SQL。
[2026-06-20 04:30:01] ℹ 備份檔案完成
[2026-06-20 05:00:02] 開始轉換時間範圍: 2026-06-20 04:00:00 到 2026-06-20 04:59:59
[2026-06-20 05:00:02] ℹ su_web 該時段內無資料變動，未生成有效 SQL。
[2026-06-20 05:00:02] ℹ sm_m2 該時段內無資料變動，未生成有效 SQL。
[2026-06-20 05:00:02] ℹ 備份檔案完成
[2026-06-20 05:30:01] 開始轉換時間範圍: 2026-06-20 04:00:00 到 2026-06-20 04:59:59
[2026-06-20 05:30:01] ℹ su_web 該時段內無資料變動，未生成有效 SQL。
[2026-06-20 05:30:01] ℹ sm_m2 該時段內無資料變動，未生成有效 SQL。
[2026-06-20 05:30:01] ℹ 備份檔案完成
[2026-06-20 06:00:01] 開始轉換時間範圍: 2026-06-20 05:00:00 到 2026-06-20 05:59:59
[2026-06-20 06:00:01] ℹ su_web 該時段內無資料變動，未生成有效 SQL。
[2026-06-20 06:00:01] ℹ sm_m2 該時段內無資料變動，未生成有效 SQL。
[2026-06-20 06:00:01] ℹ 備份檔案完成
[2026-06-20 06:30:01] 開始轉換時間範圍: 2026-06-20 05:00:00 到 2026-06-20 05:59:59
[2026-06-20 06:30:02] ℹ su_web 該時段內無資料變動，未生成有效 SQL。
[2026-06-20 06:30:02] ℹ sm_m2 該時段內無資料變動，未生成有效 SQL。
[2026-06-20 06:30:02] ℹ 備份檔案完成
[2026-06-20 07:00:01] 開始轉換時間範圍: 2026-06-20 06:00:00 到 2026-06-20 06:59:59
[2026-06-20 07:00:01] ℹ su_web 該時段內無資料變動，未生成有效 SQL。
[2026-06-20 07:00:01] ℹ sm_m2 該時段內無資料變動，未生成有效 SQL。
[2026-06-20 07:00:01] ℹ 備份檔案完成
[2026-06-20 07:30:01] 開始轉換時間範圍: 2026-06-20 06:00:00 到 2026-06-20 06:59:59
[2026-06-20 07:30:01] ℹ su_web 該時段內無資料變動，未生成有效 SQL。
[2026-06-20 07:30:01] ℹ sm_m2 該時段內無資料變動，未生成有效 SQL。
[2026-06-20 07:30:01] ℹ 備份檔案完成
[2026-06-20 08:00:01] 開始轉換時間範圍: 2026-06-20 07:00:00 到 2026-06-20 07:59:59
[2026-06-20 08:00:01] ℹ su_web 該時段內無資料變動，未生成有效 SQL。
[2026-06-20 08:00:01] ℹ sm_m2 該時段內無資料變動，未生成有效 SQL。
[2026-06-20 08:00:01] ℹ 備份檔案完成
[2026-06-20 08:30:01] 開始轉換時間範圍: 2026-06-20 07:00:00 到 2026-06-20 07:59:59
[2026-06-20 08:30:02] ℹ su_web 該時段內無資料變動，未生成有效 SQL。
[2026-06-20 08:30:02] ℹ sm_m2 該時段內無資料變動，未生成有效 SQL。
[2026-06-20 08:30:02] ℹ 備份檔案完成
[2026-06-20 09:00:01] 開始轉換時間範圍: 2026-06-20 08:00:00 到 2026-06-20 08:59:59
[2026-06-20 09:00:01] ℹ su_web 該時段內無資料變動，未生成有效 SQL。
[2026-06-20 09:00:01] ℹ sm_m2 該時段內無資料變動，未生成有效 SQL。
[2026-06-20 09:00:01] ℹ 備份檔案完成
[2026-06-20 09:30:01] 開始轉換時間範圍: 2026-06-20 08:00:00 到 2026-06-20 08:59:59
[2026-06-20 09:30:01] ℹ su_web 該時段內無資料變動，未生成有效 SQL。
[2026-06-20 09:30:01] ℹ sm_m2 該時段內無資料變動，未生成有效 SQL。
[2026-06-20 09:30:01] ℹ 備份檔案完成
[2026-06-20 10:00:02] 開始轉換時間範圍: 2026-06-20 09:00:00 到 2026-06-20 09:59:59
[2026-06-20 10:00:02] ℹ su_web 該時段內無資料變動，未生成有效 SQL。
[2026-06-20 10:00:02] ℹ sm_m2 該時段內無資料變動，未生成有效 SQL。
[2026-06-20 10:00:02] ℹ 備份檔案完成
[2026-06-20 10:30:02] 開始轉換時間範圍: 2026-06-20 09:00:00 到 2026-06-20 09:59:59
[2026-06-20 10:30:02] ℹ su_web 該時段內無資料變動，未生成有效 SQL。
[2026-06-20 10:30:02] ℹ sm_m2 該時段內無資料變動，未生成有效 SQL。
[2026-06-20 10:30:02] ℹ 備份檔案完成
[2026-06-20 11:00:01] 開始轉換時間範圍: 2026-06-20 10:00:00 到 2026-06-20 10:59:59
[2026-06-20 11:00:01] ℹ su_web 該時段內無資料變動，未生成有效 SQL。
[2026-06-20 11:00:01] ℹ sm_m2 該時段內無資料變動，未生成有效 SQL。
[2026-06-20 11:00:01] ℹ 備份檔案完成
[2026-06-20 11:30:02] 開始轉換時間範圍: 2026-06-20 10:00:00 到 2026-06-20 10:59:59
[2026-06-20 11:30:02] ℹ su_web 該時段內無資料變動，未生成有效 SQL。
[2026-06-20 11:30:02] ℹ sm_m2 該時段內無資料變動，未生成有效 SQL。
[2026-06-20 11:30:02] ℹ 備份檔案完成
[2026-06-20 12:00:01] 開始轉換時間範圍: 2026-06-20 11:00:00 到 2026-06-20 11:59:59
[2026-06-20 12:00:01] ℹ su_web 該時段內無資料變動，未生成有效 SQL。
[2026-06-20 12:00:01] ℹ sm_m2 該時段內無資料變動，未生成有效 SQL。
[2026-06-20 12:00:01] ℹ 備份檔案完成
[2026-06-20 12:30:01] 開始轉換時間範圍: 2026-06-20 11:00:00 到 2026-06-20 11:59:59
[2026-06-20 12:30:01] ℹ su_web 該時段內無資料變動，未生成有效 SQL。
[2026-06-20 12:30:01] ℹ sm_m2 該時段內無資料變動，未生成有效 SQL。
[2026-06-20 12:30:01] ℹ 備份檔案完成
[2026-06-20 13:00:01] 開始轉換時間範圍: 2026-06-20 12:00:00 到 2026-06-20 12:59:59
[2026-06-20 13:00:01] ℹ su_web 該時段內無資料變動，未生成有效 SQL。
[2026-06-20 13:00:01] ℹ sm_m2 該時段內無資料變動，未生成有效 SQL。
[2026-06-20 13:00:02] ℹ 備份檔案完成
[2026-06-20 13:30:02] 開始轉換時間範圍: 2026-06-20 12:00:00 到 2026-06-20 12:59:59
[2026-06-20 13:30:02] ℹ su_web 該時段內無資料變動，未生成有效 SQL。
[2026-06-20 13:30:02] ℹ sm_m2 該時段內無資料變動，未生成有效 SQL。
[2026-06-20 13:30:02] ℹ 備份檔案完成
[2026-06-20 14:00:02] 開始轉換時間範圍: 2026-06-20 13:00:00 到 2026-06-20 13:59:59
[2026-06-20 14:00:02] ℹ su_web 該時段內無資料變動，未生成有效 SQL。
[2026-06-20 14:00:02] ℹ sm_m2 該時段內無資料變動，未生成有效 SQL。
[2026-06-20 14:00:02] ℹ 備份檔案完成
[2026-06-20 14:30:01] 開始轉換時間範圍: 2026-06-20 13:00:00 到 2026-06-20 13:59:59
[2026-06-20 14:30:01] ℹ su_web 該時段內無資料變動，未生成有效 SQL。
[2026-06-20 14:30:01] ℹ sm_m2 該時段內無資料變動，未生成有效 SQL。
[2026-06-20 14:30:01] ℹ 備份檔案完成
[2026-06-20 15:00:02] 開始轉換時間範圍: 2026-06-20 14:00:00 到 2026-06-20 14:59:59
[2026-06-20 15:00:02] ℹ su_web 該時段內無資料變動，未生成有效 SQL。
[2026-06-20 15:00:02] ℹ sm_m2 該時段內無資料變動，未生成有效 SQL。
[2026-06-20 15:00:02] ℹ 備份檔案完成
[2026-06-20 15:30:01] 開始轉換時間範圍: 2026-06-20 14:00:00 到 2026-06-20 14:59:59
[2026-06-20 15:30:01] ℹ su_web 該時段內無資料變動，未生成有效 SQL。
[2026-06-20 15:30:01] ℹ sm_m2 該時段內無資料變動，未生成有效 SQL。
[2026-06-20 15:30:02] ℹ 備份檔案完成
[2026-06-20 16:00:02] 開始轉換時間範圍: 2026-06-20 15:00:00 到 2026-06-20 15:59:59
[2026-06-20 16:00:02] ℹ su_web 該時段內無資料變動，未生成有效 SQL。
[2026-06-20 16:00:02] ℹ sm_m2 該時段內無資料變動，未生成有效 SQL。
[2026-06-20 16:00:02] ℹ 備份檔案完成
[2026-06-20 16:30:01] 開始轉換時間範圍: 2026-06-20 15:00:00 到 2026-06-20 15:59:59
[2026-06-20 16:30:01] ℹ su_web 該時段內無資料變動，未生成有效 SQL。
[2026-06-20 16:30:01] ℹ sm_m2 該時段內無資料變動，未生成有效 SQL。
[2026-06-20 16:30:01] ℹ 備份檔案完成
[2026-06-20 17:00:01] 開始轉換時間範圍: 2026-06-20 16:00:00 到 2026-06-20 16:59:59
[2026-06-20 17:00:01] ℹ su_web 該時段內無資料變動，未生成有效 SQL。
[2026-06-20 17:00:02] ℹ sm_m2 該時段內無資料變動，未生成有效 SQL。
[2026-06-20 17:00:02] ℹ 備份檔案完成
[2026-06-20 17:30:01] 開始轉換時間範圍: 2026-06-20 16:00:00 到 2026-06-20 16:59:59
[2026-06-20 17:30:01] ℹ su_web 該時段內無資料變動，未生成有效 SQL。
[2026-06-20 17:30:01] ℹ sm_m2 該時段內無資料變動，未生成有效 SQL。
[2026-06-20 17:30:02] ℹ 備份檔案完成
[2026-06-20 18:00:01] 開始轉換時間範圍: 2026-06-20 17:00:00 到 2026-06-20 17:59:59
[2026-06-20 18:00:01] ℹ su_web 該時段內無資料變動，未生成有效 SQL。
[2026-06-20 18:00:01] ℹ sm_m2 該時段內無資料變動，未生成有效 SQL。
[2026-06-20 18:00:01] ℹ 備份檔案完成
[2026-06-20 18:30:01] 開始轉換時間範圍: 2026-06-20 17:00:00 到 2026-06-20 17:59:59
[2026-06-20 18:30:02] ℹ su_web 該時段內無資料變動，未生成有效 SQL。
[2026-06-20 18:30:02] ℹ sm_m2 該時段內無資料變動，未生成有效 SQL。
[2026-06-20 18:30:02] ℹ 備份檔案完成
[2026-06-20 19:00:01] 開始轉換時間範圍: 2026-06-20 18:00:00 到 2026-06-20 18:59:59
[2026-06-20 19:00:01] ℹ su_web 該時段內無資料變動，未生成有效 SQL。
[2026-06-20 19:00:01] ℹ sm_m2 該時段內無資料變動，未生成有效 SQL。
[2026-06-20 19:00:01] ℹ 備份檔案完成
[2026-06-20 19:30:01] 開始轉換時間範圍: 2026-06-20 18:00:00 到 2026-06-20 18:59:59
[2026-06-20 19:30:01] ℹ su_web 該時段內無資料變動，未生成有效 SQL。
[2026-06-20 19:30:01] ℹ sm_m2 該時段內無資料變動，未生成有效 SQL。
[2026-06-20 19:30:01] ℹ 備份檔案完成
[2026-06-20 20:00:01] 開始轉換時間範圍: 2026-06-20 19:00:00 到 2026-06-20 19:59:59
[2026-06-20 20:00:02] ℹ su_web 該時段內無資料變動，未生成有效 SQL。
[2026-06-20 20:00:02] ℹ sm_m2 該時段內無資料變動，未生成有效 SQL。
[2026-06-20 20:00:02] ℹ 備份檔案完成
[2026-06-20 20:30:02] 開始轉換時間範圍: 2026-06-20 19:00:00 到 2026-06-20 19:59:59
[2026-06-20 20:30:02] ℹ su_web 該時段內無資料變動，未生成有效 SQL。
[2026-06-20 20:30:02] ℹ sm_m2 該時段內無資料變動，未生成有效 SQL。
[2026-06-20 20:30:02] ℹ 備份檔案完成
[2026-06-20 21:00:01] 開始轉換時間範圍: 2026-06-20 20:00:00 到 2026-06-20 20:59:59
[2026-06-20 21:00:01] ℹ su_web 該時段內無資料變動，未生成有效 SQL。
[2026-06-20 21:00:01] ℹ sm_m2 該時段內無資料變動，未生成有效 SQL。
[2026-06-20 21:00:01] ℹ 備份檔案完成
[2026-06-20 21:30:01] 開始轉換時間範圍: 2026-06-20 20:00:00 到 2026-06-20 20:59:59
[2026-06-20 21:30:01] ℹ su_web 該時段內無資料變動，未生成有效 SQL。
[2026-06-20 21:30:01] ℹ sm_m2 該時段內無資料變動，未生成有效 SQL。
[2026-06-20 21:30:01] ℹ 備份檔案完成
[2026-06-20 22:00:01] 開始轉換時間範圍: 2026-06-20 21:00:00 到 2026-06-20 21:59:59
[2026-06-20 22:00:01] ℹ su_web 該時段內無資料變動，未生成有效 SQL。
[2026-06-20 22:00:01] ℹ sm_m2 該時段內無資料變動，未生成有效 SQL。
[2026-06-20 22:00:01] ℹ 備份檔案完成
[2026-06-20 22:30:01] 開始轉換時間範圍: 2026-06-20 21:00:00 到 2026-06-20 21:59:59
[2026-06-20 22:30:01] ℹ su_web 該時段內無資料變動，未生成有效 SQL。
[2026-06-20 22:30:01] ℹ sm_m2 該時段內無資料變動，未生成有效 SQL。
[2026-06-20 22:30:01] ℹ 備份檔案完成
[2026-06-20 23:00:01] 開始轉換時間範圍: 2026-06-20 22:00:00 到 2026-06-20 22:59:59
[2026-06-20 23:00:02] ℹ su_web 該時段內無資料變動，未生成有效 SQL。
[2026-06-20 23:00:02] ℹ sm_m2 該時段內無資料變動，未生成有效 SQL。
[2026-06-20 23:00:02] ℹ 備份檔案完成
[2026-06-20 23:30:01] 開始轉換時間範圍: 2026-06-20 22:00:00 到 2026-06-20 22:59:59
[2026-06-20 23:30:01] ℹ su_web 該時段內無資料變動，未生成有效 SQL。
[2026-06-20 23:30:01] ℹ sm_m2 該時段內無資料變動，未生成有效 SQL。
[2026-06-20 23:30:01] ℹ 備份檔案完成
[2026-06-21 00:00:01] 開始轉換時間範圍: 2026-06-20 23:00:00 到 2026-06-20 23:59:59
[2026-06-21 00:00:01] ℹ su_web 該時段內無資料變動，未生成有效 SQL。
[2026-06-21 00:00:01] ℹ sm_m2 該時段內無資料變動，未生成有效 SQL。
[2026-06-21 00:00:02] ℹ 備份檔案完成
[2026-06-21 00:30:01] 開始轉換時間範圍: 2026-06-20 23:00:00 到 2026-06-20 23:59:59
[2026-06-21 00:30:01] ℹ su_web 該時段內無資料變動，未生成有效 SQL。
[2026-06-21 00:30:01] ℹ sm_m2 該時段內無資料變動，未生成有效 SQL。
[2026-06-21 00:30:02] ℹ 備份檔案完成
[2026-06-21 01:00:01] 開始轉換時間範圍: 2026-06-21 00:00:00 到 2026-06-21 00:59:59
[2026-06-21 01:00:01] ℹ su_web 該時段內無資料變動，未生成有效 SQL。
[2026-06-21 01:00:01] ℹ sm_m2 該時段內無資料變動，未生成有效 SQL。
[2026-06-21 01:00:01] ℹ 備份檔案完成
[2026-06-21 01:30:02] 開始轉換時間範圍: 2026-06-21 00:00:00 到 2026-06-21 00:59:59
[2026-06-21 01:30:02] ℹ su_web 該時段內無資料變動，未生成有效 SQL。
[2026-06-21 01:30:02] ℹ sm_m2 該時段內無資料變動，未生成有效 SQL。
[2026-06-21 01:30:02] ℹ 備份檔案完成
[2026-06-21 02:00:01] 開始轉換時間範圍: 2026-06-21 01:00:00 到 2026-06-21 01:59:59
[2026-06-21 02:00:01] ℹ su_web 該時段內無資料變動，未生成有效 SQL。
[2026-06-21 02:00:01] ℹ sm_m2 該時段內無資料變動，未生成有效 SQL。
[2026-06-21 02:00:01] ℹ 備份檔案完成
[2026-06-21 02:30:01] 開始轉換時間範圍: 2026-06-21 01:00:00 到 2026-06-21 01:59:59
[2026-06-21 02:30:01] ℹ su_web 該時段內無資料變動，未生成有效 SQL。
[2026-06-21 02:30:01] ℹ sm_m2 該時段內無資料變動，未生成有效 SQL。
[2026-06-21 02:30:01] ℹ 備份檔案完成
[2026-06-21 03:00:01] 開始轉換時間範圍: 2026-06-21 02:00:00 到 2026-06-21 02:59:59
[2026-06-21 03:00:02] ℹ su_web 該時段內無資料變動，未生成有效 SQL。
[2026-06-21 03:00:02] ℹ sm_m2 該時段內無資料變動，未生成有效 SQL。
[2026-06-21 03:00:02] ℹ 備份檔案完成
[2026-06-21 03:30:01] 開始轉換時間範圍: 2026-06-21 02:00:00 到 2026-06-21 02:59:59
[2026-06-21 03:30:01] ℹ su_web 該時段內無資料變動，未生成有效 SQL。
[2026-06-21 03:30:01] ℹ sm_m2 該時段內無資料變動，未生成有效 SQL。
[2026-06-21 03:30:01] ℹ 備份檔案完成
[2026-06-21 04:00:01] 開始轉換時間範圍: 2026-06-21 03:00:00 到 2026-06-21 03:59:59
[2026-06-21 04:00:02] ℹ su_web 該時段內無資料變動，未生成有效 SQL。
[2026-06-21 04:00:02] ℹ sm_m2 該時段內無資料變動，未生成有效 SQL。
[2026-06-21 04:00:02] ℹ 備份檔案完成
[2026-06-21 04:30:01] 開始轉換時間範圍: 2026-06-21 03:00:00 到 2026-06-21 03:59:59
[2026-06-21 04:30:01] ℹ su_web 該時段內無資料變動，未生成有效 SQL。
[2026-06-21 04:30:01] ℹ sm_m2 該時段內無資料變動，未生成有效 SQL。
[2026-06-21 04:30:01] ℹ 備份檔案完成
[2026-06-21 05:00:01] 開始轉換時間範圍: 2026-06-21 04:00:00 到 2026-06-21 04:59:59
[2026-06-21 05:00:01] ℹ su_web 該時段內無資料變動，未生成有效 SQL。
[2026-06-21 05:00:01] ℹ sm_m2 該時段內無資料變動，未生成有效 SQL。
[2026-06-21 05:00:01] ℹ 備份檔案完成
[2026-06-21 05:30:01] 開始轉換時間範圍: 2026-06-21 04:00:00 到 2026-06-21 04:59:59
[2026-06-21 05:30:01] ℹ su_web 該時段內無資料變動，未生成有效 SQL。
[2026-06-21 05:30:01] ℹ sm_m2 該時段內無資料變動，未生成有效 SQL。
[2026-06-21 05:30:02] ℹ 備份檔案完成
[2026-06-21 06:00:01] 開始轉換時間範圍: 2026-06-21 05:00:00 到 2026-06-21 05:59:59
[2026-06-21 06:00:01] ℹ su_web 該時段內無資料變動，未生成有效 SQL。
[2026-06-21 06:00:01] ℹ sm_m2 該時段內無資料變動，未生成有效 SQL。
[2026-06-21 06:00:01] ℹ 備份檔案完成
[2026-06-21 06:30:01] 開始轉換時間範圍: 2026-06-21 05:00:00 到 2026-06-21 05:59:59
[2026-06-21 06:30:01] ℹ su_web 該時段內無資料變動，未生成有效 SQL。
[2026-06-21 06:30:01] ℹ sm_m2 該時段內無資料變動，未生成有效 SQL。
[2026-06-21 06:30:01] ℹ 備份檔案完成
[2026-06-21 07:00:01] 開始轉換時間範圍: 2026-06-21 06:00:00 到 2026-06-21 06:59:59
[2026-06-21 07:00:01] ℹ su_web 該時段內無資料變動，未生成有效 SQL。
[2026-06-21 07:00:01] ℹ sm_m2 該時段內無資料變動，未生成有效 SQL。
[2026-06-21 07:00:01] ℹ 備份檔案完成
[2026-06-21 07:30:01] 開始轉換時間範圍: 2026-06-21 06:00:00 到 2026-06-21 06:59:59
[2026-06-21 07:30:01] ℹ su_web 該時段內無資料變動，未生成有效 SQL。
[2026-06-21 07:30:01] ℹ sm_m2 該時段內無資料變動，未生成有效 SQL。
[2026-06-21 07:30:01] ℹ 備份檔案完成
[2026-06-21 08:00:01] 開始轉換時間範圍: 2026-06-21 07:00:00 到 2026-06-21 07:59:59
[2026-06-21 08:00:02] ℹ su_web 該時段內無資料變動，未生成有效 SQL。
[2026-06-21 08:00:02] ℹ sm_m2 該時段內無資料變動，未生成有效 SQL。
[2026-06-21 08:00:02] ℹ 備份檔案完成
[2026-06-21 08:30:01] 開始轉換時間範圍: 2026-06-21 07:00:00 到 2026-06-21 07:59:59
[2026-06-21 08:30:02] ℹ su_web 該時段內無資料變動，未生成有效 SQL。
[2026-06-21 08:30:02] ℹ sm_m2 該時段內無資料變動，未生成有效 SQL。
[2026-06-21 08:30:02] ℹ 備份檔案完成
[2026-06-21 09:00:01] 開始轉換時間範圍: 2026-06-21 08:00:00 到 2026-06-21 08:59:59
[2026-06-21 09:00:01] ℹ su_web 該時段內無資料變動，未生成有效 SQL。
[2026-06-21 09:00:01] ℹ sm_m2 該時段內無資料變動，未生成有效 SQL。
[2026-06-21 09:00:01] ℹ 備份檔案完成
[2026-06-21 09:30:01] 開始轉換時間範圍: 2026-06-21 08:00:00 到 2026-06-21 08:59:59
[2026-06-21 09:30:01] ℹ su_web 該時段內無資料變動，未生成有效 SQL。
[2026-06-21 09:30:01] ℹ sm_m2 該時段內無資料變動，未生成有效 SQL。
[2026-06-21 09:30:01] ℹ 備份檔案完成
[2026-06-21 10:00:01] 開始轉換時間範圍: 2026-06-21 09:00:00 到 2026-06-21 09:59:59
[2026-06-21 10:00:01] ℹ su_web 該時段內無資料變動，未生成有效 SQL。
[2026-06-21 10:00:01] ℹ sm_m2 該時段內無資料變動，未生成有效 SQL。
[2026-06-21 10:00:01] ℹ 備份檔案完成
[2026-06-21 10:30:01] 開始轉換時間範圍: 2026-06-21 09:00:00 到 2026-06-21 09:59:59
[2026-06-21 10:30:01] ℹ su_web 該時段內無資料變動，未生成有效 SQL。
[2026-06-21 10:30:01] ℹ sm_m2 該時段內無資料變動，未生成有效 SQL。
[2026-06-21 10:30:01] ℹ 備份檔案完成
[2026-06-21 11:00:01] 開始轉換時間範圍: 2026-06-21 10:00:00 到 2026-06-21 10:59:59
[2026-06-21 11:00:01] ℹ su_web 該時段內無資料變動，未生成有效 SQL。
[2026-06-21 11:00:01] ℹ sm_m2 該時段內無資料變動，未生成有效 SQL。
[2026-06-21 11:00:01] ℹ 備份檔案完成
[2026-06-21 11:30:01] 開始轉換時間範圍: 2026-06-21 10:00:00 到 2026-06-21 10:59:59
[2026-06-21 11:30:01] ℹ su_web 該時段內無資料變動，未生成有效 SQL。
[2026-06-21 11:30:01] ℹ sm_m2 該時段內無資料變動，未生成有效 SQL。
[2026-06-21 11:30:01] ℹ 備份檔案完成
[2026-06-21 12:00:01] 開始轉換時間範圍: 2026-06-21 11:00:00 到 2026-06-21 11:59:59
[2026-06-21 12:00:01] ℹ su_web 該時段內無資料變動，未生成有效 SQL。
[2026-06-21 12:00:01] ℹ sm_m2 該時段內無資料變動，未生成有效 SQL。
[2026-06-21 12:00:01] ℹ 備份檔案完成
[2026-06-21 12:30:01] 開始轉換時間範圍: 2026-06-21 11:00:00 到 2026-06-21 11:59:59
[2026-06-21 12:30:01] ℹ su_web 該時段內無資料變動，未生成有效 SQL。
[2026-06-21 12:30:01] ℹ sm_m2 該時段內無資料變動，未生成有效 SQL。
[2026-06-21 12:30:01] ℹ 備份檔案完成
[2026-06-21 13:00:01] 開始轉換時間範圍: 2026-06-21 12:00:00 到 2026-06-21 12:59:59
[2026-06-21 13:00:01] ℹ su_web 該時段內無資料變動，未生成有效 SQL。
[2026-06-21 13:00:01] ℹ sm_m2 該時段內無資料變動，未生成有效 SQL。
[2026-06-21 13:00:01] ℹ 備份檔案完成
[2026-06-21 13:30:01] 開始轉換時間範圍: 2026-06-21 12:00:00 到 2026-06-21 12:59:59
[2026-06-21 13:30:01] ℹ su_web 該時段內無資料變動，未生成有效 SQL。
[2026-06-21 13:30:02] ℹ sm_m2 該時段內無資料變動，未生成有效 SQL。
[2026-06-21 13:30:02] ℹ 備份檔案完成
[2026-06-21 14:00:01] 開始轉換時間範圍: 2026-06-21 13:00:00 到 2026-06-21 13:59:59
[2026-06-21 14:00:01] ℹ su_web 該時段內無資料變動，未生成有效 SQL。
[2026-06-21 14:00:01] ℹ sm_m2 該時段內無資料變動，未生成有效 SQL。
[2026-06-21 14:00:01] ℹ 備份檔案完成
[2026-06-21 14:30:02] 開始轉換時間範圍: 2026-06-21 13:00:00 到 2026-06-21 13:59:59
[2026-06-21 14:30:02] ℹ su_web 該時段內無資料變動，未生成有效 SQL。
[2026-06-21 14:30:02] ℹ sm_m2 該時段內無資料變動，未生成有效 SQL。
[2026-06-21 14:30:02] ℹ 備份檔案完成
[2026-06-21 15:00:01] 開始轉換時間範圍: 2026-06-21 14:00:00 到 2026-06-21 14:59:59
[2026-06-21 15:00:01] ℹ su_web 該時段內無資料變動，未生成有效 SQL。
[2026-06-21 15:00:02] ℹ sm_m2 該時段內無資料變動，未生成有效 SQL。
[2026-06-21 15:00:02] ℹ 備份檔案完成
[2026-06-21 15:30:01] 開始轉換時間範圍: 2026-06-21 14:00:00 到 2026-06-21 14:59:59
[2026-06-21 15:30:02] ℹ su_web 該時段內無資料變動，未生成有效 SQL。
[2026-06-21 15:30:02] ℹ sm_m2 該時段內無資料變動，未生成有效 SQL。
[2026-06-21 15:30:02] ℹ 備份檔案完成
[2026-06-21 16:00:01] 開始轉換時間範圍: 2026-06-21 15:00:00 到 2026-06-21 15:59:59
[2026-06-21 16:00:01] ℹ su_web 該時段內無資料變動，未生成有效 SQL。
[2026-06-21 16:00:01] ℹ sm_m2 該時段內無資料變動，未生成有效 SQL。
[2026-06-21 16:00:01] ℹ 備份檔案完成
[2026-06-21 16:30:01] 開始轉換時間範圍: 2026-06-21 15:00:00 到 2026-06-21 15:59:59
[2026-06-21 16:30:01] ℹ su_web 該時段內無資料變動，未生成有效 SQL。
[2026-06-21 16:30:01] ℹ sm_m2 該時段內無資料變動，未生成有效 SQL。
[2026-06-21 16:30:02] ℹ 備份檔案完成
[2026-06-21 17:00:01] 開始轉換時間範圍: 2026-06-21 16:00:00 到 2026-06-21 16:59:59
[2026-06-21 17:00:01] ℹ su_web 該時段內無資料變動，未生成有效 SQL。
[2026-06-21 17:00:01] ℹ sm_m2 該時段內無資料變動，未生成有效 SQL。
[2026-06-21 17:00:01] ℹ 備份檔案完成
[2026-06-21 17:30:01] 開始轉換時間範圍: 2026-06-21 16:00:00 到 2026-06-21 16:59:59
[2026-06-21 17:30:01] ℹ su_web 該時段內無資料變動，未生成有效 SQL。
[2026-06-21 17:30:01] ℹ sm_m2 該時段內無資料變動，未生成有效 SQL。
[2026-06-21 17:30:01] ℹ 備份檔案完成
[2026-06-21 18:00:02] 開始轉換時間範圍: 2026-06-21 17:00:00 到 2026-06-21 17:59:59
[2026-06-21 18:00:02] ℹ su_web 該時段內無資料變動，未生成有效 SQL。
[2026-06-21 18:00:02] ℹ sm_m2 該時段內無資料變動，未生成有效 SQL。
[2026-06-21 18:00:02] ℹ 備份檔案完成
[2026-06-21 18:30:01] 開始轉換時間範圍: 2026-06-21 17:00:00 到 2026-06-21 17:59:59
[2026-06-21 18:30:01] ℹ su_web 該時段內無資料變動，未生成有效 SQL。
[2026-06-21 18:30:01] ℹ sm_m2 該時段內無資料變動，未生成有效 SQL。
[2026-06-21 18:30:01] ℹ 備份檔案完成
[2026-06-21 19:00:01] 開始轉換時間範圍: 2026-06-21 18:00:00 到 2026-06-21 18:59:59
[2026-06-21 19:00:01] ℹ su_web 該時段內無資料變動，未生成有效 SQL。
[2026-06-21 19:00:01] ℹ sm_m2 該時段內無資料變動，未生成有效 SQL。
[2026-06-21 19:00:01] ℹ 備份檔案完成
[2026-06-21 19:30:02] 開始轉換時間範圍: 2026-06-21 18:00:00 到 2026-06-21 18:59:59
[2026-06-21 19:30:02] ℹ su_web 該時段內無資料變動，未生成有效 SQL。
[2026-06-21 19:30:02] ℹ sm_m2 該時段內無資料變動，未生成有效 SQL。
[2026-06-21 19:30:02] ℹ 備份檔案完成
[2026-06-21 20:00:01] 開始轉換時間範圍: 2026-06-21 19:00:00 到 2026-06-21 19:59:59
[2026-06-21 20:00:01] ℹ su_web 該時段內無資料變動，未生成有效 SQL。
[2026-06-21 20:00:01] ℹ sm_m2 該時段內無資料變動，未生成有效 SQL。
[2026-06-21 20:00:01] ℹ 備份檔案完成
[2026-06-21 20:30:01] 開始轉換時間範圍: 2026-06-21 19:00:00 到 2026-06-21 19:59:59
[2026-06-21 20:30:02] ℹ su_web 該時段內無資料變動，未生成有效 SQL。
[2026-06-21 20:30:02] ℹ sm_m2 該時段內無資料變動，未生成有效 SQL。
[2026-06-21 20:30:02] ℹ 備份檔案完成
[2026-06-21 21:00:01] 開始轉換時間範圍: 2026-06-21 20:00:00 到 2026-06-21 20:59:59
[2026-06-21 21:00:01] ℹ su_web 該時段內無資料變動，未生成有效 SQL。
[2026-06-21 21:00:01] ℹ sm_m2 該時段內無資料變動，未生成有效 SQL。
[2026-06-21 21:00:01] ℹ 備份檔案完成
[2026-06-21 21:30:02] 開始轉換時間範圍: 2026-06-21 20:00:00 到 2026-06-21 20:59:59
[2026-06-21 21:30:02] ℹ su_web 該時段內無資料變動，未生成有效 SQL。
[2026-06-21 21:30:02] ℹ sm_m2 該時段內無資料變動，未生成有效 SQL。
[2026-06-21 21:30:02] ℹ 備份檔案完成
[2026-06-21 22:00:01] 開始轉換時間範圍: 2026-06-21 21:00:00 到 2026-06-21 21:59:59
[2026-06-21 22:00:01] ℹ su_web 該時段內無資料變動，未生成有效 SQL。
[2026-06-21 22:00:01] ℹ sm_m2 該時段內無資料變動，未生成有效 SQL。
[2026-06-21 22:00:01] ℹ 備份檔案完成
[2026-06-21 22:30:01] 開始轉換時間範圍: 2026-06-21 21:00:00 到 2026-06-21 21:59:59
[2026-06-21 22:30:01] ℹ su_web 該時段內無資料變動，未生成有效 SQL。
[2026-06-21 22:30:01] ℹ sm_m2 該時段內無資料變動，未生成有效 SQL。
[2026-06-21 22:30:01] ℹ 備份檔案完成
[2026-06-21 23:00:01] 開始轉換時間範圍: 2026-06-21 22:00:00 到 2026-06-21 22:59:59
[2026-06-21 23:00:01] ℹ su_web 該時段內無資料變動，未生成有效 SQL。
[2026-06-21 23:00:02] ℹ sm_m2 該時段內無資料變動，未生成有效 SQL。
[2026-06-21 23:00:02] ℹ 備份檔案完成
[2026-06-21 23:30:02] 開始轉換時間範圍: 2026-06-21 22:00:00 到 2026-06-21 22:59:59
[2026-06-21 23:30:02] ℹ su_web 該時段內無資料變動，未生成有效 SQL。
[2026-06-21 23:30:02] ℹ sm_m2 該時段內無資料變動，未生成有效 SQL。
[2026-06-21 23:30:02] ℹ 備份檔案完成
[2026-06-22 00:00:01] 開始轉換時間範圍: 2026-06-21 23:00:00 到 2026-06-21 23:59:59
[2026-06-22 00:00:01] ℹ su_web 該時段內無資料變動，未生成有效 SQL。
[2026-06-22 00:00:01] ℹ sm_m2 該時段內無資料變動，未生成有效 SQL。
[2026-06-22 00:00:01] ℹ 備份檔案完成
[2026-06-22 00:30:02] 開始轉換時間範圍: 2026-06-21 23:00:00 到 2026-06-21 23:59:59
[2026-06-22 00:30:02] ℹ su_web 該時段內無資料變動，未生成有效 SQL。
[2026-06-22 00:30:02] ℹ sm_m2 該時段內無資料變動，未生成有效 SQL。
[2026-06-22 00:30:02] ℹ 備份檔案完成
[2026-06-22 01:00:01] 開始轉換時間範圍: 2026-06-22 00:00:00 到 2026-06-22 00:59:59
[2026-06-22 01:00:01] ℹ su_web 該時段內無資料變動，未生成有效 SQL。
[2026-06-22 01:00:01] ℹ sm_m2 該時段內無資料變動，未生成有效 SQL。
[2026-06-22 01:00:01] ℹ 備份檔案完成
[2026-06-22 01:30:01] 開始轉換時間範圍: 2026-06-22 00:00:00 到 2026-06-22 00:59:59
[2026-06-22 01:30:01] ℹ su_web 該時段內無資料變動，未生成有效 SQL。
[2026-06-22 01:30:01] ℹ sm_m2 該時段內無資料變動，未生成有效 SQL。
[2026-06-22 01:30:02] ℹ 備份檔案完成
[2026-06-22 02:00:01] 開始轉換時間範圍: 2026-06-22 01:00:00 到 2026-06-22 01:59:59
[2026-06-22 02:00:01] ℹ su_web 該時段內無資料變動，未生成有效 SQL。
[2026-06-22 02:00:01] ℹ sm_m2 該時段內無資料變動，未生成有效 SQL。
[2026-06-22 02:00:01] ℹ 備份檔案完成
[2026-06-22 02:30:01] 開始轉換時間範圍: 2026-06-22 01:00:00 到 2026-06-22 01:59:59
[2026-06-22 02:30:02] ℹ su_web 該時段內無資料變動，未生成有效 SQL。
[2026-06-22 02:30:02] ℹ sm_m2 該時段內無資料變動，未生成有效 SQL。
[2026-06-22 02:30:02] ℹ 備份檔案完成
[2026-06-22 03:00:01] 開始轉換時間範圍: 2026-06-22 02:00:00 到 2026-06-22 02:59:59
[2026-06-22 03:00:01] ℹ su_web 該時段內無資料變動，未生成有效 SQL。
[2026-06-22 03:00:01] ℹ sm_m2 該時段內無資料變動，未生成有效 SQL。
[2026-06-22 03:00:01] ℹ 備份檔案完成
[2026-06-22 03:30:01] 開始轉換時間範圍: 2026-06-22 02:00:00 到 2026-06-22 02:59:59
[2026-06-22 03:30:01] ℹ su_web 該時段內無資料變動，未生成有效 SQL。
[2026-06-22 03:30:01] ℹ sm_m2 該時段內無資料變動，未生成有效 SQL。
[2026-06-22 03:30:01] ℹ 備份檔案完成
[2026-06-22 04:00:01] 開始轉換時間範圍: 2026-06-22 03:00:00 到 2026-06-22 03:59:59
[2026-06-22 04:00:01] ℹ su_web 該時段內無資料變動，未生成有效 SQL。
[2026-06-22 04:00:01] ℹ sm_m2 該時段內無資料變動，未生成有效 SQL。
[2026-06-22 04:00:01] ℹ 備份檔案完成
[2026-06-22 04:30:01] 開始轉換時間範圍: 2026-06-22 03:00:00 到 2026-06-22 03:59:59
[2026-06-22 04:30:02] ℹ su_web 該時段內無資料變動，未生成有效 SQL。
[2026-06-22 04:30:02] ℹ sm_m2 該時段內無資料變動，未生成有效 SQL。
[2026-06-22 04:30:02] ℹ 備份檔案完成
[2026-06-22 05:00:01] 開始轉換時間範圍: 2026-06-22 04:00:00 到 2026-06-22 04:59:59
[2026-06-22 05:00:01] ℹ su_web 該時段內無資料變動，未生成有效 SQL。
[2026-06-22 05:00:01] ℹ sm_m2 該時段內無資料變動，未生成有效 SQL。
[2026-06-22 05:00:01] ℹ 備份檔案完成
[2026-06-22 05:30:01] 開始轉換時間範圍: 2026-06-22 04:00:00 到 2026-06-22 04:59:59
[2026-06-22 05:30:02] ℹ su_web 該時段內無資料變動，未生成有效 SQL。
[2026-06-22 05:30:02] ℹ sm_m2 該時段內無資料變動，未生成有效 SQL。
[2026-06-22 05:30:02] ℹ 備份檔案完成
[2026-06-22 06:00:01] 開始轉換時間範圍: 2026-06-22 05:00:00 到 2026-06-22 05:59:59
[2026-06-22 06:00:01] ℹ su_web 該時段內無資料變動，未生成有效 SQL。
[2026-06-22 06:00:01] ℹ sm_m2 該時段內無資料變動，未生成有效 SQL。
[2026-06-22 06:00:01] ℹ 備份檔案完成
[2026-06-22 06:30:01] 開始轉換時間範圍: 2026-06-22 05:00:00 到 2026-06-22 05:59:59
[2026-06-22 06:30:01] ℹ su_web 該時段內無資料變動，未生成有效 SQL。
[2026-06-22 06:30:01] ℹ sm_m2 該時段內無資料變動，未生成有效 SQL。
[2026-06-22 06:30:02] ℹ 備份檔案完成
[2026-06-22 07:00:01] 開始轉換時間範圍: 2026-06-22 06:00:00 到 2026-06-22 06:59:59
[2026-06-22 07:00:01] ℹ su_web 該時段內無資料變動，未生成有效 SQL。
[2026-06-22 07:00:01] ℹ sm_m2 該時段內無資料變動，未生成有效 SQL。
[2026-06-22 07:00:01] ℹ 備份檔案完成
[2026-06-22 07:30:01] 開始轉換時間範圍: 2026-06-22 06:00:00 到 2026-06-22 06:59:59
[2026-06-22 07:30:01] ℹ su_web 該時段內無資料變動，未生成有效 SQL。
[2026-06-22 07:30:01] ℹ sm_m2 該時段內無資料變動，未生成有效 SQL。
[2026-06-22 07:30:01] ℹ 備份檔案完成
[2026-06-22 08:00:02] 開始轉換時間範圍: 2026-06-22 07:00:00 到 2026-06-22 07:59:59
[2026-06-22 08:00:02] ℹ su_web 該時段內無資料變動，未生成有效 SQL。
[2026-06-22 08:00:02] ℹ sm_m2 該時段內無資料變動，未生成有效 SQL。
[2026-06-22 08:00:02] ℹ 備份檔案完成
[2026-06-22 08:30:01] 開始轉換時間範圍: 2026-06-22 07:00:00 到 2026-06-22 07:59:59
[2026-06-22 08:30:01] ℹ su_web 該時段內無資料變動，未生成有效 SQL。
[2026-06-22 08:30:01] ℹ sm_m2 該時段內無資料變動，未生成有效 SQL。
[2026-06-22 08:30:01] ℹ 備份檔案完成
[2026-06-22 09:00:01] 開始轉換時間範圍: 2026-06-22 08:00:00 到 2026-06-22 08:59:59
[2026-06-22 09:00:01] ℹ su_web 該時段內無資料變動，未生成有效 SQL。
[2026-06-22 09:00:01] ℹ sm_m2 該時段內無資料變動，未生成有效 SQL。
[2026-06-22 09:00:01] ℹ 備份檔案完成
[2026-06-22 09:30:01] 開始轉換時間範圍: 2026-06-22 08:00:00 到 2026-06-22 08:59:59
[2026-06-22 09:30:01] ℹ su_web 該時段內無資料變動，未生成有效 SQL。
[2026-06-22 09:30:01] ℹ sm_m2 該時段內無資料變動，未生成有效 SQL。
[2026-06-22 09:30:01] ℹ 備份檔案完成
[2026-06-22 10:00:01] 開始轉換時間範圍: 2026-06-22 09:00:00 到 2026-06-22 09:59:59
[2026-06-22 10:00:01] ℹ su_web 該時段內無資料變動，未生成有效 SQL。
[2026-06-22 10:00:01] ℹ sm_m2 該時段內無資料變動，未生成有效 SQL。
[2026-06-22 10:00:01] ℹ 備份檔案完成
[2026-06-22 10:30:01] 開始轉換時間範圍: 2026-06-22 09:00:00 到 2026-06-22 09:59:59
[2026-06-22 10:30:02] ℹ su_web 該時段內無資料變動，未生成有效 SQL。
[2026-06-22 10:30:02] ℹ sm_m2 該時段內無資料變動，未生成有效 SQL。
[2026-06-22 10:30:02] ℹ 備份檔案完成
[2026-06-22 11:00:01] 開始轉換時間範圍: 2026-06-22 10:00:00 到 2026-06-22 10:59:59
[2026-06-22 11:00:01] ℹ su_web 該時段內無資料變動，未生成有效 SQL。
[2026-06-22 11:00:01] ℹ sm_m2 該時段內無資料變動，未生成有效 SQL。
[2026-06-22 11:00:01] ℹ 備份檔案完成
[2026-06-22 11:30:01] 開始轉換時間範圍: 2026-06-22 10:00:00 到 2026-06-22 10:59:59
[2026-06-22 11:30:01] ℹ su_web 該時段內無資料變動，未生成有效 SQL。
[2026-06-22 11:30:01] ℹ sm_m2 該時段內無資料變動，未生成有效 SQL。
[2026-06-22 11:30:01] ℹ 備份檔案完成
[2026-06-22 12:00:01] 開始轉換時間範圍: 2026-06-22 11:00:00 到 2026-06-22 11:59:59
[2026-06-22 12:00:01] ℹ su_web 該時段內無資料變動，未生成有效 SQL。
[2026-06-22 12:00:01] ℹ sm_m2 該時段內無資料變動，未生成有效 SQL。
[2026-06-22 12:00:01] ℹ 備份檔案完成
[2026-06-22 12:30:01] 開始轉換時間範圍: 2026-06-22 11:00:00 到 2026-06-22 11:59:59
[2026-06-22 12:30:02] ℹ su_web 該時段內無資料變動，未生成有效 SQL。
[2026-06-22 12:30:02] ℹ sm_m2 該時段內無資料變動，未生成有效 SQL。
[2026-06-22 12:30:02] ℹ 備份檔案完成
[2026-06-22 13:00:01] 開始轉換時間範圍: 2026-06-22 12:00:00 到 2026-06-22 12:59:59
[2026-06-22 13:00:01] ℹ su_web 該時段內無資料變動，未生成有效 SQL。
[2026-06-22 13:00:01] ℹ sm_m2 該時段內無資料變動，未生成有效 SQL。
[2026-06-22 13:00:01] ℹ 備份檔案完成
[2026-06-22 13:30:01] 開始轉換時間範圍: 2026-06-22 12:00:00 到 2026-06-22 12:59:59
[2026-06-22 13:30:01] ℹ su_web 該時段內無資料變動，未生成有效 SQL。
[2026-06-22 13:30:01] ℹ sm_m2 該時段內無資料變動，未生成有效 SQL。
[2026-06-22 13:30:02] ℹ 備份檔案完成
[2026-06-22 14:00:01] 開始轉換時間範圍: 2026-06-22 13:00:00 到 2026-06-22 13:59:59
[2026-06-22 14:00:01] ℹ su_web 該時段內無資料變動，未生成有效 SQL。
[2026-06-22 14:00:01] ℹ sm_m2 該時段內無資料變動，未生成有效 SQL。
[2026-06-22 14:00:01] ℹ 備份檔案完成
[2026-06-22 14:30:01] 開始轉換時間範圍: 2026-06-22 13:00:00 到 2026-06-22 13:59:59
[2026-06-22 14:30:01] ℹ su_web 該時段內無資料變動，未生成有效 SQL。
[2026-06-22 14:30:01] ℹ sm_m2 該時段內無資料變動，未生成有效 SQL。
[2026-06-22 14:30:01] ℹ 備份檔案完成
[2026-06-22 15:00:01] 開始轉換時間範圍: 2026-06-22 14:00:00 到 2026-06-22 14:59:59
[2026-06-22 15:00:01] ℹ su_web 該時段內無資料變動，未生成有效 SQL。
[2026-06-22 15:00:01] ℹ sm_m2 該時段內無資料變動，未生成有效 SQL。
[2026-06-22 15:00:01] ℹ 備份檔案完成
[2026-06-22 15:30:01] 開始轉換時間範圍: 2026-06-22 14:00:00 到 2026-06-22 14:59:59
[2026-06-22 15:30:01] ℹ su_web 該時段內無資料變動，未生成有效 SQL。
[2026-06-22 15:30:01] ℹ sm_m2 該時段內無資料變動，未生成有效 SQL。
[2026-06-22 15:30:02] ℹ 備份檔案完成
[2026-06-22 16:00:01] 開始轉換時間範圍: 2026-06-22 15:00:00 到 2026-06-22 15:59:59
[2026-06-22 16:00:01] ℹ su_web 該時段內無資料變動，未生成有效 SQL。
[2026-06-22 16:00:01] ℹ sm_m2 該時段內無資料變動，未生成有效 SQL。
[2026-06-22 16:00:01] ℹ 備份檔案完成
[2026-06-22 16:30:01] 開始轉換時間範圍: 2026-06-22 15:00:00 到 2026-06-22 15:59:59
[2026-06-22 16:30:02] ℹ su_web 該時段內無資料變動，未生成有效 SQL。
[2026-06-22 16:30:02] ℹ sm_m2 該時段內無資料變動，未生成有效 SQL。
[2026-06-22 16:30:02] ℹ 備份檔案完成
[2026-06-22 17:00:01] 開始轉換時間範圍: 2026-06-22 16:00:00 到 2026-06-22 16:59:59
[2026-06-22 17:00:01] ℹ su_web 該時段內無資料變動，未生成有效 SQL。
[2026-06-22 17:00:01] ℹ sm_m2 該時段內無資料變動，未生成有效 SQL。
[2026-06-22 17:00:01] ℹ 備份檔案完成
[2026-06-22 17:30:02] 開始轉換時間範圍: 2026-06-22 16:00:00 到 2026-06-22 16:59:59
[2026-06-22 17:30:02] ℹ su_web 該時段內無資料變動，未生成有效 SQL。
[2026-06-22 17:30:02] ℹ sm_m2 該時段內無資料變動，未生成有效 SQL。
[2026-06-22 17:30:02] ℹ 備份檔案完成
[2026-06-22 18:00:01] 開始轉換時間範圍: 2026-06-22 17:00:00 到 2026-06-22 17:59:59
[2026-06-22 18:00:01] ℹ su_web 該時段內無資料變動，未生成有效 SQL。
[2026-06-22 18:00:01] ℹ sm_m2 該時段內無資料變動，未生成有效 SQL。
[2026-06-22 18:00:01] ℹ 備份檔案完成
[2026-06-22 18:30:01] 開始轉換時間範圍: 2026-06-22 17:00:00 到 2026-06-22 17:59:59
[2026-06-22 18:30:01] ℹ su_web 該時段內無資料變動，未生成有效 SQL。
[2026-06-22 18:30:01] ℹ sm_m2 該時段內無資料變動，未生成有效 SQL。
[2026-06-22 18:30:02] ℹ 備份檔案完成
[2026-06-22 19:00:01] 開始轉換時間範圍: 2026-06-22 18:00:00 到 2026-06-22 18:59:59
[2026-06-22 19:00:01] ℹ su_web 該時段內無資料變動，未生成有效 SQL。
[2026-06-22 19:00:01] ℹ sm_m2 該時段內無資料變動，未生成有效 SQL。
[2026-06-22 19:00:01] ℹ 備份檔案完成
[2026-06-22 19:30:01] 開始轉換時間範圍: 2026-06-22 18:00:00 到 2026-06-22 18:59:59
[2026-06-22 19:30:02] ℹ su_web 該時段內無資料變動，未生成有效 SQL。
[2026-06-22 19:30:02] ℹ sm_m2 該時段內無資料變動，未生成有效 SQL。
[2026-06-22 19:30:02] ℹ 備份檔案完成
[2026-06-22 20:00:01] 開始轉換時間範圍: 2026-06-22 19:00:00 到 2026-06-22 19:59:59
[2026-06-22 20:00:01] ℹ su_web 該時段內無資料變動，未生成有效 SQL。
[2026-06-22 20:00:01] ℹ sm_m2 該時段內無資料變動，未生成有效 SQL。
[2026-06-22 20:00:01] ℹ 備份檔案完成
[2026-06-22 20:30:01] 開始轉換時間範圍: 2026-06-22 19:00:00 到 2026-06-22 19:59:59
[2026-06-22 20:30:01] ℹ su_web 該時段內無資料變動，未生成有效 SQL。
[2026-06-22 20:30:01] ℹ sm_m2 該時段內無資料變動，未生成有效 SQL。
[2026-06-22 20:30:01] ℹ 備份檔案完成
[2026-06-22 21:00:01] 開始轉換時間範圍: 2026-06-22 20:00:00 到 2026-06-22 20:59:59
[2026-06-22 21:00:01] ℹ su_web 該時段內無資料變動，未生成有效 SQL。
[2026-06-22 21:00:01] ℹ sm_m2 該時段內無資料變動，未生成有效 SQL。
[2026-06-22 21:00:01] ℹ 備份檔案完成
[2026-06-22 21:30:02] 開始轉換時間範圍: 2026-06-22 20:00:00 到 2026-06-22 20:59:59
[2026-06-22 21:30:02] ℹ su_web 該時段內無資料變動，未生成有效 SQL。
[2026-06-22 21:30:02] ℹ sm_m2 該時段內無資料變動，未生成有效 SQL。
[2026-06-22 21:30:02] ℹ 備份檔案完成
[2026-06-22 22:00:01] 開始轉換時間範圍: 2026-06-22 21:00:00 到 2026-06-22 21:59:59
[2026-06-22 22:00:01] ℹ su_web 該時段內無資料變動，未生成有效 SQL。
[2026-06-22 22:00:01] ℹ sm_m2 該時段內無資料變動，未生成有效 SQL。
[2026-06-22 22:00:01] ℹ 備份檔案完成
[2026-06-22 22:30:01] 開始轉換時間範圍: 2026-06-22 21:00:00 到 2026-06-22 21:59:59
[2026-06-22 22:30:01] ℹ su_web 該時段內無資料變動，未生成有效 SQL。
[2026-06-22 22:30:01] ℹ sm_m2 該時段內無資料變動，未生成有效 SQL。
[2026-06-22 22:30:02] ℹ 備份檔案完成
[2026-06-22 23:00:01] 開始轉換時間範圍: 2026-06-22 22:00:00 到 2026-06-22 22:59:59
[2026-06-22 23:00:01] ℹ su_web 該時段內無資料變動，未生成有效 SQL。
[2026-06-22 23:00:01] ℹ sm_m2 該時段內無資料變動，未生成有效 SQL。
[2026-06-22 23:00:01] ℹ 備份檔案完成
[2026-06-22 23:30:01] 開始轉換時間範圍: 2026-06-22 22:00:00 到 2026-06-22 22:59:59
[2026-06-22 23:30:01] ℹ su_web 該時段內無資料變動，未生成有效 SQL。
[2026-06-22 23:30:01] ℹ sm_m2 該時段內無資料變動，未生成有效 SQL。
[2026-06-22 23:30:01] ℹ 備份檔案完成
[2026-06-23 00:00:01] 開始轉換時間範圍: 2026-06-22 23:00:00 到 2026-06-22 23:59:59
[2026-06-23 00:00:01] ℹ su_web 該時段內無資料變動，未生成有效 SQL。
[2026-06-23 00:00:01] ℹ sm_m2 該時段內無資料變動，未生成有效 SQL。
[2026-06-23 00:00:01] ℹ 備份檔案完成
[2026-06-23 00:30:01] 開始轉換時間範圍: 2026-06-22 23:00:00 到 2026-06-22 23:59:59
[2026-06-23 00:30:01] ℹ su_web 該時段內無資料變動，未生成有效 SQL。
[2026-06-23 00:30:01] ℹ sm_m2 該時段內無資料變動，未生成有效 SQL。
[2026-06-23 00:30:02] ℹ 備份檔案完成
[2026-06-23 01:00:01] 開始轉換時間範圍: 2026-06-23 00:00:00 到 2026-06-23 00:59:59
[2026-06-23 01:00:01] ℹ su_web 該時段內無資料變動，未生成有效 SQL。
[2026-06-23 01:00:01] ℹ sm_m2 該時段內無資料變動，未生成有效 SQL。
[2026-06-23 01:00:01] ℹ 備份檔案完成
[2026-06-23 01:30:01] 開始轉換時間範圍: 2026-06-23 00:00:00 到 2026-06-23 00:59:59
[2026-06-23 01:30:01] ℹ su_web 該時段內無資料變動，未生成有效 SQL。
[2026-06-23 01:30:01] ℹ sm_m2 該時段內無資料變動，未生成有效 SQL。
[2026-06-23 01:30:02] ℹ 備份檔案完成
[2026-06-23 02:00:01] 開始轉換時間範圍: 2026-06-23 01:00:00 到 2026-06-23 01:59:59
[2026-06-23 02:00:01] ℹ su_web 該時段內無資料變動，未生成有效 SQL。
[2026-06-23 02:00:01] ℹ sm_m2 該時段內無資料變動，未生成有效 SQL。
[2026-06-23 02:00:02] ℹ 備份檔案完成
[2026-06-23 02:30:01] 開始轉換時間範圍: 2026-06-23 01:00:00 到 2026-06-23 01:59:59
[2026-06-23 02:30:01] ℹ su_web 該時段內無資料變動，未生成有效 SQL。
[2026-06-23 02:30:01] ℹ sm_m2 該時段內無資料變動，未生成有效 SQL。
[2026-06-23 02:30:01] ℹ 備份檔案完成
[2026-06-23 03:00:01] 開始轉換時間範圍: 2026-06-23 02:00:00 到 2026-06-23 02:59:59
[2026-06-23 03:00:01] ℹ su_web 該時段內無資料變動，未生成有效 SQL。
[2026-06-23 03:00:01] ℹ sm_m2 該時段內無資料變動，未生成有效 SQL。
[2026-06-23 03:00:01] ℹ 備份檔案完成
[2026-06-23 03:30:02] 開始轉換時間範圍: 2026-06-23 02:00:00 到 2026-06-23 02:59:59
[2026-06-23 03:30:02] ℹ su_web 該時段內無資料變動，未生成有效 SQL。
[2026-06-23 03:30:02] ℹ sm_m2 該時段內無資料變動，未生成有效 SQL。
[2026-06-23 03:30:02] ℹ 備份檔案完成
[2026-06-23 04:00:01] 開始轉換時間範圍: 2026-06-23 03:00:00 到 2026-06-23 03:59:59
[2026-06-23 04:00:01] ℹ su_web 該時段內無資料變動，未生成有效 SQL。
[2026-06-23 04:00:01] ℹ sm_m2 該時段內無資料變動，未生成有效 SQL。
[2026-06-23 04:00:01] ℹ 備份檔案完成
[2026-06-23 04:30:01] 開始轉換時間範圍: 2026-06-23 03:00:00 到 2026-06-23 03:59:59
[2026-06-23 04:30:01] ℹ su_web 該時段內無資料變動，未生成有效 SQL。
[2026-06-23 04:30:01] ℹ sm_m2 該時段內無資料變動，未生成有效 SQL。
[2026-06-23 04:30:01] ℹ 備份檔案完成
[2026-06-23 05:00:01] 開始轉換時間範圍: 2026-06-23 04:00:00 到 2026-06-23 04:59:59
[2026-06-23 05:00:02] ℹ su_web 該時段內無資料變動，未生成有效 SQL。
[2026-06-23 05:00:02] ℹ sm_m2 該時段內無資料變動，未生成有效 SQL。
[2026-06-23 05:00:02] ℹ 備份檔案完成
[2026-06-23 05:30:01] 開始轉換時間範圍: 2026-06-23 04:00:00 到 2026-06-23 04:59:59
[2026-06-23 05:30:02] ℹ su_web 該時段內無資料變動，未生成有效 SQL。
[2026-06-23 05:30:02] ℹ sm_m2 該時段內無資料變動，未生成有效 SQL。
[2026-06-23 05:30:02] ℹ 備份檔案完成
[2026-06-23 06:00:01] 開始轉換時間範圍: 2026-06-23 05:00:00 到 2026-06-23 05:59:59
[2026-06-23 06:00:01] ℹ su_web 該時段內無資料變動，未生成有效 SQL。
[2026-06-23 06:00:01] ℹ sm_m2 該時段內無資料變動，未生成有效 SQL。
[2026-06-23 06:00:01] ℹ 備份檔案完成
[2026-06-23 06:30:01] 開始轉換時間範圍: 2026-06-23 05:00:00 到 2026-06-23 05:59:59
[2026-06-23 06:30:01] ℹ su_web 該時段內無資料變動，未生成有效 SQL。
[2026-06-23 06:30:01] ℹ sm_m2 該時段內無資料變動，未生成有效 SQL。
[2026-06-23 06:30:01] ℹ 備份檔案完成
[2026-06-23 07:00:01] 開始轉換時間範圍: 2026-06-23 06:00:00 到 2026-06-23 06:59:59
[2026-06-23 07:00:01] ℹ su_web 該時段內無資料變動，未生成有效 SQL。
[2026-06-23 07:00:01] ℹ sm_m2 該時段內無資料變動，未生成有效 SQL。
[2026-06-23 07:00:02] ℹ 備份檔案完成
[2026-06-23 07:30:01] 開始轉換時間範圍: 2026-06-23 06:00:00 到 2026-06-23 06:59:59
[2026-06-23 07:30:01] ℹ su_web 該時段內無資料變動，未生成有效 SQL。
[2026-06-23 07:30:01] ℹ sm_m2 該時段內無資料變動，未生成有效 SQL。
[2026-06-23 07:30:01] ℹ 備份檔案完成
[2026-06-23 08:00:01] 開始轉換時間範圍: 2026-06-23 07:00:00 到 2026-06-23 07:59:59
[2026-06-23 08:00:02] ℹ su_web 該時段內無資料變動，未生成有效 SQL。
[2026-06-23 08:00:02] ℹ sm_m2 該時段內無資料變動，未生成有效 SQL。
[2026-06-23 08:00:02] ℹ 備份檔案完成
[2026-06-23 08:30:01] 開始轉換時間範圍: 2026-06-23 07:00:00 到 2026-06-23 07:59:59
[2026-06-23 08:30:02] ℹ su_web 該時段內無資料變動，未生成有效 SQL。
[2026-06-23 08:30:02] ℹ sm_m2 該時段內無資料變動，未生成有效 SQL。
[2026-06-23 08:30:02] ℹ 備份檔案完成
[2026-06-23 09:00:02] 開始轉換時間範圍: 2026-06-23 08:00:00 到 2026-06-23 08:59:59
[2026-06-23 09:00:02] ℹ su_web 該時段內無資料變動，未生成有效 SQL。
[2026-06-23 09:00:02] ℹ sm_m2 該時段內無資料變動，未生成有效 SQL。
[2026-06-23 09:00:02] ℹ 備份檔案完成
[2026-06-23 09:30:01] 開始轉換時間範圍: 2026-06-23 08:00:00 到 2026-06-23 08:59:59
[2026-06-23 09:30:01] ℹ su_web 該時段內無資料變動，未生成有效 SQL。
[2026-06-23 09:30:01] ℹ sm_m2 該時段內無資料變動，未生成有效 SQL。
[2026-06-23 09:30:01] ℹ 備份檔案完成
[2026-06-23 10:00:01] 開始轉換時間範圍: 2026-06-23 09:00:00 到 2026-06-23 09:59:59
[2026-06-23 10:00:01] ℹ su_web 該時段內無資料變動，未生成有效 SQL。
[2026-06-23 10:00:01] ℹ sm_m2 該時段內無資料變動，未生成有效 SQL。
[2026-06-23 10:00:01] ℹ 備份檔案完成
[2026-06-23 10:30:01] 開始轉換時間範圍: 2026-06-23 09:00:00 到 2026-06-23 09:59:59
[2026-06-23 10:30:01] ℹ su_web 該時段內無資料變動，未生成有效 SQL。
[2026-06-23 10:30:01] ℹ sm_m2 該時段內無資料變動，未生成有效 SQL。
[2026-06-23 10:30:01] ℹ 備份檔案完成
[2026-06-23 11:00:01] 開始轉換時間範圍: 2026-06-23 10:00:00 到 2026-06-23 10:59:59
[2026-06-23 11:00:01] ℹ su_web 該時段內無資料變動，未生成有效 SQL。
[2026-06-23 11:00:02] ℹ sm_m2 該時段內無資料變動，未生成有效 SQL。
[2026-06-23 11:00:02] ℹ 備份檔案完成
[2026-06-23 11:30:01] 開始轉換時間範圍: 2026-06-23 10:00:00 到 2026-06-23 10:59:59
[2026-06-23 11:30:01] ℹ su_web 該時段內無資料變動，未生成有效 SQL。
[2026-06-23 11:30:01] ℹ sm_m2 該時段內無資料變動，未生成有效 SQL。
[2026-06-23 11:30:01] ℹ 備份檔案完成
[2026-06-23 12:00:01] 開始轉換時間範圍: 2026-06-23 11:00:00 到 2026-06-23 11:59:59
[2026-06-23 12:00:01] ℹ su_web 該時段內無資料變動，未生成有效 SQL。
[2026-06-23 12:00:01] ℹ sm_m2 該時段內無資料變動，未生成有效 SQL。
[2026-06-23 12:00:01] ℹ 備份檔案完成
[2026-06-23 12:30:01] 開始轉換時間範圍: 2026-06-23 11:00:00 到 2026-06-23 11:59:59
[2026-06-23 12:30:01] ℹ su_web 該時段內無資料變動，未生成有效 SQL。
[2026-06-23 12:30:01] ℹ sm_m2 該時段內無資料變動，未生成有效 SQL。
[2026-06-23 12:30:02] ℹ 備份檔案完成
[2026-06-23 13:00:01] 開始轉換時間範圍: 2026-06-23 12:00:00 到 2026-06-23 12:59:59
[2026-06-23 13:00:01] ℹ su_web 該時段內無資料變動，未生成有效 SQL。
[2026-06-23 13:00:01] ℹ sm_m2 該時段內無資料變動，未生成有效 SQL。
[2026-06-23 13:00:01] ℹ 備份檔案完成
[2026-06-23 13:30:01] 開始轉換時間範圍: 2026-06-23 12:00:00 到 2026-06-23 12:59:59
[2026-06-23 13:30:01] ℹ su_web 該時段內無資料變動，未生成有效 SQL。
[2026-06-23 13:30:01] ℹ sm_m2 該時段內無資料變動，未生成有效 SQL。
[2026-06-23 13:30:01] ℹ 備份檔案完成
[2026-06-23 14:00:01] 開始轉換時間範圍: 2026-06-23 13:00:00 到 2026-06-23 13:59:59
[2026-06-23 14:00:01] ℹ su_web 該時段內無資料變動，未生成有效 SQL。
[2026-06-23 14:00:01] ℹ sm_m2 該時段內無資料變動，未生成有效 SQL。
[2026-06-23 14:00:01] ℹ 備份檔案完成
[2026-06-23 14:30:01] 開始轉換時間範圍: 2026-06-23 13:00:00 到 2026-06-23 13:59:59
[2026-06-23 14:30:01] ℹ su_web 該時段內無資料變動，未生成有效 SQL。
[2026-06-23 14:30:01] ℹ sm_m2 該時段內無資料變動，未生成有效 SQL。
[2026-06-23 14:30:01] ℹ 備份檔案完成
[2026-06-23 15:00:01] 開始轉換時間範圍: 2026-06-23 14:00:00 到 2026-06-23 14:59:59
[2026-06-23 15:00:01] ℹ su_web 該時段內無資料變動，未生成有效 SQL。
[2026-06-23 15:00:01] ℹ sm_m2 該時段內無資料變動，未生成有效 SQL。
[2026-06-23 15:00:01] ℹ 備份檔案完成
[2026-06-23 15:30:01] 開始轉換時間範圍: 2026-06-23 14:00:00 到 2026-06-23 14:59:59
[2026-06-23 15:30:02] ℹ su_web 該時段內無資料變動，未生成有效 SQL。
[2026-06-23 15:30:02] ℹ sm_m2 該時段內無資料變動，未生成有效 SQL。
[2026-06-23 15:30:02] ℹ 備份檔案完成
[2026-06-23 16:00:01] 開始轉換時間範圍: 2026-06-23 15:00:00 到 2026-06-23 15:59:59
[2026-06-23 16:00:01] ℹ su_web 該時段內無資料變動，未生成有效 SQL。
[2026-06-23 16:00:01] ℹ sm_m2 該時段內無資料變動，未生成有效 SQL。
[2026-06-23 16:00:01] ℹ 備份檔案完成
[2026-06-23 16:30:01] 開始轉換時間範圍: 2026-06-23 15:00:00 到 2026-06-23 15:59:59
[2026-06-23 16:30:01] ℹ su_web 該時段內無資料變動，未生成有效 SQL。
[2026-06-23 16:30:01] ℹ sm_m2 該時段內無資料變動，未生成有效 SQL。
[2026-06-23 16:30:01] ℹ 備份檔案完成
[2026-06-23 17:00:01] 開始轉換時間範圍: 2026-06-23 16:00:00 到 2026-06-23 16:59:59
[2026-06-23 17:00:01] ℹ su_web 該時段內無資料變動，未生成有效 SQL。
[2026-06-23 17:00:01] ℹ sm_m2 該時段內無資料變動，未生成有效 SQL。
[2026-06-23 17:00:01] ℹ 備份檔案完成
[2026-06-23 17:30:01] 開始轉換時間範圍: 2026-06-23 16:00:00 到 2026-06-23 16:59:59
[2026-06-23 17:30:01] ℹ su_web 該時段內無資料變動，未生成有效 SQL。
[2026-06-23 17:30:01] ℹ sm_m2 該時段內無資料變動，未生成有效 SQL。
[2026-06-23 17:30:02] ℹ 備份檔案完成
[2026-06-23 18:00:01] 開始轉換時間範圍: 2026-06-23 17:00:00 到 2026-06-23 17:59:59
[2026-06-23 18:00:01] ℹ su_web 該時段內無資料變動，未生成有效 SQL。
[2026-06-23 18:00:02] ℹ sm_m2 該時段內無資料變動，未生成有效 SQL。
[2026-06-23 18:00:02] ℹ 備份檔案完成
[2026-06-23 18:30:01] 開始轉換時間範圍: 2026-06-23 17:00:00 到 2026-06-23 17:59:59
[2026-06-23 18:30:01] ℹ su_web 該時段內無資料變動，未生成有效 SQL。
[2026-06-23 18:30:01] ℹ sm_m2 該時段內無資料變動，未生成有效 SQL。
[2026-06-23 18:30:01] ℹ 備份檔案完成
[2026-06-23 19:00:01] 開始轉換時間範圍: 2026-06-23 18:00:00 到 2026-06-23 18:59:59
[2026-06-23 19:00:01] ℹ su_web 該時段內無資料變動，未生成有效 SQL。
[2026-06-23 19:00:01] ℹ sm_m2 該時段內無資料變動，未生成有效 SQL。
[2026-06-23 19:00:01] ℹ 備份檔案完成
[2026-06-23 19:30:01] 開始轉換時間範圍: 2026-06-23 18:00:00 到 2026-06-23 18:59:59
[2026-06-23 19:30:01] ℹ su_web 該時段內無資料變動，未生成有效 SQL。
[2026-06-23 19:30:02] ℹ sm_m2 該時段內無資料變動，未生成有效 SQL。
[2026-06-23 19:30:02] ℹ 備份檔案完成
[2026-06-23 20:00:01] 開始轉換時間範圍: 2026-06-23 19:00:00 到 2026-06-23 19:59:59
[2026-06-23 20:00:01] ℹ su_web 該時段內無資料變動，未生成有效 SQL。
[2026-06-23 20:00:01] ℹ sm_m2 該時段內無資料變動，未生成有效 SQL。
[2026-06-23 20:00:01] ℹ 備份檔案完成
[2026-06-23 20:30:01] 開始轉換時間範圍: 2026-06-23 19:00:00 到 2026-06-23 19:59:59
[2026-06-23 20:30:01] ℹ su_web 該時段內無資料變動，未生成有效 SQL。
[2026-06-23 20:30:01] ℹ sm_m2 該時段內無資料變動，未生成有效 SQL。
[2026-06-23 20:30:01] ℹ 備份檔案完成
[2026-06-23 21:00:01] 開始轉換時間範圍: 2026-06-23 20:00:00 到 2026-06-23 20:59:59
[2026-06-23 21:00:01] ℹ su_web 該時段內無資料變動，未生成有效 SQL。
[2026-06-23 21:00:01] ℹ sm_m2 該時段內無資料變動，未生成有效 SQL。
[2026-06-23 21:00:01] ℹ 備份檔案完成
[2026-06-23 21:30:02] 開始轉換時間範圍: 2026-06-23 20:00:00 到 2026-06-23 20:59:59
[2026-06-23 21:30:02] ℹ su_web 該時段內無資料變動，未生成有效 SQL。
[2026-06-23 21:30:02] ℹ sm_m2 該時段內無資料變動，未生成有效 SQL。
[2026-06-23 21:30:02] ℹ 備份檔案完成
[2026-06-23 22:00:01] 開始轉換時間範圍: 2026-06-23 21:00:00 到 2026-06-23 21:59:59
[2026-06-23 22:00:01] ℹ su_web 該時段內無資料變動，未生成有效 SQL。
[2026-06-23 22:00:01] ℹ sm_m2 該時段內無資料變動，未生成有效 SQL。
[2026-06-23 22:00:01] ℹ 備份檔案完成
[2026-06-23 22:30:02] 開始轉換時間範圍: 2026-06-23 21:00:00 到 2026-06-23 21:59:59
[2026-06-23 22:30:02] ℹ su_web 該時段內無資料變動，未生成有效 SQL。
[2026-06-23 22:30:02] ℹ sm_m2 該時段內無資料變動，未生成有效 SQL。
[2026-06-23 22:30:02] ℹ 備份檔案完成
[2026-06-23 23:00:01] 開始轉換時間範圍: 2026-06-23 22:00:00 到 2026-06-23 22:59:59
[2026-06-23 23:00:01] ℹ su_web 該時段內無資料變動，未生成有效 SQL。
[2026-06-23 23:00:01] ℹ sm_m2 該時段內無資料變動，未生成有效 SQL。
[2026-06-23 23:00:01] ℹ 備份檔案完成
[2026-06-23 23:30:01] 開始轉換時間範圍: 2026-06-23 22:00:00 到 2026-06-23 22:59:59
[2026-06-23 23:30:01] ℹ su_web 該時段內無資料變動，未生成有效 SQL。
[2026-06-23 23:30:01] ℹ sm_m2 該時段內無資料變動，未生成有效 SQL。
[2026-06-23 23:30:02] ℹ 備份檔案完成
[2026-06-24 00:00:01] 開始轉換時間範圍: 2026-06-23 23:00:00 到 2026-06-23 23:59:59
[2026-06-24 00:00:01] ℹ su_web 該時段內無資料變動，未生成有效 SQL。
[2026-06-24 00:00:01] ℹ sm_m2 該時段內無資料變動，未生成有效 SQL。
[2026-06-24 00:00:01] ℹ 備份檔案完成
[2026-06-24 00:30:01] 開始轉換時間範圍: 2026-06-23 23:00:00 到 2026-06-23 23:59:59
[2026-06-24 00:30:01] ℹ su_web 該時段內無資料變動，未生成有效 SQL。
[2026-06-24 00:30:01] ℹ sm_m2 該時段內無資料變動，未生成有效 SQL。
[2026-06-24 00:30:01] ℹ 備份檔案完成
[2026-06-24 01:00:02] 開始轉換時間範圍: 2026-06-24 00:00:00 到 2026-06-24 00:59:59
[2026-06-24 01:00:02] ℹ su_web 該時段內無資料變動，未生成有效 SQL。
[2026-06-24 01:00:02] ℹ sm_m2 該時段內無資料變動，未生成有效 SQL。
[2026-06-24 01:00:02] ℹ 備份檔案完成
[2026-06-24 01:30:01] 開始轉換時間範圍: 2026-06-24 00:00:00 到 2026-06-24 00:59:59
[2026-06-24 01:30:01] ℹ su_web 該時段內無資料變動，未生成有效 SQL。
[2026-06-24 01:30:01] ℹ sm_m2 該時段內無資料變動，未生成有效 SQL。
[2026-06-24 01:30:01] ℹ 備份檔案完成
[2026-06-24 02:00:02] 開始轉換時間範圍: 2026-06-24 01:00:00 到 2026-06-24 01:59:59
[2026-06-24 02:00:02] ℹ su_web 該時段內無資料變動，未生成有效 SQL。
[2026-06-24 02:00:02] ℹ sm_m2 該時段內無資料變動，未生成有效 SQL。
[2026-06-24 02:00:02] ℹ 備份檔案完成
[2026-06-24 02:30:02] 開始轉換時間範圍: 2026-06-24 01:00:00 到 2026-06-24 01:59:59
[2026-06-24 02:30:02] ℹ su_web 該時段內無資料變動，未生成有效 SQL。
[2026-06-24 02:30:02] ℹ sm_m2 該時段內無資料變動，未生成有效 SQL。
[2026-06-24 02:30:02] ℹ 備份檔案完成
[2026-06-24 03:00:02] 開始轉換時間範圍: 2026-06-24 02:00:00 到 2026-06-24 02:59:59
[2026-06-24 03:00:02] ℹ su_web 該時段內無資料變動，未生成有效 SQL。
[2026-06-24 03:00:02] ℹ sm_m2 該時段內無資料變動，未生成有效 SQL。
[2026-06-24 03:00:02] ℹ 備份檔案完成
[2026-06-24 03:30:01] 開始轉換時間範圍: 2026-06-24 02:00:00 到 2026-06-24 02:59:59
[2026-06-24 03:30:01] ℹ su_web 該時段內無資料變動，未生成有效 SQL。
[2026-06-24 03:30:02] ℹ sm_m2 該時段內無資料變動，未生成有效 SQL。
[2026-06-24 03:30:02] ℹ 備份檔案完成
[2026-06-24 04:00:02] 開始轉換時間範圍: 2026-06-24 03:00:00 到 2026-06-24 03:59:59
[2026-06-24 04:00:02] ℹ su_web 該時段內無資料變動，未生成有效 SQL。
[2026-06-24 04:00:02] ℹ sm_m2 該時段內無資料變動，未生成有效 SQL。
[2026-06-24 04:00:02] ℹ 備份檔案完成
[2026-06-24 04:30:02] 開始轉換時間範圍: 2026-06-24 03:00:00 到 2026-06-24 03:59:59
[2026-06-24 04:30:02] ℹ su_web 該時段內無資料變動，未生成有效 SQL。
[2026-06-24 04:30:02] ℹ sm_m2 該時段內無資料變動，未生成有效 SQL。
[2026-06-24 04:30:02] ℹ 備份檔案完成
[2026-06-24 05:00:01] 開始轉換時間範圍: 2026-06-24 04:00:00 到 2026-06-24 04:59:59
[2026-06-24 05:00:01] ℹ su_web 該時段內無資料變動，未生成有效 SQL。
[2026-06-24 05:00:01] ℹ sm_m2 該時段內無資料變動，未生成有效 SQL。
[2026-06-24 05:00:01] ℹ 備份檔案完成
[2026-06-24 05:30:01] 開始轉換時間範圍: 2026-06-24 04:00:00 到 2026-06-24 04:59:59
[2026-06-24 05:30:01] ℹ su_web 該時段內無資料變動，未生成有效 SQL。
[2026-06-24 05:30:01] ℹ sm_m2 該時段內無資料變動，未生成有效 SQL。
[2026-06-24 05:30:01] ℹ 備份檔案完成
[2026-06-24 06:00:01] 開始轉換時間範圍: 2026-06-24 05:00:00 到 2026-06-24 05:59:59
[2026-06-24 06:00:01] ℹ su_web 該時段內無資料變動，未生成有效 SQL。
[2026-06-24 06:00:01] ℹ sm_m2 該時段內無資料變動，未生成有效 SQL。
[2026-06-24 06:00:01] ℹ 備份檔案完成
[2026-06-24 06:30:02] 開始轉換時間範圍: 2026-06-24 05:00:00 到 2026-06-24 05:59:59
[2026-06-24 06:30:02] ℹ su_web 該時段內無資料變動，未生成有效 SQL。
[2026-06-24 06:30:02] ℹ sm_m2 該時段內無資料變動，未生成有效 SQL。
[2026-06-24 06:30:02] ℹ 備份檔案完成
[2026-06-24 07:00:01] 開始轉換時間範圍: 2026-06-24 06:00:00 到 2026-06-24 06:59:59
[2026-06-24 07:00:01] ℹ su_web 該時段內無資料變動，未生成有效 SQL。
[2026-06-24 07:00:01] ℹ sm_m2 該時段內無資料變動，未生成有效 SQL。
[2026-06-24 07:00:01] ℹ 備份檔案完成
[2026-06-24 07:30:01] 開始轉換時間範圍: 2026-06-24 06:00:00 到 2026-06-24 06:59:59
[2026-06-24 07:30:01] ℹ su_web 該時段內無資料變動，未生成有效 SQL。
[2026-06-24 07:30:01] ℹ sm_m2 該時段內無資料變動，未生成有效 SQL。
[2026-06-24 07:30:01] ℹ 備份檔案完成
[2026-06-24 08:00:01] 開始轉換時間範圍: 2026-06-24 07:00:00 到 2026-06-24 07:59:59
[2026-06-24 08:00:01] ℹ su_web 該時段內無資料變動，未生成有效 SQL。
[2026-06-24 08:00:01] ℹ sm_m2 該時段內無資料變動，未生成有效 SQL。
[2026-06-24 08:00:01] ℹ 備份檔案完成
[2026-06-24 08:30:01] 開始轉換時間範圍: 2026-06-24 07:00:00 到 2026-06-24 07:59:59
[2026-06-24 08:30:01] ℹ su_web 該時段內無資料變動，未生成有效 SQL。
[2026-06-24 08:30:01] ℹ sm_m2 該時段內無資料變動，未生成有效 SQL。
[2026-06-24 08:30:01] ℹ 備份檔案完成
[2026-06-24 09:00:01] 開始轉換時間範圍: 2026-06-24 08:00:00 到 2026-06-24 08:59:59
[2026-06-24 09:00:01] ℹ su_web 該時段內無資料變動，未生成有效 SQL。
[2026-06-24 09:00:01] ℹ sm_m2 該時段內無資料變動，未生成有效 SQL。
[2026-06-24 09:00:01] ℹ 備份檔案完成
[2026-06-24 09:30:01] 開始轉換時間範圍: 2026-06-24 08:00:00 到 2026-06-24 08:59:59
[2026-06-24 09:30:01] ℹ su_web 該時段內無資料變動，未生成有效 SQL。
[2026-06-24 09:30:01] ℹ sm_m2 該時段內無資料變動，未生成有效 SQL。
[2026-06-24 09:30:01] ℹ 備份檔案完成
[2026-06-24 10:00:02] 開始轉換時間範圍: 2026-06-24 09:00:00 到 2026-06-24 09:59:59
[2026-06-24 10:00:02] ℹ su_web 該時段內無資料變動，未生成有效 SQL。
[2026-06-24 10:00:02] ℹ sm_m2 該時段內無資料變動，未生成有效 SQL。
[2026-06-24 10:00:02] ℹ 備份檔案完成
[2026-06-24 10:30:01] 開始轉換時間範圍: 2026-06-24 09:00:00 到 2026-06-24 09:59:59
[2026-06-24 10:30:01] ℹ su_web 該時段內無資料變動，未生成有效 SQL。
[2026-06-24 10:30:01] ℹ sm_m2 該時段內無資料變動，未生成有效 SQL。
[2026-06-24 10:30:02] ℹ 備份檔案完成
[2026-06-24 11:00:01] 開始轉換時間範圍: 2026-06-24 10:00:00 到 2026-06-24 10:59:59
[2026-06-24 11:00:01] ℹ su_web 該時段內無資料變動，未生成有效 SQL。
[2026-06-24 11:00:01] ℹ sm_m2 該時段內無資料變動，未生成有效 SQL。
[2026-06-24 11:00:01] ℹ 備份檔案完成
[2026-06-24 11:30:02] 開始轉換時間範圍: 2026-06-24 10:00:00 到 2026-06-24 10:59:59
[2026-06-24 11:30:02] ℹ su_web 該時段內無資料變動，未生成有效 SQL。
[2026-06-24 11:30:02] ℹ sm_m2 該時段內無資料變動，未生成有效 SQL。
[2026-06-24 11:30:02] ℹ 備份檔案完成
[2026-06-24 12:00:01] 開始轉換時間範圍: 2026-06-24 11:00:00 到 2026-06-24 11:59:59
[2026-06-24 12:00:01] ℹ su_web 該時段內無資料變動，未生成有效 SQL。
[2026-06-24 12:00:01] ℹ sm_m2 該時段內無資料變動，未生成有效 SQL。
[2026-06-24 12:00:01] ℹ 備份檔案完成
[2026-06-24 12:30:02] 開始轉換時間範圍: 2026-06-24 11:00:00 到 2026-06-24 11:59:59
[2026-06-24 12:30:02] ℹ su_web 該時段內無資料變動，未生成有效 SQL。
[2026-06-24 12:30:02] ℹ sm_m2 該時段內無資料變動，未生成有效 SQL。
[2026-06-24 12:30:02] ℹ 備份檔案完成
[2026-06-24 13:00:01] 開始轉換時間範圍: 2026-06-24 12:00:00 到 2026-06-24 12:59:59
[2026-06-24 13:00:01] ℹ su_web 該時段內無資料變動，未生成有效 SQL。
[2026-06-24 13:00:01] ℹ sm_m2 該時段內無資料變動，未生成有效 SQL。
[2026-06-24 13:00:01] ℹ 備份檔案完成
[2026-06-24 13:30:01] 開始轉換時間範圍: 2026-06-24 12:00:00 到 2026-06-24 12:59:59
[2026-06-24 13:30:01] ℹ su_web 該時段內無資料變動，未生成有效 SQL。
[2026-06-24 13:30:01] ℹ sm_m2 該時段內無資料變動，未生成有效 SQL。
[2026-06-24 13:30:01] ℹ 備份檔案完成
[2026-06-24 14:00:02] 開始轉換時間範圍: 2026-06-24 13:00:00 到 2026-06-24 13:59:59
[2026-06-24 14:00:02] ℹ su_web 該時段內無資料變動，未生成有效 SQL。
[2026-06-24 14:00:02] ℹ sm_m2 該時段內無資料變動，未生成有效 SQL。
[2026-06-24 14:00:02] ℹ 備份檔案完成
[2026-06-24 14:30:01] 開始轉換時間範圍: 2026-06-24 13:00:00 到 2026-06-24 13:59:59
[2026-06-24 14:30:01] ℹ su_web 該時段內無資料變動，未生成有效 SQL。
[2026-06-24 14:30:01] ℹ sm_m2 該時段內無資料變動，未生成有效 SQL。
[2026-06-24 14:30:02] ℹ 備份檔案完成
[2026-06-24 15:00:01] 開始轉換時間範圍: 2026-06-24 14:00:00 到 2026-06-24 14:59:59
[2026-06-24 15:00:01] ℹ su_web 該時段內無資料變動，未生成有效 SQL。
[2026-06-24 15:00:01] ℹ sm_m2 該時段內無資料變動，未生成有效 SQL。
[2026-06-24 15:00:01] ℹ 備份檔案完成
[2026-06-24 15:30:01] 開始轉換時間範圍: 2026-06-24 14:00:00 到 2026-06-24 14:59:59
[2026-06-24 15:30:01] ℹ su_web 該時段內無資料變動，未生成有效 SQL。
[2026-06-24 15:30:01] ℹ sm_m2 該時段內無資料變動，未生成有效 SQL。
[2026-06-24 15:30:01] ℹ 備份檔案完成
[2026-06-24 16:00:01] 開始轉換時間範圍: 2026-06-24 15:00:00 到 2026-06-24 15:59:59
[2026-06-24 16:00:01] ℹ su_web 該時段內無資料變動，未生成有效 SQL。
[2026-06-24 16:00:01] ℹ sm_m2 該時段內無資料變動，未生成有效 SQL。
[2026-06-24 16:00:01] ℹ 備份檔案完成
[2026-06-24 16:30:01] 開始轉換時間範圍: 2026-06-24 15:00:00 到 2026-06-24 15:59:59
[2026-06-24 16:30:01] ℹ su_web 該時段內無資料變動，未生成有效 SQL。
[2026-06-24 16:30:01] ℹ sm_m2 該時段內無資料變動，未生成有效 SQL。
[2026-06-24 16:30:01] ℹ 備份檔案完成
[2026-06-24 17:00:01] 開始轉換時間範圍: 2026-06-24 16:00:00 到 2026-06-24 16:59:59
[2026-06-24 17:00:01] ℹ su_web 該時段內無資料變動，未生成有效 SQL。
[2026-06-24 17:00:01] ℹ sm_m2 該時段內無資料變動，未生成有效 SQL。
[2026-06-24 17:00:01] ℹ 備份檔案完成
[2026-06-24 17:30:01] 開始轉換時間範圍: 2026-06-24 16:00:00 到 2026-06-24 16:59:59
[2026-06-24 17:30:01] ℹ su_web 該時段內無資料變動，未生成有效 SQL。
[2026-06-24 17:30:01] ℹ sm_m2 該時段內無資料變動，未生成有效 SQL。
[2026-06-24 17:30:01] ℹ 備份檔案完成
[2026-06-24 18:00:01] 開始轉換時間範圍: 2026-06-24 17:00:00 到 2026-06-24 17:59:59
[2026-06-24 18:00:01] ℹ su_web 該時段內無資料變動，未生成有效 SQL。
[2026-06-24 18:00:01] ℹ sm_m2 該時段內無資料變動，未生成有效 SQL。
[2026-06-24 18:00:01] ℹ 備份檔案完成
[2026-06-24 18:30:01] 開始轉換時間範圍: 2026-06-24 17:00:00 到 2026-06-24 17:59:59
[2026-06-24 18:30:01] ℹ su_web 該時段內無資料變動，未生成有效 SQL。
[2026-06-24 18:30:01] ℹ sm_m2 該時段內無資料變動，未生成有效 SQL。
[2026-06-24 18:30:01] ℹ 備份檔案完成
[2026-06-24 19:00:01] 開始轉換時間範圍: 2026-06-24 18:00:00 到 2026-06-24 18:59:59
[2026-06-24 19:00:01] ℹ su_web 該時段內無資料變動，未生成有效 SQL。
[2026-06-24 19:00:01] ℹ sm_m2 該時段內無資料變動，未生成有效 SQL。
[2026-06-24 19:00:01] ℹ 備份檔案完成
[2026-06-24 19:30:02] 開始轉換時間範圍: 2026-06-24 18:00:00 到 2026-06-24 18:59:59
[2026-06-24 19:30:02] ℹ su_web 該時段內無資料變動，未生成有效 SQL。
[2026-06-24 19:30:02] ℹ sm_m2 該時段內無資料變動，未生成有效 SQL。
[2026-06-24 19:30:02] ℹ 備份檔案完成
[2026-06-24 20:00:02] 開始轉換時間範圍: 2026-06-24 19:00:00 到 2026-06-24 19:59:59
[2026-06-24 20:00:02] ℹ su_web 該時段內無資料變動，未生成有效 SQL。
[2026-06-24 20:00:02] ℹ sm_m2 該時段內無資料變動，未生成有效 SQL。
[2026-06-24 20:00:02] ℹ 備份檔案完成
[2026-06-24 20:30:01] 開始轉換時間範圍: 2026-06-24 19:00:00 到 2026-06-24 19:59:59
[2026-06-24 20:30:01] ℹ su_web 該時段內無資料變動，未生成有效 SQL。
[2026-06-24 20:30:01] ℹ sm_m2 該時段內無資料變動，未生成有效 SQL。
[2026-06-24 20:30:02] ℹ 備份檔案完成
[2026-06-24 21:00:01] 開始轉換時間範圍: 2026-06-24 20:00:00 到 2026-06-24 20:59:59
[2026-06-24 21:00:01] ℹ su_web 該時段內無資料變動，未生成有效 SQL。
[2026-06-24 21:00:01] ℹ sm_m2 該時段內無資料變動，未生成有效 SQL。
[2026-06-24 21:00:01] ℹ 備份檔案完成
[2026-06-24 21:30:01] 開始轉換時間範圍: 2026-06-24 20:00:00 到 2026-06-24 20:59:59
[2026-06-24 21:30:01] ℹ su_web 該時段內無資料變動，未生成有效 SQL。
[2026-06-24 21:30:01] ℹ sm_m2 該時段內無資料變動，未生成有效 SQL。
[2026-06-24 21:30:01] ℹ 備份檔案完成
[2026-06-24 22:00:01] 開始轉換時間範圍: 2026-06-24 21:00:00 到 2026-06-24 21:59:59
[2026-06-24 22:00:01] ℹ su_web 該時段內無資料變動，未生成有效 SQL。
[2026-06-24 22:00:01] ℹ sm_m2 該時段內無資料變動，未生成有效 SQL。
[2026-06-24 22:00:01] ℹ 備份檔案完成
[2026-06-24 22:30:01] 開始轉換時間範圍: 2026-06-24 21:00:00 到 2026-06-24 21:59:59
[2026-06-24 22:30:01] ℹ su_web 該時段內無資料變動，未生成有效 SQL。
[2026-06-24 22:30:01] ℹ sm_m2 該時段內無資料變動，未生成有效 SQL。
[2026-06-24 22:30:02] ℹ 備份檔案完成
[2026-06-24 23:00:01] 開始轉換時間範圍: 2026-06-24 22:00:00 到 2026-06-24 22:59:59
[2026-06-24 23:00:01] ℹ su_web 該時段內無資料變動，未生成有效 SQL。
[2026-06-24 23:00:01] ℹ sm_m2 該時段內無資料變動，未生成有效 SQL。
[2026-06-24 23:00:01] ℹ 備份檔案完成
[2026-06-24 23:30:02] 開始轉換時間範圍: 2026-06-24 22:00:00 到 2026-06-24 22:59:59
[2026-06-24 23:30:02] ℹ su_web 該時段內無資料變動，未生成有效 SQL。
[2026-06-24 23:30:02] ℹ sm_m2 該時段內無資料變動，未生成有效 SQL。
[2026-06-24 23:30:02] ℹ 備份檔案完成
[2026-06-25 00:00:02] 開始轉換時間範圍: 2026-06-24 23:00:00 到 2026-06-24 23:59:59
[2026-06-25 00:00:02] ℹ su_web 該時段內無資料變動，未生成有效 SQL。
[2026-06-25 00:00:02] ℹ sm_m2 該時段內無資料變動，未生成有效 SQL。
[2026-06-25 00:00:02] ℹ 備份檔案完成
[2026-06-25 00:30:01] 開始轉換時間範圍: 2026-06-24 23:00:00 到 2026-06-24 23:59:59
[2026-06-25 00:30:01] ℹ su_web 該時段內無資料變動，未生成有效 SQL。
[2026-06-25 00:30:01] ℹ sm_m2 該時段內無資料變動，未生成有效 SQL。
[2026-06-25 00:30:01] ℹ 備份檔案完成
[2026-06-25 01:00:01] 開始轉換時間範圍: 2026-06-25 00:00:00 到 2026-06-25 00:59:59
[2026-06-25 01:00:01] ℹ su_web 該時段內無資料變動，未生成有效 SQL。
[2026-06-25 01:00:01] ℹ sm_m2 該時段內無資料變動，未生成有效 SQL。
[2026-06-25 01:00:01] ℹ 備份檔案完成
[2026-06-25 01:30:01] 開始轉換時間範圍: 2026-06-25 00:00:00 到 2026-06-25 00:59:59
[2026-06-25 01:30:01] ℹ su_web 該時段內無資料變動，未生成有效 SQL。
[2026-06-25 01:30:01] ℹ sm_m2 該時段內無資料變動，未生成有效 SQL。
[2026-06-25 01:30:01] ℹ 備份檔案完成
[2026-06-25 02:00:01] 開始轉換時間範圍: 2026-06-25 01:00:00 到 2026-06-25 01:59:59
[2026-06-25 02:00:01] ℹ su_web 該時段內無資料變動，未生成有效 SQL。
[2026-06-25 02:00:01] ℹ sm_m2 該時段內無資料變動，未生成有效 SQL。
[2026-06-25 02:00:01] ℹ 備份檔案完成
[2026-06-25 02:30:02] 開始轉換時間範圍: 2026-06-25 01:00:00 到 2026-06-25 01:59:59
[2026-06-25 02:30:02] ℹ su_web 該時段內無資料變動，未生成有效 SQL。
[2026-06-25 02:30:02] ℹ sm_m2 該時段內無資料變動，未生成有效 SQL。
[2026-06-25 02:30:02] ℹ 備份檔案完成
[2026-06-25 03:00:01] 開始轉換時間範圍: 2026-06-25 02:00:00 到 2026-06-25 02:59:59
[2026-06-25 03:00:01] ℹ su_web 該時段內無資料變動，未生成有效 SQL。
[2026-06-25 03:00:01] ℹ sm_m2 該時段內無資料變動，未生成有效 SQL。
[2026-06-25 03:00:01] ℹ 備份檔案完成
[2026-06-25 03:30:02] 開始轉換時間範圍: 2026-06-25 02:00:00 到 2026-06-25 02:59:59
[2026-06-25 03:30:02] ℹ su_web 該時段內無資料變動，未生成有效 SQL。
[2026-06-25 03:30:02] ℹ sm_m2 該時段內無資料變動，未生成有效 SQL。
[2026-06-25 03:30:02] ℹ 備份檔案完成
[2026-06-25 04:00:01] 開始轉換時間範圍: 2026-06-25 03:00:00 到 2026-06-25 03:59:59
[2026-06-25 04:00:01] ℹ su_web 該時段內無資料變動，未生成有效 SQL。
[2026-06-25 04:00:01] ℹ sm_m2 該時段內無資料變動，未生成有效 SQL。
[2026-06-25 04:00:01] ℹ 備份檔案完成
[2026-06-25 04:30:01] 開始轉換時間範圍: 2026-06-25 03:00:00 到 2026-06-25 03:59:59
[2026-06-25 04:30:01] ℹ su_web 該時段內無資料變動，未生成有效 SQL。
[2026-06-25 04:30:01] ℹ sm_m2 該時段內無資料變動，未生成有效 SQL。
[2026-06-25 04:30:01] ℹ 備份檔案完成
[2026-06-25 05:00:01] 開始轉換時間範圍: 2026-06-25 04:00:00 到 2026-06-25 04:59:59
[2026-06-25 05:00:01] ℹ su_web 該時段內無資料變動，未生成有效 SQL。
[2026-06-25 05:00:01] ℹ sm_m2 該時段內無資料變動，未生成有效 SQL。
[2026-06-25 05:00:01] ℹ 備份檔案完成
[2026-06-25 05:30:01] 開始轉換時間範圍: 2026-06-25 04:00:00 到 2026-06-25 04:59:59
[2026-06-25 05:30:01] ℹ su_web 該時段內無資料變動，未生成有效 SQL。
[2026-06-25 05:30:01] ℹ sm_m2 該時段內無資料變動，未生成有效 SQL。
[2026-06-25 05:30:01] ℹ 備份檔案完成
[2026-06-25 06:00:01] 開始轉換時間範圍: 2026-06-25 05:00:00 到 2026-06-25 05:59:59
[2026-06-25 06:00:01] ℹ su_web 該時段內無資料變動，未生成有效 SQL。
[2026-06-25 06:00:01] ℹ sm_m2 該時段內無資料變動，未生成有效 SQL。
[2026-06-25 06:00:01] ℹ 備份檔案完成
[2026-06-25 06:30:01] 開始轉換時間範圍: 2026-06-25 05:00:00 到 2026-06-25 05:59:59
[2026-06-25 06:30:01] ℹ su_web 該時段內無資料變動，未生成有效 SQL。
[2026-06-25 06:30:01] ℹ sm_m2 該時段內無資料變動，未生成有效 SQL。
[2026-06-25 06:30:01] ℹ 備份檔案完成
[2026-06-25 07:00:01] 開始轉換時間範圍: 2026-06-25 06:00:00 到 2026-06-25 06:59:59
[2026-06-25 07:00:01] ℹ su_web 該時段內無資料變動，未生成有效 SQL。
[2026-06-25 07:00:01] ℹ sm_m2 該時段內無資料變動，未生成有效 SQL。
[2026-06-25 07:00:01] ℹ 備份檔案完成
[2026-06-25 07:30:01] 開始轉換時間範圍: 2026-06-25 06:00:00 到 2026-06-25 06:59:59
[2026-06-25 07:30:02] ℹ su_web 該時段內無資料變動，未生成有效 SQL。
[2026-06-25 07:30:02] ℹ sm_m2 該時段內無資料變動，未生成有效 SQL。
[2026-06-25 07:30:02] ℹ 備份檔案完成
[2026-06-25 08:00:02] 開始轉換時間範圍: 2026-06-25 07:00:00 到 2026-06-25 07:59:59
[2026-06-25 08:00:02] ℹ su_web 該時段內無資料變動，未生成有效 SQL。
[2026-06-25 08:00:02] ℹ sm_m2 該時段內無資料變動，未生成有效 SQL。
[2026-06-25 08:00:02] ℹ 備份檔案完成
[2026-06-25 08:30:01] 開始轉換時間範圍: 2026-06-25 07:00:00 到 2026-06-25 07:59:59
[2026-06-25 08:30:02] ℹ su_web 該時段內無資料變動，未生成有效 SQL。
[2026-06-25 08:30:02] ℹ sm_m2 該時段內無資料變動，未生成有效 SQL。
[2026-06-25 08:30:02] ℹ 備份檔案完成
[2026-06-25 09:00:02] 開始轉換時間範圍: 2026-06-25 08:00:00 到 2026-06-25 08:59:59
[2026-06-25 09:00:02] ℹ su_web 該時段內無資料變動，未生成有效 SQL。
[2026-06-25 09:00:02] ℹ sm_m2 該時段內無資料變動，未生成有效 SQL。
[2026-06-25 09:00:02] ℹ 備份檔案完成
[2026-06-25 09:30:01] 開始轉換時間範圍: 2026-06-25 08:00:00 到 2026-06-25 08:59:59
[2026-06-25 09:30:01] ℹ su_web 該時段內無資料變動，未生成有效 SQL。
[2026-06-25 09:30:01] ℹ sm_m2 該時段內無資料變動，未生成有效 SQL。
[2026-06-25 09:30:01] ℹ 備份檔案完成
[2026-06-25 10:00:01] 開始轉換時間範圍: 2026-06-25 09:00:00 到 2026-06-25 09:59:59
[2026-06-25 10:00:01] ℹ su_web 該時段內無資料變動，未生成有效 SQL。
[2026-06-25 10:00:01] ℹ sm_m2 該時段內無資料變動，未生成有效 SQL。
[2026-06-25 10:00:02] ℹ 備份檔案完成
[2026-06-25 10:30:01] 開始轉換時間範圍: 2026-06-25 09:00:00 到 2026-06-25 09:59:59
[2026-06-25 10:30:01] ℹ su_web 該時段內無資料變動，未生成有效 SQL。
[2026-06-25 10:30:01] ℹ sm_m2 該時段內無資料變動，未生成有效 SQL。
[2026-06-25 10:30:01] ℹ 備份檔案完成
[2026-06-25 11:00:01] 開始轉換時間範圍: 2026-06-25 10:00:00 到 2026-06-25 10:59:59
[2026-06-25 11:00:01] ℹ su_web 該時段內無資料變動，未生成有效 SQL。
[2026-06-25 11:00:02] ℹ sm_m2 該時段內無資料變動，未生成有效 SQL。
[2026-06-25 11:00:02] ℹ 備份檔案完成
[2026-06-25 11:30:01] 開始轉換時間範圍: 2026-06-25 10:00:00 到 2026-06-25 10:59:59
[2026-06-25 11:30:01] ℹ su_web 該時段內無資料變動，未生成有效 SQL。
[2026-06-25 11:30:01] ℹ sm_m2 該時段內無資料變動，未生成有效 SQL。
[2026-06-25 11:30:01] ℹ 備份檔案完成
[2026-06-25 12:00:02] 開始轉換時間範圍: 2026-06-25 11:00:00 到 2026-06-25 11:59:59
[2026-06-25 12:00:02] ℹ su_web 該時段內無資料變動，未生成有效 SQL。
[2026-06-25 12:00:02] ℹ sm_m2 該時段內無資料變動，未生成有效 SQL。
[2026-06-25 12:00:02] ℹ 備份檔案完成
[2026-06-25 12:30:01] 開始轉換時間範圍: 2026-06-25 11:00:00 到 2026-06-25 11:59:59
[2026-06-25 12:30:01] ℹ su_web 該時段內無資料變動，未生成有效 SQL。
[2026-06-25 12:30:01] ℹ sm_m2 該時段內無資料變動，未生成有效 SQL。
[2026-06-25 12:30:02] ℹ 備份檔案完成
[2026-06-25 13:00:01] 開始轉換時間範圍: 2026-06-25 12:00:00 到 2026-06-25 12:59:59
[2026-06-25 13:00:01] ℹ su_web 該時段內無資料變動，未生成有效 SQL。
[2026-06-25 13:00:01] ℹ sm_m2 該時段內無資料變動，未生成有效 SQL。
[2026-06-25 13:00:01] ℹ 備份檔案完成
[2026-06-25 13:30:01] 開始轉換時間範圍: 2026-06-25 12:00:00 到 2026-06-25 12:59:59
[2026-06-25 13:30:02] ℹ su_web 該時段內無資料變動，未生成有效 SQL。
[2026-06-25 13:30:02] ℹ sm_m2 該時段內無資料變動，未生成有效 SQL。
[2026-06-25 13:30:02] ℹ 備份檔案完成
[2026-06-25 14:00:01] 開始轉換時間範圍: 2026-06-25 13:00:00 到 2026-06-25 13:59:59
[2026-06-25 14:00:01] ℹ su_web 該時段內無資料變動，未生成有效 SQL。
[2026-06-25 14:00:01] ℹ sm_m2 該時段內無資料變動，未生成有效 SQL。
[2026-06-25 14:00:02] ℹ 備份檔案完成
[2026-06-25 14:30:01] 開始轉換時間範圍: 2026-06-25 13:00:00 到 2026-06-25 13:59:59
[2026-06-25 14:30:01] ℹ su_web 該時段內無資料變動，未生成有效 SQL。
[2026-06-25 14:30:02] ℹ sm_m2 該時段內無資料變動，未生成有效 SQL。
[2026-06-25 14:30:02] ℹ 備份檔案完成
[2026-06-25 15:00:02] 開始轉換時間範圍: 2026-06-25 14:00:00 到 2026-06-25 14:59:59
[2026-06-25 15:00:02] ℹ su_web 該時段內無資料變動，未生成有效 SQL。
[2026-06-25 15:00:02] ℹ sm_m2 該時段內無資料變動，未生成有效 SQL。
[2026-06-25 15:00:02] ℹ 備份檔案完成
[2026-06-25 15:30:01] 開始轉換時間範圍: 2026-06-25 14:00:00 到 2026-06-25 14:59:59
[2026-06-25 15:30:01] ℹ su_web 該時段內無資料變動，未生成有效 SQL。
[2026-06-25 15:30:01] ℹ sm_m2 該時段內無資料變動，未生成有效 SQL。
[2026-06-25 15:30:01] ℹ 備份檔案完成
[2026-06-25 16:00:01] 開始轉換時間範圍: 2026-06-25 15:00:00 到 2026-06-25 15:59:59
[2026-06-25 16:00:01] ℹ su_web 該時段內無資料變動，未生成有效 SQL。
[2026-06-25 16:00:02] ℹ sm_m2 該時段內無資料變動，未生成有效 SQL。
[2026-06-25 16:00:02] ℹ 備份檔案完成
[2026-06-25 16:30:02] 開始轉換時間範圍: 2026-06-25 15:00:00 到 2026-06-25 15:59:59
[2026-06-25 16:30:02] ℹ su_web 該時段內無資料變動，未生成有效 SQL。
[2026-06-25 16:30:02] ℹ sm_m2 該時段內無資料變動，未生成有效 SQL。
[2026-06-25 16:30:02] ℹ 備份檔案完成
[2026-06-25 17:00:01] 開始轉換時間範圍: 2026-06-25 16:00:00 到 2026-06-25 16:59:59
[2026-06-25 17:00:01] ℹ su_web 該時段內無資料變動，未生成有效 SQL。
[2026-06-25 17:00:01] ℹ sm_m2 該時段內無資料變動，未生成有效 SQL。
[2026-06-25 17:00:01] ℹ 備份檔案完成
[2026-06-25 17:30:01] 開始轉換時間範圍: 2026-06-25 16:00:00 到 2026-06-25 16:59:59
[2026-06-25 17:30:01] ℹ su_web 該時段內無資料變動，未生成有效 SQL。
[2026-06-25 17:30:01] ℹ sm_m2 該時段內無資料變動，未生成有效 SQL。
[2026-06-25 17:30:02] ℹ 備份檔案完成
[2026-06-25 18:00:01] 開始轉換時間範圍: 2026-06-25 17:00:00 到 2026-06-25 17:59:59
[2026-06-25 18:00:01] ℹ su_web 該時段內無資料變動，未生成有效 SQL。
[2026-06-25 18:00:01] ℹ sm_m2 該時段內無資料變動，未生成有效 SQL。
[2026-06-25 18:00:01] ℹ 備份檔案完成
[2026-06-25 18:30:01] 開始轉換時間範圍: 2026-06-25 17:00:00 到 2026-06-25 17:59:59
[2026-06-25 18:30:02] ℹ su_web 該時段內無資料變動，未生成有效 SQL。
[2026-06-25 18:30:02] ℹ sm_m2 該時段內無資料變動，未生成有效 SQL。
[2026-06-25 18:30:02] ℹ 備份檔案完成
[2026-06-25 19:00:02] 開始轉換時間範圍: 2026-06-25 18:00:00 到 2026-06-25 18:59:59
[2026-06-25 19:00:02] ℹ su_web 該時段內無資料變動，未生成有效 SQL。
[2026-06-25 19:00:02] ℹ sm_m2 該時段內無資料變動，未生成有效 SQL。
[2026-06-25 19:00:02] ℹ 備份檔案完成
[2026-06-25 19:30:01] 開始轉換時間範圍: 2026-06-25 18:00:00 到 2026-06-25 18:59:59
[2026-06-25 19:30:01] ℹ su_web 該時段內無資料變動，未生成有效 SQL。
[2026-06-25 19:30:01] ℹ sm_m2 該時段內無資料變動，未生成有效 SQL。
[2026-06-25 19:30:01] ℹ 備份檔案完成
[2026-06-25 20:00:01] 開始轉換時間範圍: 2026-06-25 19:00:00 到 2026-06-25 19:59:59
[2026-06-25 20:00:01] ℹ su_web 該時段內無資料變動，未生成有效 SQL。
[2026-06-25 20:00:01] ℹ sm_m2 該時段內無資料變動，未生成有效 SQL。
[2026-06-25 20:00:01] ℹ 備份檔案完成
[2026-06-25 20:30:01] 開始轉換時間範圍: 2026-06-25 19:00:00 到 2026-06-25 19:59:59
[2026-06-25 20:30:02] ℹ su_web 該時段內無資料變動，未生成有效 SQL。
[2026-06-25 20:30:02] ℹ sm_m2 該時段內無資料變動，未生成有效 SQL。
[2026-06-25 20:30:02] ℹ 備份檔案完成
[2026-06-25 21:00:01] 開始轉換時間範圍: 2026-06-25 20:00:00 到 2026-06-25 20:59:59
[2026-06-25 21:00:01] ℹ su_web 該時段內無資料變動，未生成有效 SQL。
[2026-06-25 21:00:01] ℹ sm_m2 該時段內無資料變動，未生成有效 SQL。
[2026-06-25 21:00:01] ℹ 備份檔案完成
[2026-06-25 21:30:01] 開始轉換時間範圍: 2026-06-25 20:00:00 到 2026-06-25 20:59:59
[2026-06-25 21:30:01] ℹ su_web 該時段內無資料變動，未生成有效 SQL。
[2026-06-25 21:30:01] ℹ sm_m2 該時段內無資料變動，未生成有效 SQL。
[2026-06-25 21:30:02] ℹ 備份檔案完成
[2026-06-25 22:00:01] 開始轉換時間範圍: 2026-06-25 21:00:00 到 2026-06-25 21:59:59
[2026-06-25 22:00:01] ℹ su_web 該時段內無資料變動，未生成有效 SQL。
[2026-06-25 22:00:01] ℹ sm_m2 該時段內無資料變動，未生成有效 SQL。
[2026-06-25 22:00:01] ℹ 備份檔案完成
[2026-06-25 22:30:01] 開始轉換時間範圍: 2026-06-25 21:00:00 到 2026-06-25 21:59:59
[2026-06-25 22:30:02] ℹ su_web 該時段內無資料變動，未生成有效 SQL。
[2026-06-25 22:30:02] ℹ sm_m2 該時段內無資料變動，未生成有效 SQL。
[2026-06-25 22:30:02] ℹ 備份檔案完成
[2026-06-25 23:00:01] 開始轉換時間範圍: 2026-06-25 22:00:00 到 2026-06-25 22:59:59
[2026-06-25 23:00:01] ℹ su_web 該時段內無資料變動，未生成有效 SQL。
[2026-06-25 23:00:01] ℹ sm_m2 該時段內無資料變動，未生成有效 SQL。
[2026-06-25 23:00:01] ℹ 備份檔案完成
[2026-06-25 23:30:01] 開始轉換時間範圍: 2026-06-25 22:00:00 到 2026-06-25 22:59:59
[2026-06-25 23:30:01] ℹ su_web 該時段內無資料變動，未生成有效 SQL。
[2026-06-25 23:30:01] ℹ sm_m2 該時段內無資料變動，未生成有效 SQL。
[2026-06-25 23:30:01] ℹ 備份檔案完成
[2026-06-26 00:00:01] 開始轉換時間範圍: 2026-06-25 23:00:00 到 2026-06-25 23:59:59
[2026-06-26 00:00:01] ℹ su_web 該時段內無資料變動，未生成有效 SQL。
[2026-06-26 00:00:01] ℹ sm_m2 該時段內無資料變動，未生成有效 SQL。
[2026-06-26 00:00:01] ℹ 備份檔案完成
[2026-06-26 00:30:01] 開始轉換時間範圍: 2026-06-25 23:00:00 到 2026-06-25 23:59:59
[2026-06-26 00:30:01] ℹ su_web 該時段內無資料變動，未生成有效 SQL。
[2026-06-26 00:30:01] ℹ sm_m2 該時段內無資料變動，未生成有效 SQL。
[2026-06-26 00:30:02] ℹ 備份檔案完成
[2026-06-26 01:00:01] 開始轉換時間範圍: 2026-06-26 00:00:00 到 2026-06-26 00:59:59
[2026-06-26 01:00:01] ℹ su_web 該時段內無資料變動，未生成有效 SQL。
[2026-06-26 01:00:01] ℹ sm_m2 該時段內無資料變動，未生成有效 SQL。
[2026-06-26 01:00:01] ℹ 備份檔案完成
[2026-06-26 01:30:01] 開始轉換時間範圍: 2026-06-26 00:00:00 到 2026-06-26 00:59:59
[2026-06-26 01:30:01] ℹ su_web 該時段內無資料變動，未生成有效 SQL。
[2026-06-26 01:30:01] ℹ sm_m2 該時段內無資料變動，未生成有效 SQL。
[2026-06-26 01:30:01] ℹ 備份檔案完成
[2026-06-26 02:00:01] 開始轉換時間範圍: 2026-06-26 01:00:00 到 2026-06-26 01:59:59
[2026-06-26 02:00:01] ℹ su_web 該時段內無資料變動，未生成有效 SQL。
[2026-06-26 02:00:01] ℹ sm_m2 該時段內無資料變動，未生成有效 SQL。
[2026-06-26 02:00:01] ℹ 備份檔案完成
[2026-06-26 02:30:01] 開始轉換時間範圍: 2026-06-26 01:00:00 到 2026-06-26 01:59:59
[2026-06-26 02:30:01] ℹ su_web 該時段內無資料變動，未生成有效 SQL。
[2026-06-26 02:30:01] ℹ sm_m2 該時段內無資料變動，未生成有效 SQL。
[2026-06-26 02:30:01] ℹ 備份檔案完成
[2026-06-26 03:00:01] 開始轉換時間範圍: 2026-06-26 02:00:00 到 2026-06-26 02:59:59
[2026-06-26 03:00:01] ℹ su_web 該時段內無資料變動，未生成有效 SQL。
[2026-06-26 03:00:02] ℹ sm_m2 該時段內無資料變動，未生成有效 SQL。
[2026-06-26 03:00:02] ℹ 備份檔案完成
[2026-06-26 03:30:01] 開始轉換時間範圍: 2026-06-26 02:00:00 到 2026-06-26 02:59:59
[2026-06-26 03:30:01] ℹ su_web 該時段內無資料變動，未生成有效 SQL。
[2026-06-26 03:30:01] ℹ sm_m2 該時段內無資料變動，未生成有效 SQL。
[2026-06-26 03:30:01] ℹ 備份檔案完成
[2026-06-26 04:00:01] 開始轉換時間範圍: 2026-06-26 03:00:00 到 2026-06-26 03:59:59
[2026-06-26 04:00:01] ℹ su_web 該時段內無資料變動，未生成有效 SQL。
[2026-06-26 04:00:01] ℹ sm_m2 該時段內無資料變動，未生成有效 SQL。
[2026-06-26 04:00:01] ℹ 備份檔案完成
[2026-06-26 04:30:01] 開始轉換時間範圍: 2026-06-26 03:00:00 到 2026-06-26 03:59:59
[2026-06-26 04:30:01] ℹ su_web 該時段內無資料變動，未生成有效 SQL。
[2026-06-26 04:30:01] ℹ sm_m2 該時段內無資料變動，未生成有效 SQL。
[2026-06-26 04:30:01] ℹ 備份檔案完成
[2026-06-26 05:00:01] 開始轉換時間範圍: 2026-06-26 04:00:00 到 2026-06-26 04:59:59
[2026-06-26 05:00:01] ℹ su_web 該時段內無資料變動，未生成有效 SQL。
[2026-06-26 05:00:01] ℹ sm_m2 該時段內無資料變動，未生成有效 SQL。
[2026-06-26 05:00:01] ℹ 備份檔案完成
[2026-06-26 05:30:01] 開始轉換時間範圍: 2026-06-26 04:00:00 到 2026-06-26 04:59:59
[2026-06-26 05:30:02] ℹ su_web 該時段內無資料變動，未生成有效 SQL。
[2026-06-26 05:30:02] ℹ sm_m2 該時段內無資料變動，未生成有效 SQL。
[2026-06-26 05:30:02] ℹ 備份檔案完成
[2026-06-26 06:00:01] 開始轉換時間範圍: 2026-06-26 05:00:00 到 2026-06-26 05:59:59
[2026-06-26 06:00:01] ℹ su_web 該時段內無資料變動，未生成有效 SQL。
[2026-06-26 06:00:02] ℹ sm_m2 該時段內無資料變動，未生成有效 SQL。
[2026-06-26 06:00:02] ℹ 備份檔案完成
[2026-06-26 06:30:01] 開始轉換時間範圍: 2026-06-26 05:00:00 到 2026-06-26 05:59:59
[2026-06-26 06:30:01] ℹ su_web 該時段內無資料變動，未生成有效 SQL。
[2026-06-26 06:30:01] ℹ sm_m2 該時段內無資料變動，未生成有效 SQL。
[2026-06-26 06:30:01] ℹ 備份檔案完成
[2026-06-26 07:00:01] 開始轉換時間範圍: 2026-06-26 06:00:00 到 2026-06-26 06:59:59
[2026-06-26 07:00:01] ℹ su_web 該時段內無資料變動，未生成有效 SQL。
[2026-06-26 07:00:01] ℹ sm_m2 該時段內無資料變動，未生成有效 SQL。
[2026-06-26 07:00:01] ℹ 備份檔案完成
[2026-06-26 07:30:01] 開始轉換時間範圍: 2026-06-26 06:00:00 到 2026-06-26 06:59:59
[2026-06-26 07:30:02] ℹ su_web 該時段內無資料變動，未生成有效 SQL。
[2026-06-26 07:30:02] ℹ sm_m2 該時段內無資料變動，未生成有效 SQL。
[2026-06-26 07:30:02] ℹ 備份檔案完成
[2026-06-26 08:00:01] 開始轉換時間範圍: 2026-06-26 07:00:00 到 2026-06-26 07:59:59
[2026-06-26 08:00:01] ℹ su_web 該時段內無資料變動，未生成有效 SQL。
[2026-06-26 08:00:02] ℹ sm_m2 該時段內無資料變動，未生成有效 SQL。
[2026-06-26 08:00:02] ℹ 備份檔案完成
[2026-06-26 08:30:01] 開始轉換時間範圍: 2026-06-26 07:00:00 到 2026-06-26 07:59:59
[2026-06-26 08:30:01] ℹ su_web 該時段內無資料變動，未生成有效 SQL。
[2026-06-26 08:30:02] ℹ sm_m2 該時段內無資料變動，未生成有效 SQL。
[2026-06-26 08:30:02] ℹ 備份檔案完成
[2026-06-26 09:00:01] 開始轉換時間範圍: 2026-06-26 08:00:00 到 2026-06-26 08:59:59
[2026-06-26 09:00:01] ℹ su_web 該時段內無資料變動，未生成有效 SQL。
[2026-06-26 09:00:01] ℹ sm_m2 該時段內無資料變動，未生成有效 SQL。
[2026-06-26 09:00:01] ℹ 備份檔案完成
[2026-06-26 09:30:01] 開始轉換時間範圍: 2026-06-26 08:00:00 到 2026-06-26 08:59:59
[2026-06-26 09:30:01] ℹ su_web 該時段內無資料變動，未生成有效 SQL。
[2026-06-26 09:30:01] ℹ sm_m2 該時段內無資料變動，未生成有效 SQL。
[2026-06-26 09:30:01] ℹ 備份檔案完成
[2026-06-26 10:00:01] 開始轉換時間範圍: 2026-06-26 09:00:00 到 2026-06-26 09:59:59
[2026-06-26 10:00:01] ℹ su_web 該時段內無資料變動，未生成有效 SQL。
[2026-06-26 10:00:01] ℹ sm_m2 該時段內無資料變動，未生成有效 SQL。
[2026-06-26 10:00:01] ℹ 備份檔案完成
[2026-06-26 10:30:01] 開始轉換時間範圍: 2026-06-26 09:00:00 到 2026-06-26 09:59:59
[2026-06-26 10:30:01] ℹ su_web 該時段內無資料變動，未生成有效 SQL。
[2026-06-26 10:30:01] ℹ sm_m2 該時段內無資料變動，未生成有效 SQL。
[2026-06-26 10:30:02] ℹ 備份檔案完成
[2026-06-26 11:00:01] 開始轉換時間範圍: 2026-06-26 10:00:00 到 2026-06-26 10:59:59
[2026-06-26 11:00:01] ℹ su_web 該時段內無資料變動，未生成有效 SQL。
[2026-06-26 11:00:01] ℹ sm_m2 該時段內無資料變動，未生成有效 SQL。
[2026-06-26 11:00:01] ℹ 備份檔案完成
[2026-06-26 11:30:01] 開始轉換時間範圍: 2026-06-26 10:00:00 到 2026-06-26 10:59:59
[2026-06-26 11:30:01] ℹ su_web 該時段內無資料變動，未生成有效 SQL。
[2026-06-26 11:30:01] ℹ sm_m2 該時段內無資料變動，未生成有效 SQL。
[2026-06-26 11:30:01] ℹ 備份檔案完成
[2026-06-26 12:00:01] 開始轉換時間範圍: 2026-06-26 11:00:00 到 2026-06-26 11:59:59
[2026-06-26 12:00:02] ℹ su_web 該時段內無資料變動，未生成有效 SQL。
[2026-06-26 12:00:02] ℹ sm_m2 該時段內無資料變動，未生成有效 SQL。
[2026-06-26 12:00:02] ℹ 備份檔案完成
[2026-06-26 12:30:01] 開始轉換時間範圍: 2026-06-26 11:00:00 到 2026-06-26 11:59:59
[2026-06-26 12:30:01] ℹ su_web 該時段內無資料變動，未生成有效 SQL。
[2026-06-26 12:30:01] ℹ sm_m2 該時段內無資料變動，未生成有效 SQL。
[2026-06-26 12:30:01] ℹ 備份檔案完成
[2026-06-26 13:00:01] 開始轉換時間範圍: 2026-06-26 12:00:00 到 2026-06-26 12:59:59
[2026-06-26 13:00:01] ℹ su_web 該時段內無資料變動，未生成有效 SQL。
[2026-06-26 13:00:01] ℹ sm_m2 該時段內無資料變動，未生成有效 SQL。
[2026-06-26 13:00:01] ℹ 備份檔案完成
[2026-06-26 13:30:01] 開始轉換時間範圍: 2026-06-26 12:00:00 到 2026-06-26 12:59:59
[2026-06-26 13:30:01] ℹ su_web 該時段內無資料變動，未生成有效 SQL。
[2026-06-26 13:30:01] ℹ sm_m2 該時段內無資料變動，未生成有效 SQL。
[2026-06-26 13:30:02] ℹ 備份檔案完成
[2026-06-26 14:00:01] 開始轉換時間範圍: 2026-06-26 13:00:00 到 2026-06-26 13:59:59
[2026-06-26 14:00:01] ℹ su_web 該時段內無資料變動，未生成有效 SQL。
[2026-06-26 14:00:01] ℹ sm_m2 該時段內無資料變動，未生成有效 SQL。
[2026-06-26 14:00:02] ℹ 備份檔案完成
[2026-06-26 14:30:01] 開始轉換時間範圍: 2026-06-26 13:00:00 到 2026-06-26 13:59:59
[2026-06-26 14:30:01] ℹ su_web 該時段內無資料變動，未生成有效 SQL。
[2026-06-26 14:30:01] ℹ sm_m2 該時段內無資料變動，未生成有效 SQL。
[2026-06-26 14:30:01] ℹ 備份檔案完成
[2026-06-26 15:00:01] 開始轉換時間範圍: 2026-06-26 14:00:00 到 2026-06-26 14:59:59
[2026-06-26 15:00:01] ℹ su_web 該時段內無資料變動，未生成有效 SQL。
[2026-06-26 15:00:01] ℹ sm_m2 該時段內無資料變動，未生成有效 SQL。
[2026-06-26 15:00:01] ℹ 備份檔案完成
[2026-06-26 15:30:01] 開始轉換時間範圍: 2026-06-26 14:00:00 到 2026-06-26 14:59:59
[2026-06-26 15:30:01] ℹ su_web 該時段內無資料變動，未生成有效 SQL。
[2026-06-26 15:30:01] ℹ sm_m2 該時段內無資料變動，未生成有效 SQL。
[2026-06-26 15:30:01] ℹ 備份檔案完成
[2026-06-26 16:00:01] 開始轉換時間範圍: 2026-06-26 15:00:00 到 2026-06-26 15:59:59
[2026-06-26 16:00:01] ℹ su_web 該時段內無資料變動，未生成有效 SQL。
[2026-06-26 16:00:01] ℹ sm_m2 該時段內無資料變動，未生成有效 SQL。
[2026-06-26 16:00:01] ℹ 備份檔案完成
[2026-06-26 16:30:01] 開始轉換時間範圍: 2026-06-26 15:00:00 到 2026-06-26 15:59:59
[2026-06-26 16:30:01] ℹ su_web 該時段內無資料變動，未生成有效 SQL。
[2026-06-26 16:30:01] ℹ sm_m2 該時段內無資料變動，未生成有效 SQL。
[2026-06-26 16:30:01] ℹ 備份檔案完成
[2026-06-26 17:00:01] 開始轉換時間範圍: 2026-06-26 16:00:00 到 2026-06-26 16:59:59
[2026-06-26 17:00:01] ℹ su_web 該時段內無資料變動，未生成有效 SQL。
[2026-06-26 17:00:01] ℹ sm_m2 該時段內無資料變動，未生成有效 SQL。
[2026-06-26 17:00:01] ℹ 備份檔案完成
[2026-06-26 17:30:01] 開始轉換時間範圍: 2026-06-26 16:00:00 到 2026-06-26 16:59:59
[2026-06-26 17:30:02] ℹ su_web 該時段內無資料變動，未生成有效 SQL。
[2026-06-26 17:30:02] ℹ sm_m2 該時段內無資料變動，未生成有效 SQL。
[2026-06-26 17:30:02] ℹ 備份檔案完成
[2026-06-26 18:00:01] 開始轉換時間範圍: 2026-06-26 17:00:00 到 2026-06-26 17:59:59
[2026-06-26 18:00:01] ℹ su_web 該時段內無資料變動，未生成有效 SQL。
[2026-06-26 18:00:01] ℹ sm_m2 該時段內無資料變動，未生成有效 SQL。
[2026-06-26 18:00:01] ℹ 備份檔案完成
[2026-06-26 18:30:01] 開始轉換時間範圍: 2026-06-26 17:00:00 到 2026-06-26 17:59:59
[2026-06-26 18:30:02] ℹ su_web 該時段內無資料變動，未生成有效 SQL。
[2026-06-26 18:30:02] ℹ sm_m2 該時段內無資料變動，未生成有效 SQL。
[2026-06-26 18:30:02] ℹ 備份檔案完成
[2026-06-26 19:00:01] 開始轉換時間範圍: 2026-06-26 18:00:00 到 2026-06-26 18:59:59
[2026-06-26 19:00:01] ℹ su_web 該時段內無資料變動，未生成有效 SQL。
[2026-06-26 19:00:01] ℹ sm_m2 該時段內無資料變動，未生成有效 SQL。
[2026-06-26 19:00:01] ℹ 備份檔案完成
[2026-06-26 19:30:01] 開始轉換時間範圍: 2026-06-26 18:00:00 到 2026-06-26 18:59:59
[2026-06-26 19:30:01] ℹ su_web 該時段內無資料變動，未生成有效 SQL。
[2026-06-26 19:30:01] ℹ sm_m2 該時段內無資料變動，未生成有效 SQL。
[2026-06-26 19:30:01] ℹ 備份檔案完成
[2026-06-26 20:00:01] 開始轉換時間範圍: 2026-06-26 19:00:00 到 2026-06-26 19:59:59
[2026-06-26 20:00:01] ℹ su_web 該時段內無資料變動，未生成有效 SQL。
[2026-06-26 20:00:01] ℹ sm_m2 該時段內無資料變動，未生成有效 SQL。
[2026-06-26 20:00:01] ℹ 備份檔案完成
[2026-06-26 20:30:01] 開始轉換時間範圍: 2026-06-26 19:00:00 到 2026-06-26 19:59:59
[2026-06-26 20:30:01] ℹ su_web 該時段內無資料變動，未生成有效 SQL。
[2026-06-26 20:30:01] ℹ sm_m2 該時段內無資料變動，未生成有效 SQL。
[2026-06-26 20:30:01] ℹ 備份檔案完成
[2026-06-26 21:00:01] 開始轉換時間範圍: 2026-06-26 20:00:00 到 2026-06-26 20:59:59
[2026-06-26 21:00:01] ℹ su_web 該時段內無資料變動，未生成有效 SQL。
[2026-06-26 21:00:01] ℹ sm_m2 該時段內無資料變動，未生成有效 SQL。
[2026-06-26 21:00:01] ℹ 備份檔案完成
[2026-06-26 21:30:01] 開始轉換時間範圍: 2026-06-26 20:00:00 到 2026-06-26 20:59:59
[2026-06-26 21:30:01] ℹ su_web 該時段內無資料變動，未生成有效 SQL。
[2026-06-26 21:30:01] ℹ sm_m2 該時段內無資料變動，未生成有效 SQL。
[2026-06-26 21:30:01] ℹ 備份檔案完成
[2026-06-26 22:00:01] 開始轉換時間範圍: 2026-06-26 21:00:00 到 2026-06-26 21:59:59
[2026-06-26 22:00:01] ℹ su_web 該時段內無資料變動，未生成有效 SQL。
[2026-06-26 22:00:01] ℹ sm_m2 該時段內無資料變動，未生成有效 SQL。
[2026-06-26 22:00:01] ℹ 備份檔案完成
[2026-06-26 22:30:01] 開始轉換時間範圍: 2026-06-26 21:00:00 到 2026-06-26 21:59:59
[2026-06-26 22:30:02] ℹ su_web 該時段內無資料變動，未生成有效 SQL。
[2026-06-26 22:30:02] ℹ sm_m2 該時段內無資料變動，未生成有效 SQL。
[2026-06-26 22:30:02] ℹ 備份檔案完成
[2026-06-26 23:00:01] 開始轉換時間範圍: 2026-06-26 22:00:00 到 2026-06-26 22:59:59
[2026-06-26 23:00:01] ℹ su_web 該時段內無資料變動，未生成有效 SQL。
[2026-06-26 23:00:01] ℹ sm_m2 該時段內無資料變動，未生成有效 SQL。
[2026-06-26 23:00:01] ℹ 備份檔案完成
[2026-06-26 23:30:01] 開始轉換時間範圍: 2026-06-26 22:00:00 到 2026-06-26 22:59:59
[2026-06-26 23:30:01] ℹ su_web 該時段內無資料變動，未生成有效 SQL。
[2026-06-26 23:30:01] ℹ sm_m2 該時段內無資料變動，未生成有效 SQL。
[2026-06-26 23:30:02] ℹ 備份檔案完成
[2026-06-27 00:00:01] 開始轉換時間範圍: 2026-06-26 23:00:00 到 2026-06-26 23:59:59
[2026-06-27 00:00:01] ℹ su_web 該時段內無資料變動，未生成有效 SQL。
[2026-06-27 00:00:01] ℹ sm_m2 該時段內無資料變動，未生成有效 SQL。
[2026-06-27 00:00:01] ℹ 備份檔案完成
[2026-06-27 00:30:01] 開始轉換時間範圍: 2026-06-26 23:00:00 到 2026-06-26 23:59:59
[2026-06-27 00:30:01] ℹ su_web 該時段內無資料變動，未生成有效 SQL。
[2026-06-27 00:30:01] ℹ sm_m2 該時段內無資料變動，未生成有效 SQL。
[2026-06-27 00:30:01] ℹ 備份檔案完成
[2026-06-27 01:00:01] 開始轉換時間範圍: 2026-06-27 00:00:00 到 2026-06-27 00:59:59
[2026-06-27 01:00:01] ℹ su_web 該時段內無資料變動，未生成有效 SQL。
[2026-06-27 01:00:01] ℹ sm_m2 該時段內無資料變動，未生成有效 SQL。
[2026-06-27 01:00:01] ℹ 備份檔案完成
[2026-06-27 01:30:01] 開始轉換時間範圍: 2026-06-27 00:00:00 到 2026-06-27 00:59:59
[2026-06-27 01:30:01] ℹ su_web 該時段內無資料變動，未生成有效 SQL。
[2026-06-27 01:30:01] ℹ sm_m2 該時段內無資料變動，未生成有效 SQL。
[2026-06-27 01:30:02] ℹ 備份檔案完成
[2026-06-27 02:00:01] 開始轉換時間範圍: 2026-06-27 01:00:00 到 2026-06-27 01:59:59
[2026-06-27 02:00:01] ℹ su_web 該時段內無資料變動，未生成有效 SQL。
[2026-06-27 02:00:01] ℹ sm_m2 該時段內無資料變動，未生成有效 SQL。
[2026-06-27 02:00:01] ℹ 備份檔案完成
[2026-06-27 02:30:02] 開始轉換時間範圍: 2026-06-27 01:00:00 到 2026-06-27 01:59:59
[2026-06-27 02:30:02] ℹ su_web 該時段內無資料變動，未生成有效 SQL。
[2026-06-27 02:30:02] ℹ sm_m2 該時段內無資料變動，未生成有效 SQL。
[2026-06-27 02:30:02] ℹ 備份檔案完成
[2026-06-27 03:00:01] 開始轉換時間範圍: 2026-06-27 02:00:00 到 2026-06-27 02:59:59
[2026-06-27 03:00:01] ℹ su_web 該時段內無資料變動，未生成有效 SQL。
[2026-06-27 03:00:01] ℹ sm_m2 該時段內無資料變動，未生成有效 SQL。
[2026-06-27 03:00:01] ℹ 備份檔案完成
[2026-06-27 03:30:01] 開始轉換時間範圍: 2026-06-27 02:00:00 到 2026-06-27 02:59:59
[2026-06-27 03:30:01] ℹ su_web 該時段內無資料變動，未生成有效 SQL。
[2026-06-27 03:30:02] ℹ sm_m2 該時段內無資料變動，未生成有效 SQL。
[2026-06-27 03:30:02] ℹ 備份檔案完成
[2026-06-27 04:00:01] 開始轉換時間範圍: 2026-06-27 03:00:00 到 2026-06-27 03:59:59
[2026-06-27 04:00:01] ℹ su_web 該時段內無資料變動，未生成有效 SQL。
[2026-06-27 04:00:01] ℹ sm_m2 該時段內無資料變動，未生成有效 SQL。
[2026-06-27 04:00:01] ℹ 備份檔案完成
[2026-06-27 04:30:02] 開始轉換時間範圍: 2026-06-27 03:00:00 到 2026-06-27 03:59:59
[2026-06-27 04:30:02] ℹ su_web 該時段內無資料變動，未生成有效 SQL。
[2026-06-27 04:30:02] ℹ sm_m2 該時段內無資料變動，未生成有效 SQL。
[2026-06-27 04:30:02] ℹ 備份檔案完成
[2026-06-27 05:00:01] 開始轉換時間範圍: 2026-06-27 04:00:00 到 2026-06-27 04:59:59
[2026-06-27 05:00:01] ℹ su_web 該時段內無資料變動，未生成有效 SQL。
[2026-06-27 05:00:01] ℹ sm_m2 該時段內無資料變動，未生成有效 SQL。
[2026-06-27 05:00:01] ℹ 備份檔案完成
[2026-06-27 05:30:02] 開始轉換時間範圍: 2026-06-27 04:00:00 到 2026-06-27 04:59:59
[2026-06-27 05:30:02] ℹ su_web 該時段內無資料變動，未生成有效 SQL。
[2026-06-27 05:30:02] ℹ sm_m2 該時段內無資料變動，未生成有效 SQL。
[2026-06-27 05:30:02] ℹ 備份檔案完成
[2026-06-27 06:00:01] 開始轉換時間範圍: 2026-06-27 05:00:00 到 2026-06-27 05:59:59
[2026-06-27 06:00:01] ℹ su_web 該時段內無資料變動，未生成有效 SQL。
[2026-06-27 06:00:01] ℹ sm_m2 該時段內無資料變動，未生成有效 SQL。
[2026-06-27 06:00:01] ℹ 備份檔案完成
[2026-06-27 06:30:01] 開始轉換時間範圍: 2026-06-27 05:00:00 到 2026-06-27 05:59:59
[2026-06-27 06:30:01] ℹ su_web 該時段內無資料變動，未生成有效 SQL。
[2026-06-27 06:30:01] ℹ sm_m2 該時段內無資料變動，未生成有效 SQL。
[2026-06-27 06:30:01] ℹ 備份檔案完成
[2026-06-27 07:00:01] 開始轉換時間範圍: 2026-06-27 06:00:00 到 2026-06-27 06:59:59
[2026-06-27 07:00:01] ℹ su_web 該時段內無資料變動，未生成有效 SQL。
[2026-06-27 07:00:01] ℹ sm_m2 該時段內無資料變動，未生成有效 SQL。
[2026-06-27 07:00:01] ℹ 備份檔案完成
[2026-06-27 07:30:01] 開始轉換時間範圍: 2026-06-27 06:00:00 到 2026-06-27 06:59:59
[2026-06-27 07:30:01] ℹ su_web 該時段內無資料變動，未生成有效 SQL。
[2026-06-27 07:30:01] ℹ sm_m2 該時段內無資料變動，未生成有效 SQL。
[2026-06-27 07:30:01] ℹ 備份檔案完成
[2026-06-27 08:00:01] 開始轉換時間範圍: 2026-06-27 07:00:00 到 2026-06-27 07:59:59
[2026-06-27 08:00:01] ℹ su_web 該時段內無資料變動，未生成有效 SQL。
[2026-06-27 08:00:01] ℹ sm_m2 該時段內無資料變動，未生成有效 SQL。
[2026-06-27 08:00:01] ℹ 備份檔案完成
[2026-06-27 08:30:01] 開始轉換時間範圍: 2026-06-27 07:00:00 到 2026-06-27 07:59:59
[2026-06-27 08:30:01] ℹ su_web 該時段內無資料變動，未生成有效 SQL。
[2026-06-27 08:30:01] ℹ sm_m2 該時段內無資料變動，未生成有效 SQL。
[2026-06-27 08:30:02] ℹ 備份檔案完成
[2026-06-27 09:00:01] 開始轉換時間範圍: 2026-06-27 08:00:00 到 2026-06-27 08:59:59
[2026-06-27 09:00:01] ℹ su_web 該時段內無資料變動，未生成有效 SQL。
[2026-06-27 09:00:01] ℹ sm_m2 該時段內無資料變動，未生成有效 SQL。
[2026-06-27 09:00:01] ℹ 備份檔案完成
[2026-06-27 09:30:01] 開始轉換時間範圍: 2026-06-27 08:00:00 到 2026-06-27 08:59:59
[2026-06-27 09:30:02] ℹ su_web 該時段內無資料變動，未生成有效 SQL。
[2026-06-27 09:30:02] ℹ sm_m2 該時段內無資料變動，未生成有效 SQL。
[2026-06-27 09:30:02] ℹ 備份檔案完成
[2026-06-27 10:00:01] 開始轉換時間範圍: 2026-06-27 09:00:00 到 2026-06-27 09:59:59
[2026-06-27 10:00:01] ℹ su_web 該時段內無資料變動，未生成有效 SQL。
[2026-06-27 10:00:01] ℹ sm_m2 該時段內無資料變動，未生成有效 SQL。
[2026-06-27 10:00:01] ℹ 備份檔案完成
[2026-06-27 10:30:01] 開始轉換時間範圍: 2026-06-27 09:00:00 到 2026-06-27 09:59:59
[2026-06-27 10:30:01] ℹ su_web 該時段內無資料變動，未生成有效 SQL。
[2026-06-27 10:30:01] ℹ sm_m2 該時段內無資料變動，未生成有效 SQL。
[2026-06-27 10:30:02] ℹ 備份檔案完成
[2026-06-27 11:00:01] 開始轉換時間範圍: 2026-06-27 10:00:00 到 2026-06-27 10:59:59
[2026-06-27 11:00:01] ℹ su_web 該時段內無資料變動，未生成有效 SQL。
[2026-06-27 11:00:01] ℹ sm_m2 該時段內無資料變動，未生成有效 SQL。
[2026-06-27 11:00:01] ℹ 備份檔案完成
[2026-06-27 11:30:01] 開始轉換時間範圍: 2026-06-27 10:00:00 到 2026-06-27 10:59:59
[2026-06-27 11:30:01] ℹ su_web 該時段內無資料變動，未生成有效 SQL。
[2026-06-27 11:30:01] ℹ sm_m2 該時段內無資料變動，未生成有效 SQL。
[2026-06-27 11:30:01] ℹ 備份檔案完成
[2026-06-27 12:00:01] 開始轉換時間範圍: 2026-06-27 11:00:00 到 2026-06-27 11:59:59
[2026-06-27 12:00:01] ℹ su_web 該時段內無資料變動，未生成有效 SQL。
[2026-06-27 12:00:01] ℹ sm_m2 該時段內無資料變動，未生成有效 SQL。
[2026-06-27 12:00:01] ℹ 備份檔案完成
[2026-06-27 12:30:02] 開始轉換時間範圍: 2026-06-27 11:00:00 到 2026-06-27 11:59:59
[2026-06-27 12:30:02] ℹ su_web 該時段內無資料變動，未生成有效 SQL。
[2026-06-27 12:30:02] ℹ sm_m2 該時段內無資料變動，未生成有效 SQL。
[2026-06-27 12:30:02] ℹ 備份檔案完成
[2026-06-27 13:00:01] 開始轉換時間範圍: 2026-06-27 12:00:00 到 2026-06-27 12:59:59
[2026-06-27 13:00:01] ℹ su_web 該時段內無資料變動，未生成有效 SQL。
[2026-06-27 13:00:01] ℹ sm_m2 該時段內無資料變動，未生成有效 SQL。
[2026-06-27 13:00:01] ℹ 備份檔案完成
[2026-06-27 13:30:01] 開始轉換時間範圍: 2026-06-27 12:00:00 到 2026-06-27 12:59:59
[2026-06-27 13:30:01] ℹ su_web 該時段內無資料變動，未生成有效 SQL。
[2026-06-27 13:30:01] ℹ sm_m2 該時段內無資料變動，未生成有效 SQL。
[2026-06-27 13:30:01] ℹ 備份檔案完成
[2026-06-27 14:00:02] 開始轉換時間範圍: 2026-06-27 13:00:00 到 2026-06-27 13:59:59
[2026-06-27 14:00:02] ℹ su_web 該時段內無資料變動，未生成有效 SQL。
[2026-06-27 14:00:02] ℹ sm_m2 該時段內無資料變動，未生成有效 SQL。
[2026-06-27 14:00:02] ℹ 備份檔案完成
[2026-06-27 14:30:02] 開始轉換時間範圍: 2026-06-27 13:00:00 到 2026-06-27 13:59:59
[2026-06-27 14:30:02] ℹ su_web 該時段內無資料變動，未生成有效 SQL。
[2026-06-27 14:30:02] ℹ sm_m2 該時段內無資料變動，未生成有效 SQL。
[2026-06-27 14:30:02] ℹ 備份檔案完成
[2026-06-27 15:00:01] 開始轉換時間範圍: 2026-06-27 14:00:00 到 2026-06-27 14:59:59
[2026-06-27 15:00:01] ℹ su_web 該時段內無資料變動，未生成有效 SQL。
[2026-06-27 15:00:01] ℹ sm_m2 該時段內無資料變動，未生成有效 SQL。
[2026-06-27 15:00:01] ℹ 備份檔案完成
[2026-06-27 15:30:01] 開始轉換時間範圍: 2026-06-27 14:00:00 到 2026-06-27 14:59:59
[2026-06-27 15:30:01] ℹ su_web 該時段內無資料變動，未生成有效 SQL。
[2026-06-27 15:30:01] ℹ sm_m2 該時段內無資料變動，未生成有效 SQL。
[2026-06-27 15:30:01] ℹ 備份檔案完成
[2026-06-27 16:00:01] 開始轉換時間範圍: 2026-06-27 15:00:00 到 2026-06-27 15:59:59
[2026-06-27 16:00:01] ℹ su_web 該時段內無資料變動，未生成有效 SQL。
[2026-06-27 16:00:01] ℹ sm_m2 該時段內無資料變動，未生成有效 SQL。
[2026-06-27 16:00:01] ℹ 備份檔案完成
[2026-06-27 16:30:01] 開始轉換時間範圍: 2026-06-27 15:00:00 到 2026-06-27 15:59:59
[2026-06-27 16:30:02] ℹ su_web 該時段內無資料變動，未生成有效 SQL。
[2026-06-27 16:30:02] ℹ sm_m2 該時段內無資料變動，未生成有效 SQL。
[2026-06-27 16:30:02] ℹ 備份檔案完成
[2026-06-27 17:00:01] 開始轉換時間範圍: 2026-06-27 16:00:00 到 2026-06-27 16:59:59
[2026-06-27 17:00:01] ℹ su_web 該時段內無資料變動，未生成有效 SQL。
[2026-06-27 17:00:01] ℹ sm_m2 該時段內無資料變動，未生成有效 SQL。
[2026-06-27 17:00:01] ℹ 備份檔案完成
[2026-06-27 17:30:01] 開始轉換時間範圍: 2026-06-27 16:00:00 到 2026-06-27 16:59:59
[2026-06-27 17:30:02] ℹ su_web 該時段內無資料變動，未生成有效 SQL。
[2026-06-27 17:30:02] ℹ sm_m2 該時段內無資料變動，未生成有效 SQL。
[2026-06-27 17:30:02] ℹ 備份檔案完成
[2026-06-27 18:00:01] 開始轉換時間範圍: 2026-06-27 17:00:00 到 2026-06-27 17:59:59
[2026-06-27 18:00:01] ℹ su_web 該時段內無資料變動，未生成有效 SQL。
[2026-06-27 18:00:01] ℹ sm_m2 該時段內無資料變動，未生成有效 SQL。
[2026-06-27 18:00:01] ℹ 備份檔案完成
[2026-06-27 18:30:01] 開始轉換時間範圍: 2026-06-27 17:00:00 到 2026-06-27 17:59:59
[2026-06-27 18:30:01] ℹ su_web 該時段內無資料變動，未生成有效 SQL。
[2026-06-27 18:30:01] ℹ sm_m2 該時段內無資料變動，未生成有效 SQL。
[2026-06-27 18:30:02] ℹ 備份檔案完成
[2026-06-27 19:00:01] 開始轉換時間範圍: 2026-06-27 18:00:00 到 2026-06-27 18:59:59
[2026-06-27 19:00:01] ℹ su_web 該時段內無資料變動，未生成有效 SQL。
[2026-06-27 19:00:01] ℹ sm_m2 該時段內無資料變動，未生成有效 SQL。
[2026-06-27 19:00:01] ℹ 備份檔案完成
[2026-06-27 19:30:01] 開始轉換時間範圍: 2026-06-27 18:00:00 到 2026-06-27 18:59:59
[2026-06-27 19:30:01] ℹ su_web 該時段內無資料變動，未生成有效 SQL。
[2026-06-27 19:30:01] ℹ sm_m2 該時段內無資料變動，未生成有效 SQL。
[2026-06-27 19:30:01] ℹ 備份檔案完成
[2026-06-27 20:00:01] 開始轉換時間範圍: 2026-06-27 19:00:00 到 2026-06-27 19:59:59
[2026-06-27 20:00:01] ℹ su_web 該時段內無資料變動，未生成有效 SQL。
[2026-06-27 20:00:01] ℹ sm_m2 該時段內無資料變動，未生成有效 SQL。
[2026-06-27 20:00:01] ℹ 備份檔案完成
[2026-06-27 20:30:01] 開始轉換時間範圍: 2026-06-27 19:00:00 到 2026-06-27 19:59:59
[2026-06-27 20:30:01] ℹ su_web 該時段內無資料變動，未生成有效 SQL。
[2026-06-27 20:30:01] ℹ sm_m2 該時段內無資料變動，未生成有效 SQL。
[2026-06-27 20:30:01] ℹ 備份檔案完成
[2026-06-27 21:00:01] 開始轉換時間範圍: 2026-06-27 20:00:00 到 2026-06-27 20:59:59
[2026-06-27 21:00:02] ✓ su_web 完成: /mnt/web/www/hksu/.db/files/2026/06/27/20260627_20_Backup_su_web.sql.zip
[2026-06-27 21:00:02] ℹ sm_m2 該時段內無資料變動，未生成有效 SQL。
[2026-06-27 21:00:02] ℹ 備份檔案，提交 Git 。
