[2026-03-01 00:00:01] 開始轉換時間範圍: 2026-02-28 23:00:00 到 2026-02-28 23:59:59
[2026-03-01 00:00:01] ℹ su_web 該時段內無資料變動，未生成有效 SQL。
[2026-03-01 00:00:01] ℹ sm_m2 該時段內無資料變動，未生成有效 SQL。
[2026-03-01 00:00:02] ℹ 備份檔案完成
[2026-03-01 00:30:01] 開始轉換時間範圍: 2026-02-28 23:00:00 到 2026-02-28 23:59:59
[2026-03-01 00:30:01] ℹ su_web 該時段內無資料變動，未生成有效 SQL。
[2026-03-01 00:30:01] ℹ sm_m2 該時段內無資料變動，未生成有效 SQL。
[2026-03-01 00:30:01] ℹ 備份檔案完成
[2026-03-01 01:00:01] 開始轉換時間範圍: 2026-03-01 00:00:00 到 2026-03-01 00:59:59
[2026-03-01 01:00:01] ℹ su_web 該時段內無資料變動，未生成有效 SQL。
[2026-03-01 01:00:01] ℹ sm_m2 該時段內無資料變動，未生成有效 SQL。
[2026-03-01 01:00:01] ℹ 備份檔案完成
[2026-03-01 01:30:01] 開始轉換時間範圍: 2026-03-01 00:00:00 到 2026-03-01 00:59:59
[2026-03-01 01:30:01] ℹ su_web 該時段內無資料變動，未生成有效 SQL。
[2026-03-01 01:30:01] ℹ sm_m2 該時段內無資料變動，未生成有效 SQL。
[2026-03-01 01:30:01] ℹ 備份檔案完成
[2026-03-01 02:00:01] 開始轉換時間範圍: 2026-03-01 01:00:00 到 2026-03-01 01:59:59
[2026-03-01 02:00:01] ℹ su_web 該時段內無資料變動，未生成有效 SQL。
[2026-03-01 02:00:01] ℹ sm_m2 該時段內無資料變動，未生成有效 SQL。
[2026-03-01 02:00:01] ℹ 備份檔案完成
[2026-03-01 02:30:02] 開始轉換時間範圍: 2026-03-01 01:00:00 到 2026-03-01 01:59:59
[2026-03-01 02:30:02] ℹ su_web 該時段內無資料變動，未生成有效 SQL。
[2026-03-01 02:30:02] ℹ sm_m2 該時段內無資料變動，未生成有效 SQL。
[2026-03-01 02:30:02] ℹ 備份檔案完成
[2026-03-01 03:00:01] 開始轉換時間範圍: 2026-03-01 02:00:00 到 2026-03-01 02:59:59
[2026-03-01 03:00:01] ℹ su_web 該時段內無資料變動，未生成有效 SQL。
[2026-03-01 03:00:01] ℹ sm_m2 該時段內無資料變動，未生成有效 SQL。
[2026-03-01 03:00:01] ℹ 備份檔案完成
[2026-03-01 03:30:01] 開始轉換時間範圍: 2026-03-01 02:00:00 到 2026-03-01 02:59:59
[2026-03-01 03:30:01] ℹ su_web 該時段內無資料變動，未生成有效 SQL。
[2026-03-01 03:30:01] ℹ sm_m2 該時段內無資料變動，未生成有效 SQL。
[2026-03-01 03:30:01] ℹ 備份檔案完成
[2026-03-01 04:00:01] 開始轉換時間範圍: 2026-03-01 03:00:00 到 2026-03-01 03:59:59
[2026-03-01 04:00:01] ℹ su_web 該時段內無資料變動，未生成有效 SQL。
[2026-03-01 04:00:01] ℹ sm_m2 該時段內無資料變動，未生成有效 SQL。
[2026-03-01 04:00:01] ℹ 備份檔案完成
[2026-03-01 04:30:01] 開始轉換時間範圍: 2026-03-01 03:00:00 到 2026-03-01 03:59:59
[2026-03-01 04:30:01] ℹ su_web 該時段內無資料變動，未生成有效 SQL。
[2026-03-01 04:30:01] ℹ sm_m2 該時段內無資料變動，未生成有效 SQL。
[2026-03-01 04:30:01] ℹ 備份檔案完成
[2026-03-01 05:00:01] 開始轉換時間範圍: 2026-03-01 04:00:00 到 2026-03-01 04:59:59
[2026-03-01 05:00:01] ℹ su_web 該時段內無資料變動，未生成有效 SQL。
[2026-03-01 05:00:01] ℹ sm_m2 該時段內無資料變動，未生成有效 SQL。
[2026-03-01 05:00:01] ℹ 備份檔案完成
[2026-03-01 05:30:01] 開始轉換時間範圍: 2026-03-01 04:00:00 到 2026-03-01 04:59:59
[2026-03-01 05:30:01] ℹ su_web 該時段內無資料變動，未生成有效 SQL。
[2026-03-01 05:30:01] ℹ sm_m2 該時段內無資料變動，未生成有效 SQL。
[2026-03-01 05:30:01] ℹ 備份檔案完成
[2026-03-01 06:00:01] 開始轉換時間範圍: 2026-03-01 05:00:00 到 2026-03-01 05:59:59
[2026-03-01 06:00:01] ℹ su_web 該時段內無資料變動，未生成有效 SQL。
[2026-03-01 06:00:02] ℹ sm_m2 該時段內無資料變動，未生成有效 SQL。
[2026-03-01 06:00:02] ℹ 備份檔案完成
[2026-03-01 06:30:01] 開始轉換時間範圍: 2026-03-01 05:00:00 到 2026-03-01 05:59:59
[2026-03-01 06:30:01] ℹ su_web 該時段內無資料變動，未生成有效 SQL。
[2026-03-01 06:30:02] ℹ sm_m2 該時段內無資料變動，未生成有效 SQL。
[2026-03-01 06:30:02] ℹ 備份檔案完成
[2026-03-01 07:00:01] 開始轉換時間範圍: 2026-03-01 06:00:00 到 2026-03-01 06:59:59
[2026-03-01 07:00:01] ℹ su_web 該時段內無資料變動，未生成有效 SQL。
[2026-03-01 07:00:01] ℹ sm_m2 該時段內無資料變動，未生成有效 SQL。
[2026-03-01 07:00:01] ℹ 備份檔案完成
[2026-03-01 07:30:01] 開始轉換時間範圍: 2026-03-01 06:00:00 到 2026-03-01 06:59:59
[2026-03-01 07:30:01] ℹ su_web 該時段內無資料變動，未生成有效 SQL。
[2026-03-01 07:30:01] ℹ sm_m2 該時段內無資料變動，未生成有效 SQL。
[2026-03-01 07:30:01] ℹ 備份檔案完成
[2026-03-01 08:00:02] 開始轉換時間範圍: 2026-03-01 07:00:00 到 2026-03-01 07:59:59
[2026-03-01 08:00:02] ℹ su_web 該時段內無資料變動，未生成有效 SQL。
[2026-03-01 08:00:02] ℹ sm_m2 該時段內無資料變動，未生成有效 SQL。
[2026-03-01 08:00:02] ℹ 備份檔案完成
[2026-03-01 08:30:01] 開始轉換時間範圍: 2026-03-01 07:00:00 到 2026-03-01 07:59:59
[2026-03-01 08:30:01] ℹ su_web 該時段內無資料變動，未生成有效 SQL。
[2026-03-01 08:30:01] ℹ sm_m2 該時段內無資料變動，未生成有效 SQL。
[2026-03-01 08:30:01] ℹ 備份檔案完成
[2026-03-01 09:00:01] 開始轉換時間範圍: 2026-03-01 08:00:00 到 2026-03-01 08:59:59
[2026-03-01 09:00:01] ℹ su_web 該時段內無資料變動，未生成有效 SQL。
[2026-03-01 09:00:01] ℹ sm_m2 該時段內無資料變動，未生成有效 SQL。
[2026-03-01 09:00:01] ℹ 備份檔案完成
[2026-03-01 09:30:01] 開始轉換時間範圍: 2026-03-01 08:00:00 到 2026-03-01 08:59:59
[2026-03-01 09:30:01] ℹ su_web 該時段內無資料變動，未生成有效 SQL。
[2026-03-01 09:30:01] ℹ sm_m2 該時段內無資料變動，未生成有效 SQL。
[2026-03-01 09:30:01] ℹ 備份檔案完成
[2026-03-01 10:00:01] 開始轉換時間範圍: 2026-03-01 09:00:00 到 2026-03-01 09:59:59
[2026-03-01 10:00:01] ℹ su_web 該時段內無資料變動，未生成有效 SQL。
[2026-03-01 10:00:01] ℹ sm_m2 該時段內無資料變動，未生成有效 SQL。
[2026-03-01 10:00:01] ℹ 備份檔案完成
[2026-03-01 10:30:01] 開始轉換時間範圍: 2026-03-01 09:00:00 到 2026-03-01 09:59:59
[2026-03-01 10:30:01] ℹ su_web 該時段內無資料變動，未生成有效 SQL。
[2026-03-01 10:30:01] ℹ sm_m2 該時段內無資料變動，未生成有效 SQL。
[2026-03-01 10:30:01] ℹ 備份檔案完成
[2026-03-01 11:00:02] 開始轉換時間範圍: 2026-03-01 10:00:00 到 2026-03-01 10:59:59
[2026-03-01 11:00:02] ℹ su_web 該時段內無資料變動，未生成有效 SQL。
[2026-03-01 11:00:02] ℹ sm_m2 該時段內無資料變動，未生成有效 SQL。
[2026-03-01 11:00:02] ℹ 備份檔案完成
[2026-03-01 11:30:01] 開始轉換時間範圍: 2026-03-01 10:00:00 到 2026-03-01 10:59:59
[2026-03-01 11:30:01] ℹ su_web 該時段內無資料變動，未生成有效 SQL。
[2026-03-01 11:30:01] ℹ sm_m2 該時段內無資料變動，未生成有效 SQL。
[2026-03-01 11:30:01] ℹ 備份檔案完成
[2026-03-01 12:00:01] 開始轉換時間範圍: 2026-03-01 11:00:00 到 2026-03-01 11:59:59
[2026-03-01 12:00:01] ℹ su_web 該時段內無資料變動，未生成有效 SQL。
[2026-03-01 12:00:01] ℹ sm_m2 該時段內無資料變動，未生成有效 SQL。
[2026-03-01 12:00:01] ℹ 備份檔案完成
[2026-03-01 12:30:01] 開始轉換時間範圍: 2026-03-01 11:00:00 到 2026-03-01 11:59:59
[2026-03-01 12:30:01] ℹ su_web 該時段內無資料變動，未生成有效 SQL。
[2026-03-01 12:30:01] ℹ sm_m2 該時段內無資料變動，未生成有效 SQL。
[2026-03-01 12:30:01] ℹ 備份檔案完成
[2026-03-01 13:00:01] 開始轉換時間範圍: 2026-03-01 12:00:00 到 2026-03-01 12:59:59
[2026-03-01 13:00:01] ℹ su_web 該時段內無資料變動，未生成有效 SQL。
[2026-03-01 13:00:01] ℹ sm_m2 該時段內無資料變動，未生成有效 SQL。
[2026-03-01 13:00:02] ℹ 備份檔案完成
[2026-03-01 13:30:01] 開始轉換時間範圍: 2026-03-01 12:00:00 到 2026-03-01 12:59:59
[2026-03-01 13:30:01] ℹ su_web 該時段內無資料變動，未生成有效 SQL。
[2026-03-01 13:30:01] ℹ sm_m2 該時段內無資料變動，未生成有效 SQL。
[2026-03-01 13:30:02] ℹ 備份檔案完成
[2026-03-01 14:00:01] 開始轉換時間範圍: 2026-03-01 13:00:00 到 2026-03-01 13:59:59
[2026-03-01 14:00:01] ℹ su_web 該時段內無資料變動，未生成有效 SQL。
[2026-03-01 14:00:01] ℹ sm_m2 該時段內無資料變動，未生成有效 SQL。
[2026-03-01 14:00:01] ℹ 備份檔案完成
[2026-03-01 14:30:01] 開始轉換時間範圍: 2026-03-01 13:00:00 到 2026-03-01 13:59:59
[2026-03-01 14:30:01] ℹ su_web 該時段內無資料變動，未生成有效 SQL。
[2026-03-01 14:30:01] ℹ sm_m2 該時段內無資料變動，未生成有效 SQL。
[2026-03-01 14:30:01] ℹ 備份檔案完成
[2026-03-01 15:00:01] 開始轉換時間範圍: 2026-03-01 14:00:00 到 2026-03-01 14:59:59
[2026-03-01 15:00:01] ℹ su_web 該時段內無資料變動，未生成有效 SQL。
[2026-03-01 15:00:01] ℹ sm_m2 該時段內無資料變動，未生成有效 SQL。
[2026-03-01 15:00:01] ℹ 備份檔案完成
[2026-03-01 15:30:01] 開始轉換時間範圍: 2026-03-01 14:00:00 到 2026-03-01 14:59:59
[2026-03-01 15:30:01] ℹ su_web 該時段內無資料變動，未生成有效 SQL。
[2026-03-01 15:30:01] ℹ sm_m2 該時段內無資料變動，未生成有效 SQL。
[2026-03-01 15:30:01] ℹ 備份檔案完成
[2026-03-01 16:00:02] 開始轉換時間範圍: 2026-03-01 15:00:00 到 2026-03-01 15:59:59
[2026-03-01 16:00:02] ℹ su_web 該時段內無資料變動，未生成有效 SQL。
[2026-03-01 16:00:02] ℹ sm_m2 該時段內無資料變動，未生成有效 SQL。
[2026-03-01 16:00:02] ℹ 備份檔案完成
[2026-03-01 16:30:01] 開始轉換時間範圍: 2026-03-01 15:00:00 到 2026-03-01 15:59:59
[2026-03-01 16:30:01] ℹ su_web 該時段內無資料變動，未生成有效 SQL。
[2026-03-01 16:30:01] ℹ sm_m2 該時段內無資料變動，未生成有效 SQL。
[2026-03-01 16:30:01] ℹ 備份檔案完成
[2026-03-01 17:00:01] 開始轉換時間範圍: 2026-03-01 16:00:00 到 2026-03-01 16:59:59
[2026-03-01 17:00:01] ℹ su_web 該時段內無資料變動，未生成有效 SQL。
[2026-03-01 17:00:01] ℹ sm_m2 該時段內無資料變動，未生成有效 SQL。
[2026-03-01 17:00:01] ℹ 備份檔案完成
[2026-03-01 17:30:01] 開始轉換時間範圍: 2026-03-01 16:00:00 到 2026-03-01 16:59:59
[2026-03-01 17:30:01] ℹ su_web 該時段內無資料變動，未生成有效 SQL。
[2026-03-01 17:30:01] ℹ sm_m2 該時段內無資料變動，未生成有效 SQL。
[2026-03-01 17:30:01] ℹ 備份檔案完成
[2026-03-01 18:00:01] 開始轉換時間範圍: 2026-03-01 17:00:00 到 2026-03-01 17:59:59
[2026-03-01 18:00:01] ℹ su_web 該時段內無資料變動，未生成有效 SQL。
[2026-03-01 18:00:01] ℹ sm_m2 該時段內無資料變動，未生成有效 SQL。
[2026-03-01 18:00:01] ℹ 備份檔案完成
[2026-03-01 18:30:02] 開始轉換時間範圍: 2026-03-01 17:00:00 到 2026-03-01 17:59:59
[2026-03-01 18:30:02] ℹ su_web 該時段內無資料變動，未生成有效 SQL。
[2026-03-01 18:30:02] ℹ sm_m2 該時段內無資料變動，未生成有效 SQL。
[2026-03-01 18:30:02] ℹ 備份檔案完成
[2026-03-01 19:00:01] 開始轉換時間範圍: 2026-03-01 18:00:00 到 2026-03-01 18:59:59
[2026-03-01 19:00:01] ℹ su_web 該時段內無資料變動，未生成有效 SQL。
[2026-03-01 19:00:01] ℹ sm_m2 該時段內無資料變動，未生成有效 SQL。
[2026-03-01 19:00:01] ℹ 備份檔案完成
[2026-03-01 19:30:01] 開始轉換時間範圍: 2026-03-01 18:00:00 到 2026-03-01 18:59:59
[2026-03-01 19:30:01] ℹ su_web 該時段內無資料變動，未生成有效 SQL。
[2026-03-01 19:30:01] ℹ sm_m2 該時段內無資料變動，未生成有效 SQL。
[2026-03-01 19:30:01] ℹ 備份檔案完成
[2026-03-01 20:00:02] 開始轉換時間範圍: 2026-03-01 19:00:00 到 2026-03-01 19:59:59
[2026-03-01 20:00:02] ℹ su_web 該時段內無資料變動，未生成有效 SQL。
[2026-03-01 20:00:02] ℹ sm_m2 該時段內無資料變動，未生成有效 SQL。
[2026-03-01 20:00:02] ℹ 備份檔案完成
[2026-03-01 20:30:01] 開始轉換時間範圍: 2026-03-01 19:00:00 到 2026-03-01 19:59:59
[2026-03-01 20:30:01] ℹ su_web 該時段內無資料變動，未生成有效 SQL。
[2026-03-01 20:30:01] ℹ sm_m2 該時段內無資料變動，未生成有效 SQL。
[2026-03-01 20:30:02] ℹ 備份檔案完成
[2026-03-01 21:00:01] 開始轉換時間範圍: 2026-03-01 20:00:00 到 2026-03-01 20:59:59
[2026-03-01 21:00:02] ℹ su_web 該時段內無資料變動，未生成有效 SQL。
[2026-03-01 21:00:02] ℹ sm_m2 該時段內無資料變動，未生成有效 SQL。
[2026-03-01 21:00:02] ℹ 備份檔案完成
[2026-03-01 21:30:01] 開始轉換時間範圍: 2026-03-01 20:00:00 到 2026-03-01 20:59:59
[2026-03-01 21:30:01] ℹ su_web 該時段內無資料變動，未生成有效 SQL。
[2026-03-01 21:30:01] ℹ sm_m2 該時段內無資料變動，未生成有效 SQL。
[2026-03-01 21:30:01] ℹ 備份檔案完成
[2026-03-01 22:00:01] 開始轉換時間範圍: 2026-03-01 21:00:00 到 2026-03-01 21:59:59
[2026-03-01 22:00:01] ℹ su_web 該時段內無資料變動，未生成有效 SQL。
[2026-03-01 22:00:01] ℹ sm_m2 該時段內無資料變動，未生成有效 SQL。
[2026-03-01 22:00:01] ℹ 備份檔案完成
[2026-03-01 22:30:01] 開始轉換時間範圍: 2026-03-01 21:00:00 到 2026-03-01 21:59:59
[2026-03-01 22:30:01] ℹ su_web 該時段內無資料變動，未生成有效 SQL。
[2026-03-01 22:30:01] ℹ sm_m2 該時段內無資料變動，未生成有效 SQL。
[2026-03-01 22:30:01] ℹ 備份檔案完成
[2026-03-01 23:00:01] 開始轉換時間範圍: 2026-03-01 22:00:00 到 2026-03-01 22:59:59
[2026-03-01 23:00:01] ℹ su_web 該時段內無資料變動，未生成有效 SQL。
[2026-03-01 23:00:01] ℹ sm_m2 該時段內無資料變動，未生成有效 SQL。
[2026-03-01 23:00:01] ℹ 備份檔案完成
[2026-03-01 23:30:01] 開始轉換時間範圍: 2026-03-01 22:00:00 到 2026-03-01 22:59:59
[2026-03-01 23:30:01] ℹ su_web 該時段內無資料變動，未生成有效 SQL。
[2026-03-01 23:30:01] ℹ sm_m2 該時段內無資料變動，未生成有效 SQL。
[2026-03-01 23:30:01] ℹ 備份檔案完成
[2026-03-02 00:00:01] 開始轉換時間範圍: 2026-03-01 23:00:00 到 2026-03-01 23:59:59
[2026-03-02 00:00:01] ℹ su_web 該時段內無資料變動，未生成有效 SQL。
[2026-03-02 00:00:01] ℹ sm_m2 該時段內無資料變動，未生成有效 SQL。
[2026-03-02 00:00:01] ℹ 備份檔案完成
[2026-03-02 00:30:01] 開始轉換時間範圍: 2026-03-01 23:00:00 到 2026-03-01 23:59:59
[2026-03-02 00:30:01] ℹ su_web 該時段內無資料變動，未生成有效 SQL。
[2026-03-02 00:30:01] ℹ sm_m2 該時段內無資料變動，未生成有效 SQL。
[2026-03-02 00:30:01] ℹ 備份檔案完成
[2026-03-02 01:00:01] 開始轉換時間範圍: 2026-03-02 00:00:00 到 2026-03-02 00:59:59
[2026-03-02 01:00:01] ℹ su_web 該時段內無資料變動，未生成有效 SQL。
[2026-03-02 01:00:01] ℹ sm_m2 該時段內無資料變動，未生成有效 SQL。
[2026-03-02 01:00:01] ℹ 備份檔案完成
[2026-03-02 01:30:01] 開始轉換時間範圍: 2026-03-02 00:00:00 到 2026-03-02 00:59:59
[2026-03-02 01:30:01] ℹ su_web 該時段內無資料變動，未生成有效 SQL。
[2026-03-02 01:30:01] ℹ sm_m2 該時段內無資料變動，未生成有效 SQL。
[2026-03-02 01:30:01] ℹ 備份檔案完成
[2026-03-02 02:00:01] 開始轉換時間範圍: 2026-03-02 01:00:00 到 2026-03-02 01:59:59
[2026-03-02 02:00:01] ℹ su_web 該時段內無資料變動，未生成有效 SQL。
[2026-03-02 02:00:01] ℹ sm_m2 該時段內無資料變動，未生成有效 SQL。
[2026-03-02 02:00:01] ℹ 備份檔案完成
[2026-03-02 02:30:01] 開始轉換時間範圍: 2026-03-02 01:00:00 到 2026-03-02 01:59:59
[2026-03-02 02:30:01] ℹ su_web 該時段內無資料變動，未生成有效 SQL。
[2026-03-02 02:30:01] ℹ sm_m2 該時段內無資料變動，未生成有效 SQL。
[2026-03-02 02:30:02] ℹ 備份檔案完成
[2026-03-02 03:00:01] 開始轉換時間範圍: 2026-03-02 02:00:00 到 2026-03-02 02:59:59
[2026-03-02 03:00:01] ℹ su_web 該時段內無資料變動，未生成有效 SQL。
[2026-03-02 03:00:01] ℹ sm_m2 該時段內無資料變動，未生成有效 SQL。
[2026-03-02 03:00:01] ℹ 備份檔案完成
[2026-03-02 03:30:01] 開始轉換時間範圍: 2026-03-02 02:00:00 到 2026-03-02 02:59:59
[2026-03-02 03:30:01] ℹ su_web 該時段內無資料變動，未生成有效 SQL。
[2026-03-02 03:30:01] ℹ sm_m2 該時段內無資料變動，未生成有效 SQL。
[2026-03-02 03:30:01] ℹ 備份檔案完成
[2026-03-02 04:00:01] 開始轉換時間範圍: 2026-03-02 03:00:00 到 2026-03-02 03:59:59
[2026-03-02 04:00:01] ℹ su_web 該時段內無資料變動，未生成有效 SQL。
[2026-03-02 04:00:01] ℹ sm_m2 該時段內無資料變動，未生成有效 SQL。
[2026-03-02 04:00:01] ℹ 備份檔案完成
[2026-03-02 04:30:01] 開始轉換時間範圍: 2026-03-02 03:00:00 到 2026-03-02 03:59:59
[2026-03-02 04:30:02] ℹ su_web 該時段內無資料變動，未生成有效 SQL。
[2026-03-02 04:30:02] ℹ sm_m2 該時段內無資料變動，未生成有效 SQL。
[2026-03-02 04:30:02] ℹ 備份檔案完成
[2026-03-02 05:00:01] 開始轉換時間範圍: 2026-03-02 04:00:00 到 2026-03-02 04:59:59
[2026-03-02 05:00:01] ℹ su_web 該時段內無資料變動，未生成有效 SQL。
[2026-03-02 05:00:01] ℹ sm_m2 該時段內無資料變動，未生成有效 SQL。
[2026-03-02 05:00:01] ℹ 備份檔案完成
[2026-03-02 05:30:01] 開始轉換時間範圍: 2026-03-02 04:00:00 到 2026-03-02 04:59:59
[2026-03-02 05:30:01] ℹ su_web 該時段內無資料變動，未生成有效 SQL。
[2026-03-02 05:30:01] ℹ sm_m2 該時段內無資料變動，未生成有效 SQL。
[2026-03-02 05:30:02] ℹ 備份檔案完成
[2026-03-02 06:00:01] 開始轉換時間範圍: 2026-03-02 05:00:00 到 2026-03-02 05:59:59
[2026-03-02 06:00:01] ℹ su_web 該時段內無資料變動，未生成有效 SQL。
[2026-03-02 06:00:01] ℹ sm_m2 該時段內無資料變動，未生成有效 SQL。
[2026-03-02 06:00:01] ℹ 備份檔案完成
[2026-03-02 06:30:01] 開始轉換時間範圍: 2026-03-02 05:00:00 到 2026-03-02 05:59:59
[2026-03-02 06:30:01] ℹ su_web 該時段內無資料變動，未生成有效 SQL。
[2026-03-02 06:30:01] ℹ sm_m2 該時段內無資料變動，未生成有效 SQL。
[2026-03-02 06:30:01] ℹ 備份檔案完成
[2026-03-02 07:00:01] 開始轉換時間範圍: 2026-03-02 06:00:00 到 2026-03-02 06:59:59
[2026-03-02 07:00:01] ℹ su_web 該時段內無資料變動，未生成有效 SQL。
[2026-03-02 07:00:01] ℹ sm_m2 該時段內無資料變動，未生成有效 SQL。
[2026-03-02 07:00:02] ℹ 備份檔案完成
[2026-03-02 07:30:01] 開始轉換時間範圍: 2026-03-02 06:00:00 到 2026-03-02 06:59:59
[2026-03-02 07:30:01] ℹ su_web 該時段內無資料變動，未生成有效 SQL。
[2026-03-02 07:30:01] ℹ sm_m2 該時段內無資料變動，未生成有效 SQL。
[2026-03-02 07:30:01] ℹ 備份檔案完成
[2026-03-02 08:00:01] 開始轉換時間範圍: 2026-03-02 07:00:00 到 2026-03-02 07:59:59
[2026-03-02 08:00:01] ℹ su_web 該時段內無資料變動，未生成有效 SQL。
[2026-03-02 08:00:01] ℹ sm_m2 該時段內無資料變動，未生成有效 SQL。
[2026-03-02 08:00:01] ℹ 備份檔案完成
[2026-03-02 08:30:01] 開始轉換時間範圍: 2026-03-02 07:00:00 到 2026-03-02 07:59:59
[2026-03-02 08:30:01] ℹ su_web 該時段內無資料變動，未生成有效 SQL。
[2026-03-02 08:30:01] ℹ sm_m2 該時段內無資料變動，未生成有效 SQL。
[2026-03-02 08:30:01] ℹ 備份檔案完成
[2026-03-02 09:00:01] 開始轉換時間範圍: 2026-03-02 08:00:00 到 2026-03-02 08:59:59
[2026-03-02 09:00:01] ℹ su_web 該時段內無資料變動，未生成有效 SQL。
[2026-03-02 09:00:01] ℹ sm_m2 該時段內無資料變動，未生成有效 SQL。
[2026-03-02 09:00:01] ℹ 備份檔案完成
[2026-03-02 09:30:01] 開始轉換時間範圍: 2026-03-02 08:00:00 到 2026-03-02 08:59:59
[2026-03-02 09:30:01] ℹ su_web 該時段內無資料變動，未生成有效 SQL。
[2026-03-02 09:30:01] ℹ sm_m2 該時段內無資料變動，未生成有效 SQL。
[2026-03-02 09:30:01] ℹ 備份檔案完成
[2026-03-02 10:00:01] 開始轉換時間範圍: 2026-03-02 09:00:00 到 2026-03-02 09:59:59
[2026-03-02 10:00:01] ℹ su_web 該時段內無資料變動，未生成有效 SQL。
[2026-03-02 10:00:01] ℹ sm_m2 該時段內無資料變動，未生成有效 SQL。
[2026-03-02 10:00:01] ℹ 備份檔案完成
[2026-03-02 10:30:01] 開始轉換時間範圍: 2026-03-02 09:00:00 到 2026-03-02 09:59:59
[2026-03-02 10:30:01] ℹ su_web 該時段內無資料變動，未生成有效 SQL。
[2026-03-02 10:30:01] ℹ sm_m2 該時段內無資料變動，未生成有效 SQL。
[2026-03-02 10:30:01] ℹ 備份檔案完成
[2026-03-02 11:00:01] 開始轉換時間範圍: 2026-03-02 10:00:00 到 2026-03-02 10:59:59
[2026-03-02 11:00:01] ℹ su_web 該時段內無資料變動，未生成有效 SQL。
[2026-03-02 11:00:01] ℹ sm_m2 該時段內無資料變動，未生成有效 SQL。
[2026-03-02 11:00:01] ℹ 備份檔案完成
[2026-03-02 11:30:01] 開始轉換時間範圍: 2026-03-02 10:00:00 到 2026-03-02 10:59:59
[2026-03-02 11:30:01] ℹ su_web 該時段內無資料變動，未生成有效 SQL。
[2026-03-02 11:30:01] ℹ sm_m2 該時段內無資料變動，未生成有效 SQL。
[2026-03-02 11:30:01] ℹ 備份檔案完成
[2026-03-02 12:00:01] 開始轉換時間範圍: 2026-03-02 11:00:00 到 2026-03-02 11:59:59
[2026-03-02 12:00:01] ℹ su_web 該時段內無資料變動，未生成有效 SQL。
[2026-03-02 12:00:02] ℹ sm_m2 該時段內無資料變動，未生成有效 SQL。
[2026-03-02 12:00:02] ℹ 備份檔案完成
[2026-03-02 12:30:01] 開始轉換時間範圍: 2026-03-02 11:00:00 到 2026-03-02 11:59:59
[2026-03-02 12:30:01] ℹ su_web 該時段內無資料變動，未生成有效 SQL。
[2026-03-02 12:30:01] ℹ sm_m2 該時段內無資料變動，未生成有效 SQL。
[2026-03-02 12:30:01] ℹ 備份檔案完成
[2026-03-02 13:00:02] 開始轉換時間範圍: 2026-03-02 12:00:00 到 2026-03-02 12:59:59
[2026-03-02 13:00:02] ℹ su_web 該時段內無資料變動，未生成有效 SQL。
[2026-03-02 13:00:02] ℹ sm_m2 該時段內無資料變動，未生成有效 SQL。
[2026-03-02 13:00:02] ℹ 備份檔案完成
[2026-03-02 13:30:01] 開始轉換時間範圍: 2026-03-02 12:00:00 到 2026-03-02 12:59:59
[2026-03-02 13:30:01] ℹ su_web 該時段內無資料變動，未生成有效 SQL。
[2026-03-02 13:30:01] ℹ sm_m2 該時段內無資料變動，未生成有效 SQL。
[2026-03-02 13:30:01] ℹ 備份檔案完成
[2026-03-02 14:00:02] 開始轉換時間範圍: 2026-03-02 13:00:00 到 2026-03-02 13:59:59
[2026-03-02 14:00:02] ℹ su_web 該時段內無資料變動，未生成有效 SQL。
[2026-03-02 14:00:03] ℹ sm_m2 該時段內無資料變動，未生成有效 SQL。
[2026-03-02 14:00:03] ℹ 備份檔案完成
[2026-03-02 14:30:01] 開始轉換時間範圍: 2026-03-02 13:00:00 到 2026-03-02 13:59:59
[2026-03-02 14:30:01] ℹ su_web 該時段內無資料變動，未生成有效 SQL。
[2026-03-02 14:30:01] ℹ sm_m2 該時段內無資料變動，未生成有效 SQL。
[2026-03-02 14:30:01] ℹ 備份檔案完成
[2026-03-02 15:00:01] 開始轉換時間範圍: 2026-03-02 14:00:00 到 2026-03-02 14:59:59
[2026-03-02 15:00:01] ℹ su_web 該時段內無資料變動，未生成有效 SQL。
[2026-03-02 15:00:01] ℹ sm_m2 該時段內無資料變動，未生成有效 SQL。
[2026-03-02 15:00:01] ℹ 備份檔案完成
[2026-03-02 15:30:01] 開始轉換時間範圍: 2026-03-02 14:00:00 到 2026-03-02 14:59:59
[2026-03-02 15:30:01] ℹ su_web 該時段內無資料變動，未生成有效 SQL。
[2026-03-02 15:30:01] ℹ sm_m2 該時段內無資料變動，未生成有效 SQL。
[2026-03-02 15:30:01] ℹ 備份檔案完成
[2026-03-02 16:00:01] 開始轉換時間範圍: 2026-03-02 15:00:00 到 2026-03-02 15:59:59
[2026-03-02 16:00:01] ℹ su_web 該時段內無資料變動，未生成有效 SQL。
[2026-03-02 16:00:01] ℹ sm_m2 該時段內無資料變動，未生成有效 SQL。
[2026-03-02 16:00:01] ℹ 備份檔案完成
[2026-03-02 16:30:01] 開始轉換時間範圍: 2026-03-02 15:00:00 到 2026-03-02 15:59:59
[2026-03-02 16:30:01] ℹ su_web 該時段內無資料變動，未生成有效 SQL。
[2026-03-02 16:30:01] ℹ sm_m2 該時段內無資料變動，未生成有效 SQL。
[2026-03-02 16:30:01] ℹ 備份檔案完成
[2026-03-02 17:00:01] 開始轉換時間範圍: 2026-03-02 16:00:00 到 2026-03-02 16:59:59
[2026-03-02 17:00:01] ℹ su_web 該時段內無資料變動，未生成有效 SQL。
[2026-03-02 17:00:01] ℹ sm_m2 該時段內無資料變動，未生成有效 SQL。
[2026-03-02 17:00:01] ℹ 備份檔案完成
[2026-03-02 17:30:01] 開始轉換時間範圍: 2026-03-02 16:00:00 到 2026-03-02 16:59:59
[2026-03-02 17:30:02] ℹ su_web 該時段內無資料變動，未生成有效 SQL。
[2026-03-02 17:30:02] ℹ sm_m2 該時段內無資料變動，未生成有效 SQL。
[2026-03-02 17:30:02] ℹ 備份檔案完成
[2026-03-02 18:00:01] 開始轉換時間範圍: 2026-03-02 17:00:00 到 2026-03-02 17:59:59
[2026-03-02 18:00:01] ℹ su_web 該時段內無資料變動，未生成有效 SQL。
[2026-03-02 18:00:01] ℹ sm_m2 該時段內無資料變動，未生成有效 SQL。
[2026-03-02 18:00:01] ℹ 備份檔案完成
[2026-03-02 18:30:01] 開始轉換時間範圍: 2026-03-02 17:00:00 到 2026-03-02 17:59:59
[2026-03-02 18:30:01] ℹ su_web 該時段內無資料變動，未生成有效 SQL。
[2026-03-02 18:30:01] ℹ sm_m2 該時段內無資料變動，未生成有效 SQL。
[2026-03-02 18:30:01] ℹ 備份檔案完成
[2026-03-02 19:00:02] 開始轉換時間範圍: 2026-03-02 18:00:00 到 2026-03-02 18:59:59
[2026-03-02 19:00:02] ℹ su_web 該時段內無資料變動，未生成有效 SQL。
[2026-03-02 19:00:02] ℹ sm_m2 該時段內無資料變動，未生成有效 SQL。
[2026-03-02 19:00:02] ℹ 備份檔案完成
[2026-03-02 19:30:01] 開始轉換時間範圍: 2026-03-02 18:00:00 到 2026-03-02 18:59:59
[2026-03-02 19:30:01] ℹ su_web 該時段內無資料變動，未生成有效 SQL。
[2026-03-02 19:30:01] ℹ sm_m2 該時段內無資料變動，未生成有效 SQL。
[2026-03-02 19:30:01] ℹ 備份檔案完成
[2026-03-02 20:00:01] 開始轉換時間範圍: 2026-03-02 19:00:00 到 2026-03-02 19:59:59
[2026-03-02 20:00:01] ℹ su_web 該時段內無資料變動，未生成有效 SQL。
[2026-03-02 20:00:01] ℹ sm_m2 該時段內無資料變動，未生成有效 SQL。
[2026-03-02 20:00:01] ℹ 備份檔案完成
[2026-03-02 20:30:01] 開始轉換時間範圍: 2026-03-02 19:00:00 到 2026-03-02 19:59:59
[2026-03-02 20:30:01] ℹ su_web 該時段內無資料變動，未生成有效 SQL。
[2026-03-02 20:30:01] ℹ sm_m2 該時段內無資料變動，未生成有效 SQL。
[2026-03-02 20:30:01] ℹ 備份檔案完成
[2026-03-02 21:00:01] 開始轉換時間範圍: 2026-03-02 20:00:00 到 2026-03-02 20:59:59
[2026-03-02 21:00:01] ℹ su_web 該時段內無資料變動，未生成有效 SQL。
[2026-03-02 21:00:01] ℹ sm_m2 該時段內無資料變動，未生成有效 SQL。
[2026-03-02 21:00:01] ℹ 備份檔案完成
[2026-03-02 21:30:01] 開始轉換時間範圍: 2026-03-02 20:00:00 到 2026-03-02 20:59:59
[2026-03-02 21:30:02] ℹ su_web 該時段內無資料變動，未生成有效 SQL。
[2026-03-02 21:30:02] ℹ sm_m2 該時段內無資料變動，未生成有效 SQL。
[2026-03-02 21:30:02] ℹ 備份檔案完成
[2026-03-02 22:00:01] 開始轉換時間範圍: 2026-03-02 21:00:00 到 2026-03-02 21:59:59
[2026-03-02 22:00:01] ℹ su_web 該時段內無資料變動，未生成有效 SQL。
[2026-03-02 22:00:01] ℹ sm_m2 該時段內無資料變動，未生成有效 SQL。
[2026-03-02 22:00:01] ℹ 備份檔案完成
[2026-03-02 22:30:01] 開始轉換時間範圍: 2026-03-02 21:00:00 到 2026-03-02 21:59:59
[2026-03-02 22:30:01] ℹ su_web 該時段內無資料變動，未生成有效 SQL。
[2026-03-02 22:30:01] ℹ sm_m2 該時段內無資料變動，未生成有效 SQL。
[2026-03-02 22:30:01] ℹ 備份檔案完成
[2026-03-02 23:00:01] 開始轉換時間範圍: 2026-03-02 22:00:00 到 2026-03-02 22:59:59
[2026-03-02 23:00:01] ℹ su_web 該時段內無資料變動，未生成有效 SQL。
[2026-03-02 23:00:01] ℹ sm_m2 該時段內無資料變動，未生成有效 SQL。
[2026-03-02 23:00:01] ℹ 備份檔案完成
[2026-03-02 23:30:01] 開始轉換時間範圍: 2026-03-02 22:00:00 到 2026-03-02 22:59:59
[2026-03-02 23:30:01] ℹ su_web 該時段內無資料變動，未生成有效 SQL。
[2026-03-02 23:30:01] ℹ sm_m2 該時段內無資料變動，未生成有效 SQL。
[2026-03-02 23:30:01] ℹ 備份檔案完成
[2026-03-03 00:00:01] 開始轉換時間範圍: 2026-03-02 23:00:00 到 2026-03-02 23:59:59
[2026-03-03 00:00:01] ℹ su_web 該時段內無資料變動，未生成有效 SQL。
[2026-03-03 00:00:01] ℹ sm_m2 該時段內無資料變動，未生成有效 SQL。
[2026-03-03 00:00:01] ℹ 備份檔案完成
[2026-03-03 00:30:01] 開始轉換時間範圍: 2026-03-02 23:00:00 到 2026-03-02 23:59:59
[2026-03-03 00:30:01] ℹ su_web 該時段內無資料變動，未生成有效 SQL。
[2026-03-03 00:30:01] ℹ sm_m2 該時段內無資料變動，未生成有效 SQL。
[2026-03-03 00:30:01] ℹ 備份檔案完成
[2026-03-03 01:00:01] 開始轉換時間範圍: 2026-03-03 00:00:00 到 2026-03-03 00:59:59
[2026-03-03 01:00:01] ℹ su_web 該時段內無資料變動，未生成有效 SQL。
[2026-03-03 01:00:01] ℹ sm_m2 該時段內無資料變動，未生成有效 SQL。
[2026-03-03 01:00:01] ℹ 備份檔案完成
[2026-03-03 01:30:01] 開始轉換時間範圍: 2026-03-03 00:00:00 到 2026-03-03 00:59:59
[2026-03-03 01:30:01] ℹ su_web 該時段內無資料變動，未生成有效 SQL。
[2026-03-03 01:30:01] ℹ sm_m2 該時段內無資料變動，未生成有效 SQL。
[2026-03-03 01:30:01] ℹ 備份檔案完成
[2026-03-03 02:00:01] 開始轉換時間範圍: 2026-03-03 01:00:00 到 2026-03-03 01:59:59
[2026-03-03 02:00:01] ℹ su_web 該時段內無資料變動，未生成有效 SQL。
[2026-03-03 02:00:01] ℹ sm_m2 該時段內無資料變動，未生成有效 SQL。
[2026-03-03 02:00:01] ℹ 備份檔案完成
[2026-03-03 02:30:01] 開始轉換時間範圍: 2026-03-03 01:00:00 到 2026-03-03 01:59:59
[2026-03-03 02:30:01] ℹ su_web 該時段內無資料變動，未生成有效 SQL。
[2026-03-03 02:30:01] ℹ sm_m2 該時段內無資料變動，未生成有效 SQL。
[2026-03-03 02:30:01] ℹ 備份檔案完成
[2026-03-03 03:00:01] 開始轉換時間範圍: 2026-03-03 02:00:00 到 2026-03-03 02:59:59
[2026-03-03 03:00:01] ℹ su_web 該時段內無資料變動，未生成有效 SQL。
[2026-03-03 03:00:01] ℹ sm_m2 該時段內無資料變動，未生成有效 SQL。
[2026-03-03 03:00:01] ℹ 備份檔案完成
[2026-03-03 03:30:01] 開始轉換時間範圍: 2026-03-03 02:00:00 到 2026-03-03 02:59:59
[2026-03-03 03:30:01] ℹ su_web 該時段內無資料變動，未生成有效 SQL。
[2026-03-03 03:30:01] ℹ sm_m2 該時段內無資料變動，未生成有效 SQL。
[2026-03-03 03:30:01] ℹ 備份檔案完成
[2026-03-03 04:00:01] 開始轉換時間範圍: 2026-03-03 03:00:00 到 2026-03-03 03:59:59
[2026-03-03 04:00:01] ℹ su_web 該時段內無資料變動，未生成有效 SQL。
[2026-03-03 04:00:01] ℹ sm_m2 該時段內無資料變動，未生成有效 SQL。
[2026-03-03 04:00:01] ℹ 備份檔案完成
[2026-03-03 04:30:01] 開始轉換時間範圍: 2026-03-03 03:00:00 到 2026-03-03 03:59:59
[2026-03-03 04:30:01] ℹ su_web 該時段內無資料變動，未生成有效 SQL。
[2026-03-03 04:30:01] ℹ sm_m2 該時段內無資料變動，未生成有效 SQL。
[2026-03-03 04:30:01] ℹ 備份檔案完成
[2026-03-03 05:00:01] 開始轉換時間範圍: 2026-03-03 04:00:00 到 2026-03-03 04:59:59
[2026-03-03 05:00:01] ℹ su_web 該時段內無資料變動，未生成有效 SQL。
[2026-03-03 05:00:01] ℹ sm_m2 該時段內無資料變動，未生成有效 SQL。
[2026-03-03 05:00:01] ℹ 備份檔案完成
[2026-03-03 05:30:01] 開始轉換時間範圍: 2026-03-03 04:00:00 到 2026-03-03 04:59:59
[2026-03-03 05:30:01] ℹ su_web 該時段內無資料變動，未生成有效 SQL。
[2026-03-03 05:30:01] ℹ sm_m2 該時段內無資料變動，未生成有效 SQL。
[2026-03-03 05:30:01] ℹ 備份檔案完成
[2026-03-03 06:00:01] 開始轉換時間範圍: 2026-03-03 05:00:00 到 2026-03-03 05:59:59
[2026-03-03 06:00:01] ℹ su_web 該時段內無資料變動，未生成有效 SQL。
[2026-03-03 06:00:01] ℹ sm_m2 該時段內無資料變動，未生成有效 SQL。
[2026-03-03 06:00:01] ℹ 備份檔案完成
[2026-03-03 06:30:01] 開始轉換時間範圍: 2026-03-03 05:00:00 到 2026-03-03 05:59:59
[2026-03-03 06:30:01] ℹ su_web 該時段內無資料變動，未生成有效 SQL。
[2026-03-03 06:30:01] ℹ sm_m2 該時段內無資料變動，未生成有效 SQL。
[2026-03-03 06:30:01] ℹ 備份檔案完成
[2026-03-03 07:00:01] 開始轉換時間範圍: 2026-03-03 06:00:00 到 2026-03-03 06:59:59
[2026-03-03 07:00:01] ℹ su_web 該時段內無資料變動，未生成有效 SQL。
[2026-03-03 07:00:01] ℹ sm_m2 該時段內無資料變動，未生成有效 SQL。
[2026-03-03 07:00:01] ℹ 備份檔案完成
[2026-03-03 07:30:01] 開始轉換時間範圍: 2026-03-03 06:00:00 到 2026-03-03 06:59:59
[2026-03-03 07:30:01] ℹ su_web 該時段內無資料變動，未生成有效 SQL。
[2026-03-03 07:30:01] ℹ sm_m2 該時段內無資料變動，未生成有效 SQL。
[2026-03-03 07:30:01] ℹ 備份檔案完成
[2026-03-03 08:00:01] 開始轉換時間範圍: 2026-03-03 07:00:00 到 2026-03-03 07:59:59
[2026-03-03 08:00:01] ℹ su_web 該時段內無資料變動，未生成有效 SQL。
[2026-03-03 08:00:01] ℹ sm_m2 該時段內無資料變動，未生成有效 SQL。
[2026-03-03 08:00:01] ℹ 備份檔案完成
[2026-03-03 08:30:01] 開始轉換時間範圍: 2026-03-03 07:00:00 到 2026-03-03 07:59:59
[2026-03-03 08:30:01] ℹ su_web 該時段內無資料變動，未生成有效 SQL。
[2026-03-03 08:30:01] ℹ sm_m2 該時段內無資料變動，未生成有效 SQL。
[2026-03-03 08:30:01] ℹ 備份檔案完成
[2026-03-03 09:00:02] 開始轉換時間範圍: 2026-03-03 08:00:00 到 2026-03-03 08:59:59
[2026-03-03 09:00:02] ℹ su_web 該時段內無資料變動，未生成有效 SQL。
[2026-03-03 09:00:02] ℹ sm_m2 該時段內無資料變動，未生成有效 SQL。
[2026-03-03 09:00:02] ℹ 備份檔案完成
[2026-03-03 09:30:01] 開始轉換時間範圍: 2026-03-03 08:00:00 到 2026-03-03 08:59:59
[2026-03-03 09:30:01] ℹ su_web 該時段內無資料變動，未生成有效 SQL。
[2026-03-03 09:30:01] ℹ sm_m2 該時段內無資料變動，未生成有效 SQL。
[2026-03-03 09:30:01] ℹ 備份檔案完成
[2026-03-03 10:00:01] 開始轉換時間範圍: 2026-03-03 09:00:00 到 2026-03-03 09:59:59
[2026-03-03 10:00:01] ℹ su_web 該時段內無資料變動，未生成有效 SQL。
[2026-03-03 10:00:01] ℹ sm_m2 該時段內無資料變動，未生成有效 SQL。
[2026-03-03 10:00:01] ℹ 備份檔案完成
[2026-03-03 10:30:02] 開始轉換時間範圍: 2026-03-03 09:00:00 到 2026-03-03 09:59:59
[2026-03-03 10:30:02] ℹ su_web 該時段內無資料變動，未生成有效 SQL。
[2026-03-03 10:30:02] ℹ sm_m2 該時段內無資料變動，未生成有效 SQL。
[2026-03-03 10:30:02] ℹ 備份檔案完成
[2026-03-03 11:00:01] 開始轉換時間範圍: 2026-03-03 10:00:00 到 2026-03-03 10:59:59
[2026-03-03 11:00:01] ℹ su_web 該時段內無資料變動，未生成有效 SQL。
[2026-03-03 11:00:02] ℹ sm_m2 該時段內無資料變動，未生成有效 SQL。
[2026-03-03 11:00:02] ℹ 備份檔案完成
[2026-03-03 11:30:01] 開始轉換時間範圍: 2026-03-03 10:00:00 到 2026-03-03 10:59:59
[2026-03-03 11:30:01] ℹ su_web 該時段內無資料變動，未生成有效 SQL。
[2026-03-03 11:30:01] ℹ sm_m2 該時段內無資料變動，未生成有效 SQL。
[2026-03-03 11:30:01] ℹ 備份檔案完成
[2026-03-03 12:00:01] 開始轉換時間範圍: 2026-03-03 11:00:00 到 2026-03-03 11:59:59
[2026-03-03 12:00:01] ℹ su_web 該時段內無資料變動，未生成有效 SQL。
[2026-03-03 12:00:01] ℹ sm_m2 該時段內無資料變動，未生成有效 SQL。
[2026-03-03 12:00:01] ℹ 備份檔案完成
[2026-03-03 12:30:01] 開始轉換時間範圍: 2026-03-03 11:00:00 到 2026-03-03 11:59:59
[2026-03-03 12:30:02] ℹ su_web 該時段內無資料變動，未生成有效 SQL。
[2026-03-03 12:30:02] ℹ sm_m2 該時段內無資料變動，未生成有效 SQL。
[2026-03-03 12:30:02] ℹ 備份檔案完成
[2026-03-03 13:00:01] 開始轉換時間範圍: 2026-03-03 12:00:00 到 2026-03-03 12:59:59
[2026-03-03 13:00:01] ℹ su_web 該時段內無資料變動，未生成有效 SQL。
[2026-03-03 13:00:01] ℹ sm_m2 該時段內無資料變動，未生成有效 SQL。
[2026-03-03 13:00:01] ℹ 備份檔案完成
[2026-03-03 13:30:01] 開始轉換時間範圍: 2026-03-03 12:00:00 到 2026-03-03 12:59:59
[2026-03-03 13:30:01] ℹ su_web 該時段內無資料變動，未生成有效 SQL。
[2026-03-03 13:30:01] ℹ sm_m2 該時段內無資料變動，未生成有效 SQL。
[2026-03-03 13:30:01] ℹ 備份檔案完成
[2026-03-03 14:00:01] 開始轉換時間範圍: 2026-03-03 13:00:00 到 2026-03-03 13:59:59
[2026-03-03 14:00:01] ℹ su_web 該時段內無資料變動，未生成有效 SQL。
[2026-03-03 14:00:01] ℹ sm_m2 該時段內無資料變動，未生成有效 SQL。
[2026-03-03 14:00:01] ℹ 備份檔案完成
[2026-03-03 14:30:01] 開始轉換時間範圍: 2026-03-03 13:00:00 到 2026-03-03 13:59:59
[2026-03-03 14:30:01] ℹ su_web 該時段內無資料變動，未生成有效 SQL。
[2026-03-03 14:30:01] ℹ sm_m2 該時段內無資料變動，未生成有效 SQL。
[2026-03-03 14:30:01] ℹ 備份檔案完成
[2026-03-03 15:00:01] 開始轉換時間範圍: 2026-03-03 14:00:00 到 2026-03-03 14:59:59
[2026-03-03 15:00:01] ℹ su_web 該時段內無資料變動，未生成有效 SQL。
[2026-03-03 15:00:01] ℹ sm_m2 該時段內無資料變動，未生成有效 SQL。
[2026-03-03 15:00:01] ℹ 備份檔案完成
[2026-03-03 15:30:01] 開始轉換時間範圍: 2026-03-03 14:00:00 到 2026-03-03 14:59:59
[2026-03-03 15:30:02] ℹ su_web 該時段內無資料變動，未生成有效 SQL。
[2026-03-03 15:30:02] ℹ sm_m2 該時段內無資料變動，未生成有效 SQL。
[2026-03-03 15:30:02] ℹ 備份檔案完成
[2026-03-03 16:00:01] 開始轉換時間範圍: 2026-03-03 15:00:00 到 2026-03-03 15:59:59
[2026-03-03 16:00:01] ℹ su_web 該時段內無資料變動，未生成有效 SQL。
[2026-03-03 16:00:01] ℹ sm_m2 該時段內無資料變動，未生成有效 SQL。
[2026-03-03 16:00:01] ℹ 備份檔案完成
[2026-03-03 16:30:01] 開始轉換時間範圍: 2026-03-03 15:00:00 到 2026-03-03 15:59:59
[2026-03-03 16:30:01] ℹ su_web 該時段內無資料變動，未生成有效 SQL。
[2026-03-03 16:30:01] ℹ sm_m2 該時段內無資料變動，未生成有效 SQL。
[2026-03-03 16:30:01] ℹ 備份檔案完成
[2026-03-03 17:00:01] 開始轉換時間範圍: 2026-03-03 16:00:00 到 2026-03-03 16:59:59
[2026-03-03 17:00:01] ℹ su_web 該時段內無資料變動，未生成有效 SQL。
[2026-03-03 17:00:01] ℹ sm_m2 該時段內無資料變動，未生成有效 SQL。
[2026-03-03 17:00:02] ℹ 備份檔案完成
[2026-03-03 17:30:01] 開始轉換時間範圍: 2026-03-03 16:00:00 到 2026-03-03 16:59:59
[2026-03-03 17:30:01] ℹ su_web 該時段內無資料變動，未生成有效 SQL。
[2026-03-03 17:30:01] ℹ sm_m2 該時段內無資料變動，未生成有效 SQL。
[2026-03-03 17:30:01] ℹ 備份檔案完成
[2026-03-03 18:00:01] 開始轉換時間範圍: 2026-03-03 17:00:00 到 2026-03-03 17:59:59
[2026-03-03 18:00:01] ℹ su_web 該時段內無資料變動，未生成有效 SQL。
[2026-03-03 18:00:01] ℹ sm_m2 該時段內無資料變動，未生成有效 SQL。
[2026-03-03 18:00:01] ℹ 備份檔案完成
[2026-03-03 18:30:01] 開始轉換時間範圍: 2026-03-03 17:00:00 到 2026-03-03 17:59:59
[2026-03-03 18:30:01] ℹ su_web 該時段內無資料變動，未生成有效 SQL。
[2026-03-03 18:30:01] ℹ sm_m2 該時段內無資料變動，未生成有效 SQL。
[2026-03-03 18:30:01] ℹ 備份檔案完成
[2026-03-03 19:00:01] 開始轉換時間範圍: 2026-03-03 18:00:00 到 2026-03-03 18:59:59
[2026-03-03 19:00:01] ℹ su_web 該時段內無資料變動，未生成有效 SQL。
[2026-03-03 19:00:01] ℹ sm_m2 該時段內無資料變動，未生成有效 SQL。
[2026-03-03 19:00:01] ℹ 備份檔案完成
[2026-03-03 19:30:02] 開始轉換時間範圍: 2026-03-03 18:00:00 到 2026-03-03 18:59:59
[2026-03-03 19:30:02] ℹ su_web 該時段內無資料變動，未生成有效 SQL。
[2026-03-03 19:30:02] ℹ sm_m2 該時段內無資料變動，未生成有效 SQL。
[2026-03-03 19:30:02] ℹ 備份檔案完成
[2026-03-03 20:00:01] 開始轉換時間範圍: 2026-03-03 19:00:00 到 2026-03-03 19:59:59
[2026-03-03 20:00:01] ℹ su_web 該時段內無資料變動，未生成有效 SQL。
[2026-03-03 20:00:01] ℹ sm_m2 該時段內無資料變動，未生成有效 SQL。
[2026-03-03 20:00:01] ℹ 備份檔案完成
[2026-03-03 20:30:01] 開始轉換時間範圍: 2026-03-03 19:00:00 到 2026-03-03 19:59:59
[2026-03-03 20:30:01] ℹ su_web 該時段內無資料變動，未生成有效 SQL。
[2026-03-03 20:30:01] ℹ sm_m2 該時段內無資料變動，未生成有效 SQL。
[2026-03-03 20:30:02] ℹ 備份檔案完成
[2026-03-03 21:00:01] 開始轉換時間範圍: 2026-03-03 20:00:00 到 2026-03-03 20:59:59
[2026-03-03 21:00:01] ℹ su_web 該時段內無資料變動，未生成有效 SQL。
[2026-03-03 21:00:01] ℹ sm_m2 該時段內無資料變動，未生成有效 SQL。
[2026-03-03 21:00:01] ℹ 備份檔案完成
[2026-03-03 21:30:01] 開始轉換時間範圍: 2026-03-03 20:00:00 到 2026-03-03 20:59:59
[2026-03-03 21:30:01] ℹ su_web 該時段內無資料變動，未生成有效 SQL。
[2026-03-03 21:30:01] ℹ sm_m2 該時段內無資料變動，未生成有效 SQL。
[2026-03-03 21:30:01] ℹ 備份檔案完成
[2026-03-03 22:00:02] 開始轉換時間範圍: 2026-03-03 21:00:00 到 2026-03-03 21:59:59
[2026-03-03 22:00:02] ℹ su_web 該時段內無資料變動，未生成有效 SQL。
[2026-03-03 22:00:02] ℹ sm_m2 該時段內無資料變動，未生成有效 SQL。
[2026-03-03 22:00:02] ℹ 備份檔案完成
[2026-03-03 22:30:01] 開始轉換時間範圍: 2026-03-03 21:00:00 到 2026-03-03 21:59:59
[2026-03-03 22:30:01] ℹ su_web 該時段內無資料變動，未生成有效 SQL。
[2026-03-03 22:30:01] ℹ sm_m2 該時段內無資料變動，未生成有效 SQL。
[2026-03-03 22:30:01] ℹ 備份檔案完成
[2026-03-03 23:00:01] 開始轉換時間範圍: 2026-03-03 22:00:00 到 2026-03-03 22:59:59
[2026-03-03 23:00:01] ℹ su_web 該時段內無資料變動，未生成有效 SQL。
[2026-03-03 23:00:01] ℹ sm_m2 該時段內無資料變動，未生成有效 SQL。
[2026-03-03 23:00:02] ℹ 備份檔案完成
[2026-03-03 23:30:01] 開始轉換時間範圍: 2026-03-03 22:00:00 到 2026-03-03 22:59:59
[2026-03-03 23:30:02] ℹ su_web 該時段內無資料變動，未生成有效 SQL。
[2026-03-03 23:30:02] ℹ sm_m2 該時段內無資料變動，未生成有效 SQL。
[2026-03-03 23:30:02] ℹ 備份檔案完成
[2026-03-04 00:00:01] 開始轉換時間範圍: 2026-03-03 23:00:00 到 2026-03-03 23:59:59
[2026-03-04 00:00:01] ℹ su_web 該時段內無資料變動，未生成有效 SQL。
[2026-03-04 00:00:01] ℹ sm_m2 該時段內無資料變動，未生成有效 SQL。
[2026-03-04 00:00:01] ℹ 備份檔案完成
[2026-03-04 00:30:01] 開始轉換時間範圍: 2026-03-03 23:00:00 到 2026-03-03 23:59:59
[2026-03-04 00:30:01] ℹ su_web 該時段內無資料變動，未生成有效 SQL。
[2026-03-04 00:30:01] ℹ sm_m2 該時段內無資料變動，未生成有效 SQL。
[2026-03-04 00:30:02] ℹ 備份檔案完成
[2026-03-04 01:00:01] 開始轉換時間範圍: 2026-03-04 00:00:00 到 2026-03-04 00:59:59
[2026-03-04 01:00:01] ℹ su_web 該時段內無資料變動，未生成有效 SQL。
[2026-03-04 01:00:01] ℹ sm_m2 該時段內無資料變動，未生成有效 SQL。
[2026-03-04 01:00:01] ℹ 備份檔案完成
[2026-03-04 01:30:01] 開始轉換時間範圍: 2026-03-04 00:00:00 到 2026-03-04 00:59:59
[2026-03-04 01:30:01] ℹ su_web 該時段內無資料變動，未生成有效 SQL。
[2026-03-04 01:30:01] ℹ sm_m2 該時段內無資料變動，未生成有效 SQL。
[2026-03-04 01:30:01] ℹ 備份檔案完成
[2026-03-04 02:00:01] 開始轉換時間範圍: 2026-03-04 01:00:00 到 2026-03-04 01:59:59
[2026-03-04 02:00:01] ℹ su_web 該時段內無資料變動，未生成有效 SQL。
[2026-03-04 02:00:01] ℹ sm_m2 該時段內無資料變動，未生成有效 SQL。
[2026-03-04 02:00:01] ℹ 備份檔案完成
[2026-03-04 02:30:01] 開始轉換時間範圍: 2026-03-04 01:00:00 到 2026-03-04 01:59:59
[2026-03-04 02:30:01] ℹ su_web 該時段內無資料變動，未生成有效 SQL。
[2026-03-04 02:30:01] ℹ sm_m2 該時段內無資料變動，未生成有效 SQL。
[2026-03-04 02:30:01] ℹ 備份檔案完成
[2026-03-04 03:00:02] 開始轉換時間範圍: 2026-03-04 02:00:00 到 2026-03-04 02:59:59
[2026-03-04 03:00:02] ℹ su_web 該時段內無資料變動，未生成有效 SQL。
[2026-03-04 03:00:02] ℹ sm_m2 該時段內無資料變動，未生成有效 SQL。
[2026-03-04 03:00:02] ℹ 備份檔案完成
[2026-03-04 03:30:01] 開始轉換時間範圍: 2026-03-04 02:00:00 到 2026-03-04 02:59:59
[2026-03-04 03:30:01] ℹ su_web 該時段內無資料變動，未生成有效 SQL。
[2026-03-04 03:30:01] ℹ sm_m2 該時段內無資料變動，未生成有效 SQL。
[2026-03-04 03:30:01] ℹ 備份檔案完成
[2026-03-04 04:00:02] 開始轉換時間範圍: 2026-03-04 03:00:00 到 2026-03-04 03:59:59
[2026-03-04 04:00:02] ℹ su_web 該時段內無資料變動，未生成有效 SQL。
[2026-03-04 04:00:02] ℹ sm_m2 該時段內無資料變動，未生成有效 SQL。
[2026-03-04 04:00:02] ℹ 備份檔案完成
[2026-03-04 04:30:01] 開始轉換時間範圍: 2026-03-04 03:00:00 到 2026-03-04 03:59:59
[2026-03-04 04:30:01] ℹ su_web 該時段內無資料變動，未生成有效 SQL。
[2026-03-04 04:30:01] ℹ sm_m2 該時段內無資料變動，未生成有效 SQL。
[2026-03-04 04:30:01] ℹ 備份檔案完成
[2026-03-04 05:00:02] 開始轉換時間範圍: 2026-03-04 04:00:00 到 2026-03-04 04:59:59
[2026-03-04 05:00:02] ℹ su_web 該時段內無資料變動，未生成有效 SQL。
[2026-03-04 05:00:02] ℹ sm_m2 該時段內無資料變動，未生成有效 SQL。
[2026-03-04 05:00:02] ℹ 備份檔案完成
[2026-03-04 05:30:01] 開始轉換時間範圍: 2026-03-04 04:00:00 到 2026-03-04 04:59:59
[2026-03-04 05:30:01] ℹ su_web 該時段內無資料變動，未生成有效 SQL。
[2026-03-04 05:30:01] ℹ sm_m2 該時段內無資料變動，未生成有效 SQL。
[2026-03-04 05:30:01] ℹ 備份檔案完成
[2026-03-04 06:00:01] 開始轉換時間範圍: 2026-03-04 05:00:00 到 2026-03-04 05:59:59
[2026-03-04 06:00:01] ℹ su_web 該時段內無資料變動，未生成有效 SQL。
[2026-03-04 06:00:02] ℹ sm_m2 該時段內無資料變動，未生成有效 SQL。
[2026-03-04 06:00:02] ℹ 備份檔案完成
[2026-03-04 06:30:01] 開始轉換時間範圍: 2026-03-04 05:00:00 到 2026-03-04 05:59:59
[2026-03-04 06:30:01] ℹ su_web 該時段內無資料變動，未生成有效 SQL。
[2026-03-04 06:30:01] ℹ sm_m2 該時段內無資料變動，未生成有效 SQL。
[2026-03-04 06:30:01] ℹ 備份檔案完成
[2026-03-04 07:00:01] 開始轉換時間範圍: 2026-03-04 06:00:00 到 2026-03-04 06:59:59
[2026-03-04 07:00:01] ℹ su_web 該時段內無資料變動，未生成有效 SQL。
[2026-03-04 07:00:01] ℹ sm_m2 該時段內無資料變動，未生成有效 SQL。
[2026-03-04 07:00:01] ℹ 備份檔案完成
[2026-03-04 07:30:01] 開始轉換時間範圍: 2026-03-04 06:00:00 到 2026-03-04 06:59:59
[2026-03-04 07:30:02] ℹ su_web 該時段內無資料變動，未生成有效 SQL。
[2026-03-04 07:30:02] ℹ sm_m2 該時段內無資料變動，未生成有效 SQL。
[2026-03-04 07:30:02] ℹ 備份檔案完成
[2026-03-04 08:00:02] 開始轉換時間範圍: 2026-03-04 07:00:00 到 2026-03-04 07:59:59
[2026-03-04 08:00:02] ℹ su_web 該時段內無資料變動，未生成有效 SQL。
[2026-03-04 08:00:02] ℹ sm_m2 該時段內無資料變動，未生成有效 SQL。
[2026-03-04 08:00:02] ℹ 備份檔案完成
[2026-03-04 08:30:01] 開始轉換時間範圍: 2026-03-04 07:00:00 到 2026-03-04 07:59:59
[2026-03-04 08:30:01] ℹ su_web 該時段內無資料變動，未生成有效 SQL。
[2026-03-04 08:30:01] ℹ sm_m2 該時段內無資料變動，未生成有效 SQL。
[2026-03-04 08:30:01] ℹ 備份檔案完成
[2026-03-04 09:00:01] 開始轉換時間範圍: 2026-03-04 08:00:00 到 2026-03-04 08:59:59
[2026-03-04 09:00:01] ℹ su_web 該時段內無資料變動，未生成有效 SQL。
[2026-03-04 09:00:01] ℹ sm_m2 該時段內無資料變動，未生成有效 SQL。
[2026-03-04 09:00:01] ℹ 備份檔案完成
[2026-03-04 09:30:01] 開始轉換時間範圍: 2026-03-04 08:00:00 到 2026-03-04 08:59:59
[2026-03-04 09:30:01] ℹ su_web 該時段內無資料變動，未生成有效 SQL。
[2026-03-04 09:30:01] ℹ sm_m2 該時段內無資料變動，未生成有效 SQL。
[2026-03-04 09:30:01] ℹ 備份檔案完成
[2026-03-04 10:00:01] 開始轉換時間範圍: 2026-03-04 09:00:00 到 2026-03-04 09:59:59
[2026-03-04 10:00:01] ℹ su_web 該時段內無資料變動，未生成有效 SQL。
[2026-03-04 10:00:01] ℹ sm_m2 該時段內無資料變動，未生成有效 SQL。
[2026-03-04 10:00:01] ℹ 備份檔案完成
[2026-03-04 10:30:01] 開始轉換時間範圍: 2026-03-04 09:00:00 到 2026-03-04 09:59:59
[2026-03-04 10:30:01] ℹ su_web 該時段內無資料變動，未生成有效 SQL。
[2026-03-04 10:30:01] ℹ sm_m2 該時段內無資料變動，未生成有效 SQL。
[2026-03-04 10:30:01] ℹ 備份檔案完成
[2026-03-04 11:00:01] 開始轉換時間範圍: 2026-03-04 10:00:00 到 2026-03-04 10:59:59
[2026-03-04 11:00:01] ℹ su_web 該時段內無資料變動，未生成有效 SQL。
[2026-03-04 11:00:01] ℹ sm_m2 該時段內無資料變動，未生成有效 SQL。
[2026-03-04 11:00:01] ℹ 備份檔案完成
[2026-03-04 11:30:01] 開始轉換時間範圍: 2026-03-04 10:00:00 到 2026-03-04 10:59:59
[2026-03-04 11:30:02] ℹ su_web 該時段內無資料變動，未生成有效 SQL。
[2026-03-04 11:30:02] ℹ sm_m2 該時段內無資料變動，未生成有效 SQL。
[2026-03-04 11:30:02] ℹ 備份檔案完成
[2026-03-04 12:00:02] 開始轉換時間範圍: 2026-03-04 11:00:00 到 2026-03-04 11:59:59
[2026-03-04 12:00:02] ✓ su_web 完成: /mnt/web/www/hksu/.db/files/2026/03/04/20260304_11_Backup_su_web.sql.zip
[2026-03-04 12:00:02] ℹ sm_m2 該時段內無資料變動，未生成有效 SQL。
[2026-03-04 12:00:02] ℹ 備份檔案，提交 Git 。
[2026-03-04 12:00:02] ℹ 備份檔案，add . 完成。
[2026-03-04 12:00:02] ℹ 備份檔案，commit -m backup 20260304_11 完成。
[2026-03-04 12:00:02] ℹ 備份檔案，開始 push。
[2026-03-04 12:00:03] ℹ 備份檔案完成
[2026-03-04 12:30:01] 開始轉換時間範圍: 2026-03-04 11:00:00 到 2026-03-04 11:59:59
[2026-03-04 12:30:01] ✓ su_web 完成: /mnt/web/www/hksu/.db/files/2026/03/04/20260304_11_Backup_su_web.sql.zip
[2026-03-04 12:30:01] ℹ sm_m2 該時段內無資料變動，未生成有效 SQL。
[2026-03-04 12:30:01] ℹ 備份檔案，提交 Git 。
[2026-03-04 12:30:01] ℹ 備份檔案，add . 完成。
[2026-03-04 12:30:01] ℹ 備份檔案，commit -m backup 20260304_11 完成。
[2026-03-04 12:30:01] ℹ 備份檔案，開始 push。
[2026-03-04 12:30:02] ℹ 備份檔案完成
[2026-03-04 13:00:01] 開始轉換時間範圍: 2026-03-04 12:00:00 到 2026-03-04 12:59:59
[2026-03-04 13:00:01] ℹ su_web 該時段內無資料變動，未生成有效 SQL。
[2026-03-04 13:00:02] ℹ sm_m2 該時段內無資料變動，未生成有效 SQL。
[2026-03-04 13:00:02] ℹ 備份檔案完成
[2026-03-04 13:30:01] 開始轉換時間範圍: 2026-03-04 12:00:00 到 2026-03-04 12:59:59
[2026-03-04 13:30:02] ℹ su_web 該時段內無資料變動，未生成有效 SQL。
[2026-03-04 13:30:02] ℹ sm_m2 該時段內無資料變動，未生成有效 SQL。
[2026-03-04 13:30:02] ℹ 備份檔案完成
[2026-03-04 14:00:02] 開始轉換時間範圍: 2026-03-04 13:00:00 到 2026-03-04 13:59:59
[2026-03-04 14:00:02] ℹ su_web 該時段內無資料變動，未生成有效 SQL。
[2026-03-04 14:00:02] ℹ sm_m2 該時段內無資料變動，未生成有效 SQL。
[2026-03-04 14:00:02] ℹ 備份檔案完成
[2026-03-04 14:30:01] 開始轉換時間範圍: 2026-03-04 13:00:00 到 2026-03-04 13:59:59
[2026-03-04 14:30:02] ℹ su_web 該時段內無資料變動，未生成有效 SQL。
[2026-03-04 14:30:02] ℹ sm_m2 該時段內無資料變動，未生成有效 SQL。
[2026-03-04 14:30:02] ℹ 備份檔案完成
[2026-03-04 15:00:02] 開始轉換時間範圍: 2026-03-04 14:00:00 到 2026-03-04 14:59:59
[2026-03-04 15:00:02] ℹ su_web 該時段內無資料變動，未生成有效 SQL。
[2026-03-04 15:00:02] ℹ sm_m2 該時段內無資料變動，未生成有效 SQL。
[2026-03-04 15:00:02] ℹ 備份檔案完成
[2026-03-04 15:30:01] 開始轉換時間範圍: 2026-03-04 14:00:00 到 2026-03-04 14:59:59
[2026-03-04 15:30:01] ℹ su_web 該時段內無資料變動，未生成有效 SQL。
[2026-03-04 15:30:01] ℹ sm_m2 該時段內無資料變動，未生成有效 SQL。
[2026-03-04 15:30:01] ℹ 備份檔案完成
[2026-03-04 16:00:01] 開始轉換時間範圍: 2026-03-04 15:00:00 到 2026-03-04 15:59:59
[2026-03-04 16:00:01] ℹ su_web 該時段內無資料變動，未生成有效 SQL。
[2026-03-04 16:00:01] ℹ sm_m2 該時段內無資料變動，未生成有效 SQL。
[2026-03-04 16:00:01] ℹ 備份檔案完成
[2026-03-04 16:30:01] 開始轉換時間範圍: 2026-03-04 15:00:00 到 2026-03-04 15:59:59
[2026-03-04 16:30:01] ℹ su_web 該時段內無資料變動，未生成有效 SQL。
[2026-03-04 16:30:01] ℹ sm_m2 該時段內無資料變動，未生成有效 SQL。
[2026-03-04 16:30:02] ℹ 備份檔案完成
[2026-03-04 17:00:02] 開始轉換時間範圍: 2026-03-04 16:00:00 到 2026-03-04 16:59:59
[2026-03-04 17:00:02] ℹ su_web 該時段內無資料變動，未生成有效 SQL。
[2026-03-04 17:00:02] ℹ sm_m2 該時段內無資料變動，未生成有效 SQL。
[2026-03-04 17:00:02] ℹ 備份檔案完成
[2026-03-04 17:30:01] 開始轉換時間範圍: 2026-03-04 16:00:00 到 2026-03-04 16:59:59
[2026-03-04 17:30:01] ℹ su_web 該時段內無資料變動，未生成有效 SQL。
[2026-03-04 17:30:01] ℹ sm_m2 該時段內無資料變動，未生成有效 SQL。
[2026-03-04 17:30:02] ℹ 備份檔案完成
[2026-03-04 18:00:01] 開始轉換時間範圍: 2026-03-04 17:00:00 到 2026-03-04 17:59:59
[2026-03-04 18:00:01] ℹ su_web 該時段內無資料變動，未生成有效 SQL。
[2026-03-04 18:00:02] ℹ sm_m2 該時段內無資料變動，未生成有效 SQL。
[2026-03-04 18:00:02] ℹ 備份檔案完成
[2026-03-04 18:30:02] 開始轉換時間範圍: 2026-03-04 17:00:00 到 2026-03-04 17:59:59
[2026-03-04 18:30:02] ℹ su_web 該時段內無資料變動，未生成有效 SQL。
[2026-03-04 18:30:02] ℹ sm_m2 該時段內無資料變動，未生成有效 SQL。
[2026-03-04 18:30:02] ℹ 備份檔案完成
[2026-03-04 19:00:01] 開始轉換時間範圍: 2026-03-04 18:00:00 到 2026-03-04 18:59:59
[2026-03-04 19:00:01] ℹ su_web 該時段內無資料變動，未生成有效 SQL。
[2026-03-04 19:00:01] ℹ sm_m2 該時段內無資料變動，未生成有效 SQL。
[2026-03-04 19:00:01] ℹ 備份檔案完成
[2026-03-04 19:30:01] 開始轉換時間範圍: 2026-03-04 18:00:00 到 2026-03-04 18:59:59
[2026-03-04 19:30:01] ℹ su_web 該時段內無資料變動，未生成有效 SQL。
[2026-03-04 19:30:01] ℹ sm_m2 該時段內無資料變動，未生成有效 SQL。
[2026-03-04 19:30:01] ℹ 備份檔案完成
[2026-03-04 20:00:01] 開始轉換時間範圍: 2026-03-04 19:00:00 到 2026-03-04 19:59:59
[2026-03-04 20:00:01] ℹ su_web 該時段內無資料變動，未生成有效 SQL。
[2026-03-04 20:00:02] ℹ sm_m2 該時段內無資料變動，未生成有效 SQL。
[2026-03-04 20:00:02] ℹ 備份檔案完成
[2026-03-04 20:30:02] 開始轉換時間範圍: 2026-03-04 19:00:00 到 2026-03-04 19:59:59
[2026-03-04 20:30:02] ℹ su_web 該時段內無資料變動，未生成有效 SQL。
[2026-03-04 20:30:02] ℹ sm_m2 該時段內無資料變動，未生成有效 SQL。
[2026-03-04 20:30:02] ℹ 備份檔案完成
[2026-03-04 21:00:01] 開始轉換時間範圍: 2026-03-04 20:00:00 到 2026-03-04 20:59:59
[2026-03-04 21:00:01] ℹ su_web 該時段內無資料變動，未生成有效 SQL。
[2026-03-04 21:00:01] ℹ sm_m2 該時段內無資料變動，未生成有效 SQL。
[2026-03-04 21:00:01] ℹ 備份檔案完成
[2026-03-04 21:30:01] 開始轉換時間範圍: 2026-03-04 20:00:00 到 2026-03-04 20:59:59
[2026-03-04 21:30:01] ℹ su_web 該時段內無資料變動，未生成有效 SQL。
[2026-03-04 21:30:01] ℹ sm_m2 該時段內無資料變動，未生成有效 SQL。
[2026-03-04 21:30:01] ℹ 備份檔案完成
[2026-03-04 22:00:01] 開始轉換時間範圍: 2026-03-04 21:00:00 到 2026-03-04 21:59:59
[2026-03-04 22:00:01] ℹ su_web 該時段內無資料變動，未生成有效 SQL。
[2026-03-04 22:00:01] ℹ sm_m2 該時段內無資料變動，未生成有效 SQL。
[2026-03-04 22:00:01] ℹ 備份檔案完成
[2026-03-04 22:30:01] 開始轉換時間範圍: 2026-03-04 21:00:00 到 2026-03-04 21:59:59
[2026-03-04 22:30:01] ℹ su_web 該時段內無資料變動，未生成有效 SQL。
[2026-03-04 22:30:01] ℹ sm_m2 該時段內無資料變動，未生成有效 SQL。
[2026-03-04 22:30:01] ℹ 備份檔案完成
[2026-03-04 23:00:02] 開始轉換時間範圍: 2026-03-04 22:00:00 到 2026-03-04 22:59:59
[2026-03-04 23:00:02] ℹ su_web 該時段內無資料變動，未生成有效 SQL。
[2026-03-04 23:00:02] ℹ sm_m2 該時段內無資料變動，未生成有效 SQL。
[2026-03-04 23:00:02] ℹ 備份檔案完成
[2026-03-04 23:30:01] 開始轉換時間範圍: 2026-03-04 22:00:00 到 2026-03-04 22:59:59
[2026-03-04 23:30:01] ℹ su_web 該時段內無資料變動，未生成有效 SQL。
[2026-03-04 23:30:01] ℹ sm_m2 該時段內無資料變動，未生成有效 SQL。
[2026-03-04 23:30:01] ℹ 備份檔案完成
[2026-03-05 00:00:01] 開始轉換時間範圍: 2026-03-04 23:00:00 到 2026-03-04 23:59:59
[2026-03-05 00:00:02] ℹ su_web 該時段內無資料變動，未生成有效 SQL。
[2026-03-05 00:00:02] ℹ sm_m2 該時段內無資料變動，未生成有效 SQL。
[2026-03-05 00:00:02] ℹ 備份檔案完成
[2026-03-05 00:30:01] 開始轉換時間範圍: 2026-03-04 23:00:00 到 2026-03-04 23:59:59
[2026-03-05 00:30:02] ℹ su_web 該時段內無資料變動，未生成有效 SQL。
[2026-03-05 00:30:02] ℹ sm_m2 該時段內無資料變動，未生成有效 SQL。
[2026-03-05 00:30:02] ℹ 備份檔案完成
[2026-03-05 01:00:01] 開始轉換時間範圍: 2026-03-05 00:00:00 到 2026-03-05 00:59:59
[2026-03-05 01:00:01] ℹ su_web 該時段內無資料變動，未生成有效 SQL。
[2026-03-05 01:00:01] ℹ sm_m2 該時段內無資料變動，未生成有效 SQL。
[2026-03-05 01:00:01] ℹ 備份檔案完成
[2026-03-05 01:30:01] 開始轉換時間範圍: 2026-03-05 00:00:00 到 2026-03-05 00:59:59
[2026-03-05 01:30:02] ℹ su_web 該時段內無資料變動，未生成有效 SQL。
[2026-03-05 01:30:02] ℹ sm_m2 該時段內無資料變動，未生成有效 SQL。
[2026-03-05 01:30:02] ℹ 備份檔案完成
[2026-03-05 02:00:01] 開始轉換時間範圍: 2026-03-05 01:00:00 到 2026-03-05 01:59:59
[2026-03-05 02:00:01] ℹ su_web 該時段內無資料變動，未生成有效 SQL。
[2026-03-05 02:00:01] ℹ sm_m2 該時段內無資料變動，未生成有效 SQL。
[2026-03-05 02:00:01] ℹ 備份檔案完成
[2026-03-05 02:30:01] 開始轉換時間範圍: 2026-03-05 01:00:00 到 2026-03-05 01:59:59
[2026-03-05 02:30:01] ℹ su_web 該時段內無資料變動，未生成有效 SQL。
[2026-03-05 02:30:01] ℹ sm_m2 該時段內無資料變動，未生成有效 SQL。
[2026-03-05 02:30:01] ℹ 備份檔案完成
[2026-03-05 03:00:01] 開始轉換時間範圍: 2026-03-05 02:00:00 到 2026-03-05 02:59:59
[2026-03-05 03:00:01] ℹ su_web 該時段內無資料變動，未生成有效 SQL。
[2026-03-05 03:00:01] ℹ sm_m2 該時段內無資料變動，未生成有效 SQL。
[2026-03-05 03:00:01] ℹ 備份檔案完成
[2026-03-05 03:30:01] 開始轉換時間範圍: 2026-03-05 02:00:00 到 2026-03-05 02:59:59
[2026-03-05 03:30:01] ℹ su_web 該時段內無資料變動，未生成有效 SQL。
[2026-03-05 03:30:01] ℹ sm_m2 該時段內無資料變動，未生成有效 SQL。
[2026-03-05 03:30:01] ℹ 備份檔案完成
[2026-03-05 04:00:01] 開始轉換時間範圍: 2026-03-05 03:00:00 到 2026-03-05 03:59:59
[2026-03-05 04:00:01] ℹ su_web 該時段內無資料變動，未生成有效 SQL。
[2026-03-05 04:00:01] ℹ sm_m2 該時段內無資料變動，未生成有效 SQL。
[2026-03-05 04:00:01] ℹ 備份檔案完成
[2026-03-05 04:30:01] 開始轉換時間範圍: 2026-03-05 03:00:00 到 2026-03-05 03:59:59
[2026-03-05 04:30:01] ℹ su_web 該時段內無資料變動，未生成有效 SQL。
[2026-03-05 04:30:01] ℹ sm_m2 該時段內無資料變動，未生成有效 SQL。
[2026-03-05 04:30:01] ℹ 備份檔案完成
[2026-03-05 05:00:01] 開始轉換時間範圍: 2026-03-05 04:00:00 到 2026-03-05 04:59:59
[2026-03-05 05:00:01] ℹ su_web 該時段內無資料變動，未生成有效 SQL。
[2026-03-05 05:00:01] ℹ sm_m2 該時段內無資料變動，未生成有效 SQL。
[2026-03-05 05:00:01] ℹ 備份檔案完成
[2026-03-05 05:30:01] 開始轉換時間範圍: 2026-03-05 04:00:00 到 2026-03-05 04:59:59
[2026-03-05 05:30:01] ℹ su_web 該時段內無資料變動，未生成有效 SQL。
[2026-03-05 05:30:01] ℹ sm_m2 該時段內無資料變動，未生成有效 SQL。
[2026-03-05 05:30:01] ℹ 備份檔案完成
[2026-03-05 06:00:01] 開始轉換時間範圍: 2026-03-05 05:00:00 到 2026-03-05 05:59:59
[2026-03-05 06:00:01] ℹ su_web 該時段內無資料變動，未生成有效 SQL。
[2026-03-05 06:00:01] ℹ sm_m2 該時段內無資料變動，未生成有效 SQL。
[2026-03-05 06:00:01] ℹ 備份檔案完成
[2026-03-05 06:30:01] 開始轉換時間範圍: 2026-03-05 05:00:00 到 2026-03-05 05:59:59
[2026-03-05 06:30:01] ℹ su_web 該時段內無資料變動，未生成有效 SQL。
[2026-03-05 06:30:02] ℹ sm_m2 該時段內無資料變動，未生成有效 SQL。
[2026-03-05 06:30:02] ℹ 備份檔案完成
[2026-03-05 07:00:01] 開始轉換時間範圍: 2026-03-05 06:00:00 到 2026-03-05 06:59:59
[2026-03-05 07:00:01] ℹ su_web 該時段內無資料變動，未生成有效 SQL。
[2026-03-05 07:00:01] ℹ sm_m2 該時段內無資料變動，未生成有效 SQL。
[2026-03-05 07:00:01] ℹ 備份檔案完成
[2026-03-05 07:30:02] 開始轉換時間範圍: 2026-03-05 06:00:00 到 2026-03-05 06:59:59
[2026-03-05 07:30:02] ℹ su_web 該時段內無資料變動，未生成有效 SQL。
[2026-03-05 07:30:02] ℹ sm_m2 該時段內無資料變動，未生成有效 SQL。
[2026-03-05 07:30:02] ℹ 備份檔案完成
[2026-03-05 08:00:01] 開始轉換時間範圍: 2026-03-05 07:00:00 到 2026-03-05 07:59:59
[2026-03-05 08:00:01] ℹ su_web 該時段內無資料變動，未生成有效 SQL。
[2026-03-05 08:00:01] ℹ sm_m2 該時段內無資料變動，未生成有效 SQL。
[2026-03-05 08:00:01] ℹ 備份檔案完成
[2026-03-05 08:30:01] 開始轉換時間範圍: 2026-03-05 07:00:00 到 2026-03-05 07:59:59
[2026-03-05 08:30:01] ℹ su_web 該時段內無資料變動，未生成有效 SQL。
[2026-03-05 08:30:01] ℹ sm_m2 該時段內無資料變動，未生成有效 SQL。
[2026-03-05 08:30:01] ℹ 備份檔案完成
[2026-03-05 09:00:01] 開始轉換時間範圍: 2026-03-05 08:00:00 到 2026-03-05 08:59:59
[2026-03-05 09:00:01] ℹ su_web 該時段內無資料變動，未生成有效 SQL。
[2026-03-05 09:00:01] ℹ sm_m2 該時段內無資料變動，未生成有效 SQL。
[2026-03-05 09:00:01] ℹ 備份檔案完成
[2026-03-05 09:30:01] 開始轉換時間範圍: 2026-03-05 08:00:00 到 2026-03-05 08:59:59
[2026-03-05 09:30:01] ℹ su_web 該時段內無資料變動，未生成有效 SQL。
[2026-03-05 09:30:01] ℹ sm_m2 該時段內無資料變動，未生成有效 SQL。
[2026-03-05 09:30:01] ℹ 備份檔案完成
[2026-03-05 10:00:02] 開始轉換時間範圍: 2026-03-05 09:00:00 到 2026-03-05 09:59:59
[2026-03-05 10:00:02] ℹ su_web 該時段內無資料變動，未生成有效 SQL。
[2026-03-05 10:00:02] ℹ sm_m2 該時段內無資料變動，未生成有效 SQL。
[2026-03-05 10:00:02] ℹ 備份檔案完成
[2026-03-05 10:30:01] 開始轉換時間範圍: 2026-03-05 09:00:00 到 2026-03-05 09:59:59
[2026-03-05 10:30:01] ℹ su_web 該時段內無資料變動，未生成有效 SQL。
[2026-03-05 10:30:01] ℹ sm_m2 該時段內無資料變動，未生成有效 SQL。
[2026-03-05 10:30:01] ℹ 備份檔案完成
[2026-03-05 11:00:01] 開始轉換時間範圍: 2026-03-05 10:00:00 到 2026-03-05 10:59:59
[2026-03-05 11:00:01] ℹ su_web 該時段內無資料變動，未生成有效 SQL。
[2026-03-05 11:00:01] ℹ sm_m2 該時段內無資料變動，未生成有效 SQL。
[2026-03-05 11:00:01] ℹ 備份檔案完成
[2026-03-05 11:30:01] 開始轉換時間範圍: 2026-03-05 10:00:00 到 2026-03-05 10:59:59
[2026-03-05 11:30:01] ℹ su_web 該時段內無資料變動，未生成有效 SQL。
[2026-03-05 11:30:01] ℹ sm_m2 該時段內無資料變動，未生成有效 SQL。
[2026-03-05 11:30:01] ℹ 備份檔案完成
[2026-03-05 12:00:01] 開始轉換時間範圍: 2026-03-05 11:00:00 到 2026-03-05 11:59:59
[2026-03-05 12:00:01] ✓ su_web 完成: /mnt/web/www/hksu/.db/files/2026/03/05/20260305_11_Backup_su_web.sql.zip
[2026-03-05 12:00:01] ℹ sm_m2 該時段內無資料變動，未生成有效 SQL。
[2026-03-05 12:00:01] ℹ 備份檔案，提交 Git 。
[2026-03-05 12:00:02] ℹ 備份檔案，add . 完成。
[2026-03-05 12:00:02] ℹ 備份檔案，commit -m backup 20260305_11 完成。
[2026-03-05 12:00:02] ℹ 備份檔案，開始 push。
[2026-03-05 12:00:03] ℹ 備份檔案完成
[2026-03-05 12:30:01] 開始轉換時間範圍: 2026-03-05 11:00:00 到 2026-03-05 11:59:59
[2026-03-05 12:30:01] ✓ su_web 完成: /mnt/web/www/hksu/.db/files/2026/03/05/20260305_11_Backup_su_web.sql.zip
[2026-03-05 12:30:01] ℹ sm_m2 該時段內無資料變動，未生成有效 SQL。
[2026-03-05 12:30:01] ℹ 備份檔案，提交 Git 。
[2026-03-05 12:30:01] ℹ 備份檔案，add . 完成。
[2026-03-05 12:30:02] ℹ 備份檔案，commit -m backup 20260305_11 完成。
[2026-03-05 12:30:02] ℹ 備份檔案，開始 push。
[2026-03-05 12:30:03] ℹ 備份檔案完成
[2026-03-05 13:00:01] 開始轉換時間範圍: 2026-03-05 12:00:00 到 2026-03-05 12:59:59
[2026-03-05 13:00:01] ℹ su_web 該時段內無資料變動，未生成有效 SQL。
[2026-03-05 13:00:01] ℹ sm_m2 該時段內無資料變動，未生成有效 SQL。
[2026-03-05 13:00:01] ℹ 備份檔案完成
[2026-03-05 13:30:01] 開始轉換時間範圍: 2026-03-05 12:00:00 到 2026-03-05 12:59:59
[2026-03-05 13:30:01] ℹ su_web 該時段內無資料變動，未生成有效 SQL。
[2026-03-05 13:30:01] ℹ sm_m2 該時段內無資料變動，未生成有效 SQL。
[2026-03-05 13:30:01] ℹ 備份檔案完成
[2026-03-05 14:00:01] 開始轉換時間範圍: 2026-03-05 13:00:00 到 2026-03-05 13:59:59
[2026-03-05 14:00:01] ℹ su_web 該時段內無資料變動，未生成有效 SQL。
[2026-03-05 14:00:01] ℹ sm_m2 該時段內無資料變動，未生成有效 SQL。
[2026-03-05 14:00:01] ℹ 備份檔案完成
[2026-03-05 14:30:01] 開始轉換時間範圍: 2026-03-05 13:00:00 到 2026-03-05 13:59:59
[2026-03-05 14:30:01] ℹ su_web 該時段內無資料變動，未生成有效 SQL。
[2026-03-05 14:30:01] ℹ sm_m2 該時段內無資料變動，未生成有效 SQL。
[2026-03-05 14:30:01] ℹ 備份檔案完成
[2026-03-05 15:00:01] 開始轉換時間範圍: 2026-03-05 14:00:00 到 2026-03-05 14:59:59
[2026-03-05 15:00:01] ℹ su_web 該時段內無資料變動，未生成有效 SQL。
[2026-03-05 15:00:01] ℹ sm_m2 該時段內無資料變動，未生成有效 SQL。
[2026-03-05 15:00:01] ℹ 備份檔案完成
[2026-03-05 15:30:01] 開始轉換時間範圍: 2026-03-05 14:00:00 到 2026-03-05 14:59:59
[2026-03-05 15:30:01] ℹ su_web 該時段內無資料變動，未生成有效 SQL。
[2026-03-05 15:30:01] ℹ sm_m2 該時段內無資料變動，未生成有效 SQL。
[2026-03-05 15:30:01] ℹ 備份檔案完成
[2026-03-05 16:00:01] 開始轉換時間範圍: 2026-03-05 15:00:00 到 2026-03-05 15:59:59
[2026-03-05 16:00:01] ℹ su_web 該時段內無資料變動，未生成有效 SQL。
[2026-03-05 16:00:01] ℹ sm_m2 該時段內無資料變動，未生成有效 SQL。
[2026-03-05 16:00:01] ℹ 備份檔案完成
[2026-03-05 16:30:01] 開始轉換時間範圍: 2026-03-05 15:00:00 到 2026-03-05 15:59:59
[2026-03-05 16:30:01] ℹ su_web 該時段內無資料變動，未生成有效 SQL。
[2026-03-05 16:30:02] ℹ sm_m2 該時段內無資料變動，未生成有效 SQL。
[2026-03-05 16:30:02] ℹ 備份檔案完成
[2026-03-05 17:00:02] 開始轉換時間範圍: 2026-03-05 16:00:00 到 2026-03-05 16:59:59
[2026-03-05 17:00:02] ✓ su_web 完成: /mnt/web/www/hksu/.db/files/2026/03/05/20260305_16_Backup_su_web.sql.zip
[2026-03-05 17:00:02] ℹ sm_m2 該時段內無資料變動，未生成有效 SQL。
[2026-03-05 17:00:02] ℹ 備份檔案，提交 Git 。
[2026-03-05 17:00:02] ℹ 備份檔案，add . 完成。
[2026-03-05 17:00:02] ℹ 備份檔案，commit -m backup 20260305_16 完成。
[2026-03-05 17:00:02] ℹ 備份檔案，開始 push。
[2026-03-05 17:00:03] ℹ 備份檔案完成
[2026-03-05 17:30:01] 開始轉換時間範圍: 2026-03-05 16:00:00 到 2026-03-05 16:59:59
[2026-03-05 17:30:01] ✓ su_web 完成: /mnt/web/www/hksu/.db/files/2026/03/05/20260305_16_Backup_su_web.sql.zip
[2026-03-05 17:30:01] ℹ sm_m2 該時段內無資料變動，未生成有效 SQL。
[2026-03-05 17:30:01] ℹ 備份檔案，提交 Git 。
[2026-03-05 17:30:01] ℹ 備份檔案，add . 完成。
[2026-03-05 17:30:02] ℹ 備份檔案，commit -m backup 20260305_16 完成。
[2026-03-05 17:30:02] ℹ 備份檔案，開始 push。
[2026-03-05 17:30:03] ℹ 備份檔案完成
[2026-03-05 18:00:01] 開始轉換時間範圍: 2026-03-05 17:00:00 到 2026-03-05 17:59:59
[2026-03-05 18:00:01] ℹ su_web 該時段內無資料變動，未生成有效 SQL。
[2026-03-05 18:00:01] ℹ sm_m2 該時段內無資料變動，未生成有效 SQL。
[2026-03-05 18:00:01] ℹ 備份檔案完成
[2026-03-05 18:30:02] 開始轉換時間範圍: 2026-03-05 17:00:00 到 2026-03-05 17:59:59
[2026-03-05 18:30:02] ℹ su_web 該時段內無資料變動，未生成有效 SQL。
[2026-03-05 18:30:02] ℹ sm_m2 該時段內無資料變動，未生成有效 SQL。
[2026-03-05 18:30:02] ℹ 備份檔案完成
[2026-03-05 19:00:01] 開始轉換時間範圍: 2026-03-05 18:00:00 到 2026-03-05 18:59:59
[2026-03-05 19:00:01] ℹ su_web 該時段內無資料變動，未生成有效 SQL。
[2026-03-05 19:00:01] ℹ sm_m2 該時段內無資料變動，未生成有效 SQL。
[2026-03-05 19:00:01] ℹ 備份檔案完成
[2026-03-05 19:30:01] 開始轉換時間範圍: 2026-03-05 18:00:00 到 2026-03-05 18:59:59
[2026-03-05 19:30:01] ℹ su_web 該時段內無資料變動，未生成有效 SQL。
[2026-03-05 19:30:01] ℹ sm_m2 該時段內無資料變動，未生成有效 SQL。
[2026-03-05 19:30:01] ℹ 備份檔案完成
[2026-03-05 20:00:01] 開始轉換時間範圍: 2026-03-05 19:00:00 到 2026-03-05 19:59:59
[2026-03-05 20:00:01] ℹ su_web 該時段內無資料變動，未生成有效 SQL。
[2026-03-05 20:00:01] ℹ sm_m2 該時段內無資料變動，未生成有效 SQL。
[2026-03-05 20:00:02] ℹ 備份檔案完成
[2026-03-05 20:30:01] 開始轉換時間範圍: 2026-03-05 19:00:00 到 2026-03-05 19:59:59
[2026-03-05 20:30:01] ℹ su_web 該時段內無資料變動，未生成有效 SQL。
[2026-03-05 20:30:01] ℹ sm_m2 該時段內無資料變動，未生成有效 SQL。
[2026-03-05 20:30:01] ℹ 備份檔案完成
[2026-03-05 21:00:01] 開始轉換時間範圍: 2026-03-05 20:00:00 到 2026-03-05 20:59:59
[2026-03-05 21:00:01] ℹ su_web 該時段內無資料變動，未生成有效 SQL。
[2026-03-05 21:00:01] ℹ sm_m2 該時段內無資料變動，未生成有效 SQL。
[2026-03-05 21:00:01] ℹ 備份檔案完成
[2026-03-05 21:30:01] 開始轉換時間範圍: 2026-03-05 20:00:00 到 2026-03-05 20:59:59
[2026-03-05 21:30:02] ℹ su_web 該時段內無資料變動，未生成有效 SQL。
[2026-03-05 21:30:02] ℹ sm_m2 該時段內無資料變動，未生成有效 SQL。
[2026-03-05 21:30:02] ℹ 備份檔案完成
[2026-03-05 22:00:01] 開始轉換時間範圍: 2026-03-05 21:00:00 到 2026-03-05 21:59:59
[2026-03-05 22:00:01] ℹ su_web 該時段內無資料變動，未生成有效 SQL。
[2026-03-05 22:00:01] ℹ sm_m2 該時段內無資料變動，未生成有效 SQL。
[2026-03-05 22:00:01] ℹ 備份檔案完成
[2026-03-05 22:30:01] 開始轉換時間範圍: 2026-03-05 21:00:00 到 2026-03-05 21:59:59
[2026-03-05 22:30:01] ℹ su_web 該時段內無資料變動，未生成有效 SQL。
[2026-03-05 22:30:01] ℹ sm_m2 該時段內無資料變動，未生成有效 SQL。
[2026-03-05 22:30:01] ℹ 備份檔案完成
[2026-03-05 23:00:01] 開始轉換時間範圍: 2026-03-05 22:00:00 到 2026-03-05 22:59:59
[2026-03-05 23:00:01] ℹ su_web 該時段內無資料變動，未生成有效 SQL。
[2026-03-05 23:00:02] ℹ sm_m2 該時段內無資料變動，未生成有效 SQL。
[2026-03-05 23:00:02] ℹ 備份檔案完成
[2026-03-05 23:30:01] 開始轉換時間範圍: 2026-03-05 22:00:00 到 2026-03-05 22:59:59
[2026-03-05 23:30:01] ℹ su_web 該時段內無資料變動，未生成有效 SQL。
[2026-03-05 23:30:01] ℹ sm_m2 該時段內無資料變動，未生成有效 SQL。
[2026-03-05 23:30:01] ℹ 備份檔案完成
[2026-03-06 00:00:02] 開始轉換時間範圍: 2026-03-05 23:00:00 到 2026-03-05 23:59:59
[2026-03-06 00:00:02] ℹ su_web 該時段內無資料變動，未生成有效 SQL。
[2026-03-06 00:00:02] ℹ sm_m2 該時段內無資料變動，未生成有效 SQL。
[2026-03-06 00:00:02] ℹ 備份檔案完成
[2026-03-06 00:30:01] 開始轉換時間範圍: 2026-03-05 23:00:00 到 2026-03-05 23:59:59
[2026-03-06 00:30:01] ℹ su_web 該時段內無資料變動，未生成有效 SQL。
[2026-03-06 00:30:01] ℹ sm_m2 該時段內無資料變動，未生成有效 SQL。
[2026-03-06 00:30:01] ℹ 備份檔案完成
[2026-03-06 01:00:01] 開始轉換時間範圍: 2026-03-06 00:00:00 到 2026-03-06 00:59:59
[2026-03-06 01:00:01] ℹ su_web 該時段內無資料變動，未生成有效 SQL。
[2026-03-06 01:00:01] ℹ sm_m2 該時段內無資料變動，未生成有效 SQL。
[2026-03-06 01:00:01] ℹ 備份檔案完成
[2026-03-06 01:30:01] 開始轉換時間範圍: 2026-03-06 00:00:00 到 2026-03-06 00:59:59
[2026-03-06 01:30:01] ℹ su_web 該時段內無資料變動，未生成有效 SQL。
[2026-03-06 01:30:01] ℹ sm_m2 該時段內無資料變動，未生成有效 SQL。
[2026-03-06 01:30:01] ℹ 備份檔案完成
[2026-03-06 02:00:01] 開始轉換時間範圍: 2026-03-06 01:00:00 到 2026-03-06 01:59:59
[2026-03-06 02:00:01] ℹ su_web 該時段內無資料變動，未生成有效 SQL。
[2026-03-06 02:00:01] ℹ sm_m2 該時段內無資料變動，未生成有效 SQL。
[2026-03-06 02:00:01] ℹ 備份檔案完成
[2026-03-06 02:30:01] 開始轉換時間範圍: 2026-03-06 01:00:00 到 2026-03-06 01:59:59
[2026-03-06 02:30:01] ℹ su_web 該時段內無資料變動，未生成有效 SQL。
[2026-03-06 02:30:01] ℹ sm_m2 該時段內無資料變動，未生成有效 SQL。
[2026-03-06 02:30:02] ℹ 備份檔案完成
[2026-03-06 03:00:01] 開始轉換時間範圍: 2026-03-06 02:00:00 到 2026-03-06 02:59:59
[2026-03-06 03:00:01] ℹ su_web 該時段內無資料變動，未生成有效 SQL。
[2026-03-06 03:00:01] ℹ sm_m2 該時段內無資料變動，未生成有效 SQL。
[2026-03-06 03:00:01] ℹ 備份檔案完成
[2026-03-06 03:30:02] 開始轉換時間範圍: 2026-03-06 02:00:00 到 2026-03-06 02:59:59
[2026-03-06 03:30:02] ℹ su_web 該時段內無資料變動，未生成有效 SQL。
[2026-03-06 03:30:02] ℹ sm_m2 該時段內無資料變動，未生成有效 SQL。
[2026-03-06 03:30:02] ℹ 備份檔案完成
[2026-03-06 04:00:01] 開始轉換時間範圍: 2026-03-06 03:00:00 到 2026-03-06 03:59:59
[2026-03-06 04:00:01] ℹ su_web 該時段內無資料變動，未生成有效 SQL。
[2026-03-06 04:00:01] ℹ sm_m2 該時段內無資料變動，未生成有效 SQL。
[2026-03-06 04:00:02] ℹ 備份檔案完成
[2026-03-06 04:30:01] 開始轉換時間範圍: 2026-03-06 03:00:00 到 2026-03-06 03:59:59
[2026-03-06 04:30:01] ℹ su_web 該時段內無資料變動，未生成有效 SQL。
[2026-03-06 04:30:02] ℹ sm_m2 該時段內無資料變動，未生成有效 SQL。
[2026-03-06 04:30:02] ℹ 備份檔案完成
[2026-03-06 05:00:02] 開始轉換時間範圍: 2026-03-06 04:00:00 到 2026-03-06 04:59:59
[2026-03-06 05:00:02] ℹ su_web 該時段內無資料變動，未生成有效 SQL。
[2026-03-06 05:00:02] ℹ sm_m2 該時段內無資料變動，未生成有效 SQL。
[2026-03-06 05:00:02] ℹ 備份檔案完成
[2026-03-06 05:30:01] 開始轉換時間範圍: 2026-03-06 04:00:00 到 2026-03-06 04:59:59
[2026-03-06 05:30:01] ℹ su_web 該時段內無資料變動，未生成有效 SQL。
[2026-03-06 05:30:01] ℹ sm_m2 該時段內無資料變動，未生成有效 SQL。
[2026-03-06 05:30:01] ℹ 備份檔案完成
[2026-03-06 06:00:02] 開始轉換時間範圍: 2026-03-06 05:00:00 到 2026-03-06 05:59:59
[2026-03-06 06:00:02] ℹ su_web 該時段內無資料變動，未生成有效 SQL。
[2026-03-06 06:00:02] ℹ sm_m2 該時段內無資料變動，未生成有效 SQL。
[2026-03-06 06:00:02] ℹ 備份檔案完成
[2026-03-06 06:30:01] 開始轉換時間範圍: 2026-03-06 05:00:00 到 2026-03-06 05:59:59
[2026-03-06 06:30:01] ℹ su_web 該時段內無資料變動，未生成有效 SQL。
[2026-03-06 06:30:01] ℹ sm_m2 該時段內無資料變動，未生成有效 SQL。
[2026-03-06 06:30:02] ℹ 備份檔案完成
[2026-03-06 07:00:02] 開始轉換時間範圍: 2026-03-06 06:00:00 到 2026-03-06 06:59:59
[2026-03-06 07:00:02] ℹ su_web 該時段內無資料變動，未生成有效 SQL。
[2026-03-06 07:00:02] ℹ sm_m2 該時段內無資料變動，未生成有效 SQL。
[2026-03-06 07:00:02] ℹ 備份檔案完成
[2026-03-06 07:30:01] 開始轉換時間範圍: 2026-03-06 06:00:00 到 2026-03-06 06:59:59
[2026-03-06 07:30:02] ℹ su_web 該時段內無資料變動，未生成有效 SQL。
[2026-03-06 07:30:02] ℹ sm_m2 該時段內無資料變動，未生成有效 SQL。
[2026-03-06 07:30:02] ℹ 備份檔案完成
[2026-03-06 08:00:02] 開始轉換時間範圍: 2026-03-06 07:00:00 到 2026-03-06 07:59:59
[2026-03-06 08:00:02] ℹ su_web 該時段內無資料變動，未生成有效 SQL。
[2026-03-06 08:00:02] ℹ sm_m2 該時段內無資料變動，未生成有效 SQL。
[2026-03-06 08:00:02] ℹ 備份檔案完成
[2026-03-06 08:30:02] 開始轉換時間範圍: 2026-03-06 07:00:00 到 2026-03-06 07:59:59
[2026-03-06 08:30:02] ℹ su_web 該時段內無資料變動，未生成有效 SQL。
[2026-03-06 08:30:02] ℹ sm_m2 該時段內無資料變動，未生成有效 SQL。
[2026-03-06 08:30:02] ℹ 備份檔案完成
[2026-03-06 09:00:01] 開始轉換時間範圍: 2026-03-06 08:00:00 到 2026-03-06 08:59:59
[2026-03-06 09:00:01] ℹ su_web 該時段內無資料變動，未生成有效 SQL。
[2026-03-06 09:00:01] ℹ sm_m2 該時段內無資料變動，未生成有效 SQL。
[2026-03-06 09:00:01] ℹ 備份檔案完成
[2026-03-06 09:30:01] 開始轉換時間範圍: 2026-03-06 08:00:00 到 2026-03-06 08:59:59
[2026-03-06 09:30:01] ℹ su_web 該時段內無資料變動，未生成有效 SQL。
[2026-03-06 09:30:01] ℹ sm_m2 該時段內無資料變動，未生成有效 SQL。
[2026-03-06 09:30:01] ℹ 備份檔案完成
[2026-03-06 10:00:01] 開始轉換時間範圍: 2026-03-06 09:00:00 到 2026-03-06 09:59:59
[2026-03-06 10:00:01] ℹ su_web 該時段內無資料變動，未生成有效 SQL。
[2026-03-06 10:00:01] ℹ sm_m2 該時段內無資料變動，未生成有效 SQL。
[2026-03-06 10:00:01] ℹ 備份檔案完成
[2026-03-06 10:30:01] 開始轉換時間範圍: 2026-03-06 09:00:00 到 2026-03-06 09:59:59
[2026-03-06 10:30:01] ℹ su_web 該時段內無資料變動，未生成有效 SQL。
[2026-03-06 10:30:01] ℹ sm_m2 該時段內無資料變動，未生成有效 SQL。
[2026-03-06 10:30:01] ℹ 備份檔案完成
[2026-03-06 11:00:01] 開始轉換時間範圍: 2026-03-06 10:00:00 到 2026-03-06 10:59:59
[2026-03-06 11:00:01] ℹ su_web 該時段內無資料變動，未生成有效 SQL。
[2026-03-06 11:00:01] ℹ sm_m2 該時段內無資料變動，未生成有效 SQL。
[2026-03-06 11:00:01] ℹ 備份檔案完成
[2026-03-06 11:30:01] 開始轉換時間範圍: 2026-03-06 10:00:00 到 2026-03-06 10:59:59
[2026-03-06 11:30:01] ℹ su_web 該時段內無資料變動，未生成有效 SQL。
[2026-03-06 11:30:01] ℹ sm_m2 該時段內無資料變動，未生成有效 SQL。
[2026-03-06 11:30:02] ℹ 備份檔案完成
[2026-03-06 12:00:01] 開始轉換時間範圍: 2026-03-06 11:00:00 到 2026-03-06 11:59:59
[2026-03-06 12:00:01] ℹ su_web 該時段內無資料變動，未生成有效 SQL。
[2026-03-06 12:00:01] ℹ sm_m2 該時段內無資料變動，未生成有效 SQL。
[2026-03-06 12:00:01] ℹ 備份檔案完成
[2026-03-06 12:30:01] 開始轉換時間範圍: 2026-03-06 11:00:00 到 2026-03-06 11:59:59
[2026-03-06 12:30:01] ℹ su_web 該時段內無資料變動，未生成有效 SQL。
[2026-03-06 12:30:01] ℹ sm_m2 該時段內無資料變動，未生成有效 SQL。
[2026-03-06 12:30:01] ℹ 備份檔案完成
[2026-03-06 13:00:01] 開始轉換時間範圍: 2026-03-06 12:00:00 到 2026-03-06 12:59:59
[2026-03-06 13:00:01] ℹ su_web 該時段內無資料變動，未生成有效 SQL。
[2026-03-06 13:00:01] ℹ sm_m2 該時段內無資料變動，未生成有效 SQL。
[2026-03-06 13:00:01] ℹ 備份檔案完成
[2026-03-06 13:30:01] 開始轉換時間範圍: 2026-03-06 12:00:00 到 2026-03-06 12:59:59
[2026-03-06 13:30:01] ℹ su_web 該時段內無資料變動，未生成有效 SQL。
[2026-03-06 13:30:01] ℹ sm_m2 該時段內無資料變動，未生成有效 SQL。
[2026-03-06 13:30:01] ℹ 備份檔案完成
[2026-03-06 14:00:01] 開始轉換時間範圍: 2026-03-06 13:00:00 到 2026-03-06 13:59:59
[2026-03-06 14:00:01] ℹ su_web 該時段內無資料變動，未生成有效 SQL。
[2026-03-06 14:00:01] ℹ sm_m2 該時段內無資料變動，未生成有效 SQL。
[2026-03-06 14:00:01] ℹ 備份檔案完成
[2026-03-06 14:30:01] 開始轉換時間範圍: 2026-03-06 13:00:00 到 2026-03-06 13:59:59
[2026-03-06 14:30:01] ℹ su_web 該時段內無資料變動，未生成有效 SQL。
[2026-03-06 14:30:01] ℹ sm_m2 該時段內無資料變動，未生成有效 SQL。
[2026-03-06 14:30:01] ℹ 備份檔案完成
[2026-03-06 15:00:02] 開始轉換時間範圍: 2026-03-06 14:00:00 到 2026-03-06 14:59:59
[2026-03-06 15:00:02] ℹ su_web 該時段內無資料變動，未生成有效 SQL。
[2026-03-06 15:00:02] ℹ sm_m2 該時段內無資料變動，未生成有效 SQL。
[2026-03-06 15:00:02] ℹ 備份檔案完成
[2026-03-06 15:30:01] 開始轉換時間範圍: 2026-03-06 14:00:00 到 2026-03-06 14:59:59
[2026-03-06 15:30:01] ℹ su_web 該時段內無資料變動，未生成有效 SQL。
[2026-03-06 15:30:01] ℹ sm_m2 該時段內無資料變動，未生成有效 SQL。
[2026-03-06 15:30:01] ℹ 備份檔案完成
[2026-03-06 16:00:02] 開始轉換時間範圍: 2026-03-06 15:00:00 到 2026-03-06 15:59:59
[2026-03-06 16:00:02] ℹ su_web 該時段內無資料變動，未生成有效 SQL。
[2026-03-06 16:00:02] ℹ sm_m2 該時段內無資料變動，未生成有效 SQL。
[2026-03-06 16:00:02] ℹ 備份檔案完成
[2026-03-06 16:30:01] 開始轉換時間範圍: 2026-03-06 15:00:00 到 2026-03-06 15:59:59
[2026-03-06 16:30:01] ℹ su_web 該時段內無資料變動，未生成有效 SQL。
[2026-03-06 16:30:01] ℹ sm_m2 該時段內無資料變動，未生成有效 SQL。
[2026-03-06 16:30:01] ℹ 備份檔案完成
[2026-03-06 17:00:01] 開始轉換時間範圍: 2026-03-06 16:00:00 到 2026-03-06 16:59:59
[2026-03-06 17:00:01] ℹ su_web 該時段內無資料變動，未生成有效 SQL。
[2026-03-06 17:00:01] ℹ sm_m2 該時段內無資料變動，未生成有效 SQL。
[2026-03-06 17:00:01] ℹ 備份檔案完成
[2026-03-06 17:30:02] 開始轉換時間範圍: 2026-03-06 16:00:00 到 2026-03-06 16:59:59
[2026-03-06 17:30:02] ℹ su_web 該時段內無資料變動，未生成有效 SQL。
[2026-03-06 17:30:02] ℹ sm_m2 該時段內無資料變動，未生成有效 SQL。
[2026-03-06 17:30:02] ℹ 備份檔案完成
[2026-03-06 18:00:01] 開始轉換時間範圍: 2026-03-06 17:00:00 到 2026-03-06 17:59:59
[2026-03-06 18:00:01] ℹ su_web 該時段內無資料變動，未生成有效 SQL。
[2026-03-06 18:00:01] ℹ sm_m2 該時段內無資料變動，未生成有效 SQL。
[2026-03-06 18:00:01] ℹ 備份檔案完成
[2026-03-06 18:30:01] 開始轉換時間範圍: 2026-03-06 17:00:00 到 2026-03-06 17:59:59
[2026-03-06 18:30:01] ℹ su_web 該時段內無資料變動，未生成有效 SQL。
[2026-03-06 18:30:02] ℹ sm_m2 該時段內無資料變動，未生成有效 SQL。
[2026-03-06 18:30:02] ℹ 備份檔案完成
[2026-03-06 19:00:01] 開始轉換時間範圍: 2026-03-06 18:00:00 到 2026-03-06 18:59:59
[2026-03-06 19:00:01] ℹ su_web 該時段內無資料變動，未生成有效 SQL。
[2026-03-06 19:00:01] ℹ sm_m2 該時段內無資料變動，未生成有效 SQL。
[2026-03-06 19:00:01] ℹ 備份檔案完成
[2026-03-06 19:30:01] 開始轉換時間範圍: 2026-03-06 18:00:00 到 2026-03-06 18:59:59
[2026-03-06 19:30:01] ℹ su_web 該時段內無資料變動，未生成有效 SQL。
[2026-03-06 19:30:01] ℹ sm_m2 該時段內無資料變動，未生成有效 SQL。
[2026-03-06 19:30:01] ℹ 備份檔案完成
[2026-03-06 20:00:01] 開始轉換時間範圍: 2026-03-06 19:00:00 到 2026-03-06 19:59:59
[2026-03-06 20:00:01] ℹ su_web 該時段內無資料變動，未生成有效 SQL。
[2026-03-06 20:00:02] ℹ sm_m2 該時段內無資料變動，未生成有效 SQL。
[2026-03-06 20:00:02] ℹ 備份檔案完成
[2026-03-06 20:30:01] 開始轉換時間範圍: 2026-03-06 19:00:00 到 2026-03-06 19:59:59
[2026-03-06 20:30:01] ℹ su_web 該時段內無資料變動，未生成有效 SQL。
[2026-03-06 20:30:01] ℹ sm_m2 該時段內無資料變動，未生成有效 SQL。
[2026-03-06 20:30:01] ℹ 備份檔案完成
[2026-03-06 21:00:01] 開始轉換時間範圍: 2026-03-06 20:00:00 到 2026-03-06 20:59:59
[2026-03-06 21:00:01] ℹ su_web 該時段內無資料變動，未生成有效 SQL。
[2026-03-06 21:00:01] ℹ sm_m2 該時段內無資料變動，未生成有效 SQL。
[2026-03-06 21:00:01] ℹ 備份檔案完成
[2026-03-06 21:30:01] 開始轉換時間範圍: 2026-03-06 20:00:00 到 2026-03-06 20:59:59
[2026-03-06 21:30:02] ℹ su_web 該時段內無資料變動，未生成有效 SQL。
[2026-03-06 21:30:02] ℹ sm_m2 該時段內無資料變動，未生成有效 SQL。
[2026-03-06 21:30:02] ℹ 備份檔案完成
[2026-03-06 22:00:01] 開始轉換時間範圍: 2026-03-06 21:00:00 到 2026-03-06 21:59:59
[2026-03-06 22:00:01] ℹ su_web 該時段內無資料變動，未生成有效 SQL。
[2026-03-06 22:00:01] ℹ sm_m2 該時段內無資料變動，未生成有效 SQL。
[2026-03-06 22:00:01] ℹ 備份檔案完成
[2026-03-06 22:30:01] 開始轉換時間範圍: 2026-03-06 21:00:00 到 2026-03-06 21:59:59
[2026-03-06 22:30:01] ℹ su_web 該時段內無資料變動，未生成有效 SQL。
[2026-03-06 22:30:01] ℹ sm_m2 該時段內無資料變動，未生成有效 SQL。
[2026-03-06 22:30:01] ℹ 備份檔案完成
[2026-03-06 23:00:01] 開始轉換時間範圍: 2026-03-06 22:00:00 到 2026-03-06 22:59:59
[2026-03-06 23:00:01] ℹ su_web 該時段內無資料變動，未生成有效 SQL。
[2026-03-06 23:00:01] ℹ sm_m2 該時段內無資料變動，未生成有效 SQL。
[2026-03-06 23:00:01] ℹ 備份檔案完成
[2026-03-06 23:30:01] 開始轉換時間範圍: 2026-03-06 22:00:00 到 2026-03-06 22:59:59
[2026-03-06 23:30:01] ℹ su_web 該時段內無資料變動，未生成有效 SQL。
[2026-03-06 23:30:01] ℹ sm_m2 該時段內無資料變動，未生成有效 SQL。
[2026-03-06 23:30:02] ℹ 備份檔案完成
[2026-03-07 00:00:01] 開始轉換時間範圍: 2026-03-06 23:00:00 到 2026-03-06 23:59:59
[2026-03-07 00:00:01] ℹ su_web 該時段內無資料變動，未生成有效 SQL。
[2026-03-07 00:00:01] ℹ sm_m2 該時段內無資料變動，未生成有效 SQL。
[2026-03-07 00:00:01] ℹ 備份檔案完成
[2026-03-07 00:30:01] 開始轉換時間範圍: 2026-03-06 23:00:00 到 2026-03-06 23:59:59
[2026-03-07 00:30:01] ℹ su_web 該時段內無資料變動，未生成有效 SQL。
[2026-03-07 00:30:01] ℹ sm_m2 該時段內無資料變動，未生成有效 SQL。
[2026-03-07 00:30:01] ℹ 備份檔案完成
[2026-03-07 01:00:01] 開始轉換時間範圍: 2026-03-07 00:00:00 到 2026-03-07 00:59:59
[2026-03-07 01:00:01] ℹ su_web 該時段內無資料變動，未生成有效 SQL。
[2026-03-07 01:00:02] ℹ sm_m2 該時段內無資料變動，未生成有效 SQL。
[2026-03-07 01:00:02] ℹ 備份檔案完成
[2026-03-07 01:30:01] 開始轉換時間範圍: 2026-03-07 00:00:00 到 2026-03-07 00:59:59
[2026-03-07 01:30:01] ℹ su_web 該時段內無資料變動，未生成有效 SQL。
[2026-03-07 01:30:01] ℹ sm_m2 該時段內無資料變動，未生成有效 SQL。
[2026-03-07 01:30:01] ℹ 備份檔案完成
[2026-03-07 02:00:02] 開始轉換時間範圍: 2026-03-07 01:00:00 到 2026-03-07 01:59:59
[2026-03-07 02:00:02] ℹ su_web 該時段內無資料變動，未生成有效 SQL。
[2026-03-07 02:00:02] ℹ sm_m2 該時段內無資料變動，未生成有效 SQL。
[2026-03-07 02:00:02] ℹ 備份檔案完成
[2026-03-07 02:30:01] 開始轉換時間範圍: 2026-03-07 01:00:00 到 2026-03-07 01:59:59
[2026-03-07 02:30:01] ℹ su_web 該時段內無資料變動，未生成有效 SQL。
[2026-03-07 02:30:01] ℹ sm_m2 該時段內無資料變動，未生成有效 SQL。
[2026-03-07 02:30:01] ℹ 備份檔案完成
[2026-03-07 03:00:02] 開始轉換時間範圍: 2026-03-07 02:00:00 到 2026-03-07 02:59:59
[2026-03-07 03:00:02] ℹ su_web 該時段內無資料變動，未生成有效 SQL。
[2026-03-07 03:00:02] ℹ sm_m2 該時段內無資料變動，未生成有效 SQL。
[2026-03-07 03:00:02] ℹ 備份檔案完成
[2026-03-07 03:30:02] 開始轉換時間範圍: 2026-03-07 02:00:00 到 2026-03-07 02:59:59
[2026-03-07 03:30:02] ℹ su_web 該時段內無資料變動，未生成有效 SQL。
[2026-03-07 03:30:02] ℹ sm_m2 該時段內無資料變動，未生成有效 SQL。
[2026-03-07 03:30:02] ℹ 備份檔案完成
[2026-03-07 04:00:01] 開始轉換時間範圍: 2026-03-07 03:00:00 到 2026-03-07 03:59:59
[2026-03-07 04:00:01] ℹ su_web 該時段內無資料變動，未生成有效 SQL。
[2026-03-07 04:00:01] ℹ sm_m2 該時段內無資料變動，未生成有效 SQL。
[2026-03-07 04:00:01] ℹ 備份檔案完成
[2026-03-07 04:30:01] 開始轉換時間範圍: 2026-03-07 03:00:00 到 2026-03-07 03:59:59
[2026-03-07 04:30:01] ℹ su_web 該時段內無資料變動，未生成有效 SQL。
[2026-03-07 04:30:01] ℹ sm_m2 該時段內無資料變動，未生成有效 SQL。
[2026-03-07 04:30:01] ℹ 備份檔案完成
[2026-03-07 05:00:01] 開始轉換時間範圍: 2026-03-07 04:00:00 到 2026-03-07 04:59:59
[2026-03-07 05:00:01] ℹ su_web 該時段內無資料變動，未生成有效 SQL。
[2026-03-07 05:00:01] ℹ sm_m2 該時段內無資料變動，未生成有效 SQL。
[2026-03-07 05:00:01] ℹ 備份檔案完成
[2026-03-07 05:30:01] 開始轉換時間範圍: 2026-03-07 04:00:00 到 2026-03-07 04:59:59
[2026-03-07 05:30:01] ℹ su_web 該時段內無資料變動，未生成有效 SQL。
[2026-03-07 05:30:01] ℹ sm_m2 該時段內無資料變動，未生成有效 SQL。
[2026-03-07 05:30:01] ℹ 備份檔案完成
[2026-03-07 06:00:01] 開始轉換時間範圍: 2026-03-07 05:00:00 到 2026-03-07 05:59:59
[2026-03-07 06:00:01] ℹ su_web 該時段內無資料變動，未生成有效 SQL。
[2026-03-07 06:00:01] ℹ sm_m2 該時段內無資料變動，未生成有效 SQL。
[2026-03-07 06:00:01] ℹ 備份檔案完成
[2026-03-07 06:30:01] 開始轉換時間範圍: 2026-03-07 05:00:00 到 2026-03-07 05:59:59
[2026-03-07 06:30:01] ℹ su_web 該時段內無資料變動，未生成有效 SQL。
[2026-03-07 06:30:01] ℹ sm_m2 該時段內無資料變動，未生成有效 SQL。
[2026-03-07 06:30:01] ℹ 備份檔案完成
[2026-03-07 07:00:01] 開始轉換時間範圍: 2026-03-07 06:00:00 到 2026-03-07 06:59:59
[2026-03-07 07:00:01] ℹ su_web 該時段內無資料變動，未生成有效 SQL。
[2026-03-07 07:00:01] ℹ sm_m2 該時段內無資料變動，未生成有效 SQL。
[2026-03-07 07:00:01] ℹ 備份檔案完成
[2026-03-07 07:30:01] 開始轉換時間範圍: 2026-03-07 06:00:00 到 2026-03-07 06:59:59
[2026-03-07 07:30:01] ℹ su_web 該時段內無資料變動，未生成有效 SQL。
[2026-03-07 07:30:01] ℹ sm_m2 該時段內無資料變動，未生成有效 SQL。
[2026-03-07 07:30:01] ℹ 備份檔案完成
[2026-03-07 08:00:01] 開始轉換時間範圍: 2026-03-07 07:00:00 到 2026-03-07 07:59:59
[2026-03-07 08:00:01] ℹ su_web 該時段內無資料變動，未生成有效 SQL。
[2026-03-07 08:00:01] ℹ sm_m2 該時段內無資料變動，未生成有效 SQL。
[2026-03-07 08:00:01] ℹ 備份檔案完成
[2026-03-07 08:30:02] 開始轉換時間範圍: 2026-03-07 07:00:00 到 2026-03-07 07:59:59
[2026-03-07 08:30:02] ℹ su_web 該時段內無資料變動，未生成有效 SQL。
[2026-03-07 08:30:02] ℹ sm_m2 該時段內無資料變動，未生成有效 SQL。
[2026-03-07 08:30:02] ℹ 備份檔案完成
[2026-03-07 09:00:01] 開始轉換時間範圍: 2026-03-07 08:00:00 到 2026-03-07 08:59:59
[2026-03-07 09:00:01] ℹ su_web 該時段內無資料變動，未生成有效 SQL。
[2026-03-07 09:00:01] ℹ sm_m2 該時段內無資料變動，未生成有效 SQL。
[2026-03-07 09:00:01] ℹ 備份檔案完成
[2026-03-07 09:30:01] 開始轉換時間範圍: 2026-03-07 08:00:00 到 2026-03-07 08:59:59
[2026-03-07 09:30:01] ℹ su_web 該時段內無資料變動，未生成有效 SQL。
[2026-03-07 09:30:01] ℹ sm_m2 該時段內無資料變動，未生成有效 SQL。
[2026-03-07 09:30:02] ℹ 備份檔案完成
[2026-03-07 10:00:02] 開始轉換時間範圍: 2026-03-07 09:00:00 到 2026-03-07 09:59:59
[2026-03-07 10:00:02] ℹ su_web 該時段內無資料變動，未生成有效 SQL。
[2026-03-07 10:00:02] ℹ sm_m2 該時段內無資料變動，未生成有效 SQL。
[2026-03-07 10:00:02] ℹ 備份檔案完成
[2026-03-07 10:30:01] 開始轉換時間範圍: 2026-03-07 09:00:00 到 2026-03-07 09:59:59
[2026-03-07 10:30:01] ℹ su_web 該時段內無資料變動，未生成有效 SQL。
[2026-03-07 10:30:01] ℹ sm_m2 該時段內無資料變動，未生成有效 SQL。
[2026-03-07 10:30:01] ℹ 備份檔案完成
[2026-03-07 11:00:01] 開始轉換時間範圍: 2026-03-07 10:00:00 到 2026-03-07 10:59:59
[2026-03-07 11:00:01] ℹ su_web 該時段內無資料變動，未生成有效 SQL。
[2026-03-07 11:00:02] ℹ sm_m2 該時段內無資料變動，未生成有效 SQL。
[2026-03-07 11:00:02] ℹ 備份檔案完成
[2026-03-07 11:30:01] 開始轉換時間範圍: 2026-03-07 10:00:00 到 2026-03-07 10:59:59
[2026-03-07 11:30:01] ℹ su_web 該時段內無資料變動，未生成有效 SQL。
[2026-03-07 11:30:01] ℹ sm_m2 該時段內無資料變動，未生成有效 SQL。
[2026-03-07 11:30:01] ℹ 備份檔案完成
[2026-03-07 12:00:01] 開始轉換時間範圍: 2026-03-07 11:00:00 到 2026-03-07 11:59:59
[2026-03-07 12:00:01] ℹ su_web 該時段內無資料變動，未生成有效 SQL。
[2026-03-07 12:00:01] ℹ sm_m2 該時段內無資料變動，未生成有效 SQL。
[2026-03-07 12:00:01] ℹ 備份檔案完成
[2026-03-07 12:30:01] 開始轉換時間範圍: 2026-03-07 11:00:00 到 2026-03-07 11:59:59
[2026-03-07 12:30:02] ℹ su_web 該時段內無資料變動，未生成有效 SQL。
[2026-03-07 12:30:02] ℹ sm_m2 該時段內無資料變動，未生成有效 SQL。
[2026-03-07 12:30:02] ℹ 備份檔案完成
[2026-03-07 13:00:01] 開始轉換時間範圍: 2026-03-07 12:00:00 到 2026-03-07 12:59:59
[2026-03-07 13:00:01] ℹ su_web 該時段內無資料變動，未生成有效 SQL。
[2026-03-07 13:00:01] ℹ sm_m2 該時段內無資料變動，未生成有效 SQL。
[2026-03-07 13:00:01] ℹ 備份檔案完成
[2026-03-07 13:30:01] 開始轉換時間範圍: 2026-03-07 12:00:00 到 2026-03-07 12:59:59
[2026-03-07 13:30:01] ℹ su_web 該時段內無資料變動，未生成有效 SQL。
[2026-03-07 13:30:01] ℹ sm_m2 該時段內無資料變動，未生成有效 SQL。
[2026-03-07 13:30:01] ℹ 備份檔案完成
[2026-03-07 14:00:01] 開始轉換時間範圍: 2026-03-07 13:00:00 到 2026-03-07 13:59:59
[2026-03-07 14:00:01] ℹ su_web 該時段內無資料變動，未生成有效 SQL。
[2026-03-07 14:00:02] ℹ sm_m2 該時段內無資料變動，未生成有效 SQL。
[2026-03-07 14:00:02] ℹ 備份檔案完成
[2026-03-07 14:30:01] 開始轉換時間範圍: 2026-03-07 13:00:00 到 2026-03-07 13:59:59
[2026-03-07 14:30:01] ℹ su_web 該時段內無資料變動，未生成有效 SQL。
[2026-03-07 14:30:01] ℹ sm_m2 該時段內無資料變動，未生成有效 SQL。
[2026-03-07 14:30:01] ℹ 備份檔案完成
[2026-03-07 15:00:01] 開始轉換時間範圍: 2026-03-07 14:00:00 到 2026-03-07 14:59:59
[2026-03-07 15:00:01] ℹ su_web 該時段內無資料變動，未生成有效 SQL。
[2026-03-07 15:00:01] ℹ sm_m2 該時段內無資料變動，未生成有效 SQL。
[2026-03-07 15:00:01] ℹ 備份檔案完成
[2026-03-07 15:30:01] 開始轉換時間範圍: 2026-03-07 14:00:00 到 2026-03-07 14:59:59
[2026-03-07 15:30:01] ℹ su_web 該時段內無資料變動，未生成有效 SQL。
[2026-03-07 15:30:01] ℹ sm_m2 該時段內無資料變動，未生成有效 SQL。
[2026-03-07 15:30:02] ℹ 備份檔案完成
[2026-03-07 16:00:01] 開始轉換時間範圍: 2026-03-07 15:00:00 到 2026-03-07 15:59:59
[2026-03-07 16:00:01] ℹ su_web 該時段內無資料變動，未生成有效 SQL。
[2026-03-07 16:00:01] ℹ sm_m2 該時段內無資料變動，未生成有效 SQL。
[2026-03-07 16:00:01] ℹ 備份檔案完成
[2026-03-07 16:30:02] 開始轉換時間範圍: 2026-03-07 15:00:00 到 2026-03-07 15:59:59
[2026-03-07 16:30:02] ℹ su_web 該時段內無資料變動，未生成有效 SQL。
[2026-03-07 16:30:02] ℹ sm_m2 該時段內無資料變動，未生成有效 SQL。
[2026-03-07 16:30:02] ℹ 備份檔案完成
[2026-03-07 17:00:01] 開始轉換時間範圍: 2026-03-07 16:00:00 到 2026-03-07 16:59:59
[2026-03-07 17:00:01] ℹ su_web 該時段內無資料變動，未生成有效 SQL。
[2026-03-07 17:00:01] ℹ sm_m2 該時段內無資料變動，未生成有效 SQL。
[2026-03-07 17:00:01] ℹ 備份檔案完成
[2026-03-07 17:30:02] 開始轉換時間範圍: 2026-03-07 16:00:00 到 2026-03-07 16:59:59
[2026-03-07 17:30:02] ℹ su_web 該時段內無資料變動，未生成有效 SQL。
[2026-03-07 17:30:02] ℹ sm_m2 該時段內無資料變動，未生成有效 SQL。
[2026-03-07 17:30:02] ℹ 備份檔案完成
[2026-03-07 18:00:01] 開始轉換時間範圍: 2026-03-07 17:00:00 到 2026-03-07 17:59:59
[2026-03-07 18:00:01] ℹ su_web 該時段內無資料變動，未生成有效 SQL。
[2026-03-07 18:00:01] ℹ sm_m2 該時段內無資料變動，未生成有效 SQL。
[2026-03-07 18:00:01] ℹ 備份檔案完成
[2026-03-07 18:30:01] 開始轉換時間範圍: 2026-03-07 17:00:00 到 2026-03-07 17:59:59
[2026-03-07 18:30:01] ℹ su_web 該時段內無資料變動，未生成有效 SQL。
[2026-03-07 18:30:01] ℹ sm_m2 該時段內無資料變動，未生成有效 SQL。
[2026-03-07 18:30:01] ℹ 備份檔案完成
[2026-03-07 19:00:02] 開始轉換時間範圍: 2026-03-07 18:00:00 到 2026-03-07 18:59:59
[2026-03-07 19:00:02] ℹ su_web 該時段內無資料變動，未生成有效 SQL。
[2026-03-07 19:00:02] ℹ sm_m2 該時段內無資料變動，未生成有效 SQL。
[2026-03-07 19:00:02] ℹ 備份檔案完成
[2026-03-07 19:30:01] 開始轉換時間範圍: 2026-03-07 18:00:00 到 2026-03-07 18:59:59
[2026-03-07 19:30:01] ℹ su_web 該時段內無資料變動，未生成有效 SQL。
[2026-03-07 19:30:01] ℹ sm_m2 該時段內無資料變動，未生成有效 SQL。
[2026-03-07 19:30:01] ℹ 備份檔案完成
[2026-03-07 20:00:02] 開始轉換時間範圍: 2026-03-07 19:00:00 到 2026-03-07 19:59:59
[2026-03-07 20:00:02] ℹ su_web 該時段內無資料變動，未生成有效 SQL。
[2026-03-07 20:00:02] ℹ sm_m2 該時段內無資料變動，未生成有效 SQL。
[2026-03-07 20:00:02] ℹ 備份檔案完成
[2026-03-07 20:30:01] 開始轉換時間範圍: 2026-03-07 19:00:00 到 2026-03-07 19:59:59
[2026-03-07 20:30:01] ℹ su_web 該時段內無資料變動，未生成有效 SQL。
[2026-03-07 20:30:01] ℹ sm_m2 該時段內無資料變動，未生成有效 SQL。
[2026-03-07 20:30:01] ℹ 備份檔案完成
[2026-03-07 21:00:01] 開始轉換時間範圍: 2026-03-07 20:00:00 到 2026-03-07 20:59:59
[2026-03-07 21:00:01] ℹ su_web 該時段內無資料變動，未生成有效 SQL。
[2026-03-07 21:00:01] ℹ sm_m2 該時段內無資料變動，未生成有效 SQL。
[2026-03-07 21:00:01] ℹ 備份檔案完成
[2026-03-07 21:30:01] 開始轉換時間範圍: 2026-03-07 20:00:00 到 2026-03-07 20:59:59
[2026-03-07 21:30:01] ℹ su_web 該時段內無資料變動，未生成有效 SQL。
[2026-03-07 21:30:01] ℹ sm_m2 該時段內無資料變動，未生成有效 SQL。
[2026-03-07 21:30:01] ℹ 備份檔案完成
[2026-03-07 22:00:01] 開始轉換時間範圍: 2026-03-07 21:00:00 到 2026-03-07 21:59:59
[2026-03-07 22:00:01] ℹ su_web 該時段內無資料變動，未生成有效 SQL。
[2026-03-07 22:00:01] ℹ sm_m2 該時段內無資料變動，未生成有效 SQL。
[2026-03-07 22:00:01] ℹ 備份檔案完成
[2026-03-07 22:30:01] 開始轉換時間範圍: 2026-03-07 21:00:00 到 2026-03-07 21:59:59
[2026-03-07 22:30:02] ℹ su_web 該時段內無資料變動，未生成有效 SQL。
[2026-03-07 22:30:02] ℹ sm_m2 該時段內無資料變動，未生成有效 SQL。
[2026-03-07 22:30:02] ℹ 備份檔案完成
[2026-03-07 23:00:01] 開始轉換時間範圍: 2026-03-07 22:00:00 到 2026-03-07 22:59:59
[2026-03-07 23:00:01] ℹ su_web 該時段內無資料變動，未生成有效 SQL。
[2026-03-07 23:00:01] ℹ sm_m2 該時段內無資料變動，未生成有效 SQL。
[2026-03-07 23:00:01] ℹ 備份檔案完成
[2026-03-07 23:30:02] 開始轉換時間範圍: 2026-03-07 22:00:00 到 2026-03-07 22:59:59
[2026-03-07 23:30:02] ℹ su_web 該時段內無資料變動，未生成有效 SQL。
[2026-03-07 23:30:02] ℹ sm_m2 該時段內無資料變動，未生成有效 SQL。
[2026-03-07 23:30:02] ℹ 備份檔案完成
[2026-03-08 00:00:01] 開始轉換時間範圍: 2026-03-07 23:00:00 到 2026-03-07 23:59:59
[2026-03-08 00:00:01] ℹ su_web 該時段內無資料變動，未生成有效 SQL。
[2026-03-08 00:00:01] ℹ sm_m2 該時段內無資料變動，未生成有效 SQL。
[2026-03-08 00:00:01] ℹ 備份檔案完成
[2026-03-08 00:30:01] 開始轉換時間範圍: 2026-03-07 23:00:00 到 2026-03-07 23:59:59
[2026-03-08 00:30:01] ℹ su_web 該時段內無資料變動，未生成有效 SQL。
[2026-03-08 00:30:01] ℹ sm_m2 該時段內無資料變動，未生成有效 SQL。
[2026-03-08 00:30:01] ℹ 備份檔案完成
[2026-03-08 01:00:01] 開始轉換時間範圍: 2026-03-08 00:00:00 到 2026-03-08 00:59:59
[2026-03-08 01:00:01] ℹ su_web 該時段內無資料變動，未生成有效 SQL。
[2026-03-08 01:00:01] ℹ sm_m2 該時段內無資料變動，未生成有效 SQL。
[2026-03-08 01:00:01] ℹ 備份檔案完成
[2026-03-08 01:30:01] 開始轉換時間範圍: 2026-03-08 00:00:00 到 2026-03-08 00:59:59
[2026-03-08 01:30:01] ℹ su_web 該時段內無資料變動，未生成有效 SQL。
[2026-03-08 01:30:01] ℹ sm_m2 該時段內無資料變動，未生成有效 SQL。
[2026-03-08 01:30:01] ℹ 備份檔案完成
[2026-03-08 02:00:01] 開始轉換時間範圍: 2026-03-08 01:00:00 到 2026-03-08 01:59:59
[2026-03-08 02:00:01] ℹ su_web 該時段內無資料變動，未生成有效 SQL。
[2026-03-08 02:00:01] ℹ sm_m2 該時段內無資料變動，未生成有效 SQL。
[2026-03-08 02:00:02] ℹ 備份檔案完成
[2026-03-08 02:30:01] 開始轉換時間範圍: 2026-03-08 01:00:00 到 2026-03-08 01:59:59
[2026-03-08 02:30:01] ℹ su_web 該時段內無資料變動，未生成有效 SQL。
[2026-03-08 02:30:01] ℹ sm_m2 該時段內無資料變動，未生成有效 SQL。
[2026-03-08 02:30:01] ℹ 備份檔案完成
[2026-03-08 03:00:01] 開始轉換時間範圍: 2026-03-08 02:00:00 到 2026-03-08 02:59:59
[2026-03-08 03:00:01] ℹ su_web 該時段內無資料變動，未生成有效 SQL。
[2026-03-08 03:00:01] ℹ sm_m2 該時段內無資料變動，未生成有效 SQL。
[2026-03-08 03:00:01] ℹ 備份檔案完成
[2026-03-08 03:30:02] 開始轉換時間範圍: 2026-03-08 02:00:00 到 2026-03-08 02:59:59
[2026-03-08 03:30:02] ℹ su_web 該時段內無資料變動，未生成有效 SQL。
[2026-03-08 03:30:02] ℹ sm_m2 該時段內無資料變動，未生成有效 SQL。
[2026-03-08 03:30:02] ℹ 備份檔案完成
[2026-03-08 04:00:01] 開始轉換時間範圍: 2026-03-08 03:00:00 到 2026-03-08 03:59:59
[2026-03-08 04:00:01] ℹ su_web 該時段內無資料變動，未生成有效 SQL。
[2026-03-08 04:00:01] ℹ sm_m2 該時段內無資料變動，未生成有效 SQL。
[2026-03-08 04:00:01] ℹ 備份檔案完成
[2026-03-08 04:30:01] 開始轉換時間範圍: 2026-03-08 03:00:00 到 2026-03-08 03:59:59
[2026-03-08 04:30:01] ℹ su_web 該時段內無資料變動，未生成有效 SQL。
[2026-03-08 04:30:01] ℹ sm_m2 該時段內無資料變動，未生成有效 SQL。
[2026-03-08 04:30:01] ℹ 備份檔案完成
[2026-03-08 05:00:01] 開始轉換時間範圍: 2026-03-08 04:00:00 到 2026-03-08 04:59:59
[2026-03-08 05:00:01] ℹ su_web 該時段內無資料變動，未生成有效 SQL。
[2026-03-08 05:00:01] ℹ sm_m2 該時段內無資料變動，未生成有效 SQL。
[2026-03-08 05:00:01] ℹ 備份檔案完成
[2026-03-08 05:30:01] 開始轉換時間範圍: 2026-03-08 04:00:00 到 2026-03-08 04:59:59
[2026-03-08 05:30:01] ℹ su_web 該時段內無資料變動，未生成有效 SQL。
[2026-03-08 05:30:01] ℹ sm_m2 該時段內無資料變動，未生成有效 SQL。
[2026-03-08 05:30:01] ℹ 備份檔案完成
[2026-03-08 06:00:01] 開始轉換時間範圍: 2026-03-08 05:00:00 到 2026-03-08 05:59:59
[2026-03-08 06:00:01] ℹ su_web 該時段內無資料變動，未生成有效 SQL。
[2026-03-08 06:00:01] ℹ sm_m2 該時段內無資料變動，未生成有效 SQL。
[2026-03-08 06:00:01] ℹ 備份檔案完成
[2026-03-08 06:30:01] 開始轉換時間範圍: 2026-03-08 05:00:00 到 2026-03-08 05:59:59
[2026-03-08 06:30:01] ℹ su_web 該時段內無資料變動，未生成有效 SQL。
[2026-03-08 06:30:01] ℹ sm_m2 該時段內無資料變動，未生成有效 SQL。
[2026-03-08 06:30:01] ℹ 備份檔案完成
[2026-03-08 07:00:01] 開始轉換時間範圍: 2026-03-08 06:00:00 到 2026-03-08 06:59:59
[2026-03-08 07:00:01] ℹ su_web 該時段內無資料變動，未生成有效 SQL。
[2026-03-08 07:00:01] ℹ sm_m2 該時段內無資料變動，未生成有效 SQL。
[2026-03-08 07:00:01] ℹ 備份檔案完成
[2026-03-08 07:30:01] 開始轉換時間範圍: 2026-03-08 06:00:00 到 2026-03-08 06:59:59
[2026-03-08 07:30:02] ℹ su_web 該時段內無資料變動，未生成有效 SQL。
[2026-03-08 07:30:02] ℹ sm_m2 該時段內無資料變動，未生成有效 SQL。
[2026-03-08 07:30:02] ℹ 備份檔案完成
[2026-03-08 08:00:01] 開始轉換時間範圍: 2026-03-08 07:00:00 到 2026-03-08 07:59:59
[2026-03-08 08:00:02] ℹ su_web 該時段內無資料變動，未生成有效 SQL。
[2026-03-08 08:00:02] ℹ sm_m2 該時段內無資料變動，未生成有效 SQL。
[2026-03-08 08:00:02] ℹ 備份檔案完成
[2026-03-08 08:30:01] 開始轉換時間範圍: 2026-03-08 07:00:00 到 2026-03-08 07:59:59
[2026-03-08 08:30:01] ℹ su_web 該時段內無資料變動，未生成有效 SQL。
[2026-03-08 08:30:01] ℹ sm_m2 該時段內無資料變動，未生成有效 SQL。
[2026-03-08 08:30:02] ℹ 備份檔案完成
[2026-03-08 09:00:01] 開始轉換時間範圍: 2026-03-08 08:00:00 到 2026-03-08 08:59:59
[2026-03-08 09:00:01] ℹ su_web 該時段內無資料變動，未生成有效 SQL。
[2026-03-08 09:00:01] ℹ sm_m2 該時段內無資料變動，未生成有效 SQL。
[2026-03-08 09:00:02] ℹ 備份檔案完成
[2026-03-08 09:30:01] 開始轉換時間範圍: 2026-03-08 08:00:00 到 2026-03-08 08:59:59
[2026-03-08 09:30:01] ℹ su_web 該時段內無資料變動，未生成有效 SQL。
[2026-03-08 09:30:01] ℹ sm_m2 該時段內無資料變動，未生成有效 SQL。
[2026-03-08 09:30:01] ℹ 備份檔案完成
[2026-03-08 10:00:01] 開始轉換時間範圍: 2026-03-08 09:00:00 到 2026-03-08 09:59:59
[2026-03-08 10:00:01] ℹ su_web 該時段內無資料變動，未生成有效 SQL。
[2026-03-08 10:00:01] ℹ sm_m2 該時段內無資料變動，未生成有效 SQL。
[2026-03-08 10:00:01] ℹ 備份檔案完成
[2026-03-08 10:30:02] 開始轉換時間範圍: 2026-03-08 09:00:00 到 2026-03-08 09:59:59
[2026-03-08 10:30:02] ℹ su_web 該時段內無資料變動，未生成有效 SQL。
[2026-03-08 10:30:02] ℹ sm_m2 該時段內無資料變動，未生成有效 SQL。
[2026-03-08 10:30:02] ℹ 備份檔案完成
[2026-03-08 11:00:01] 開始轉換時間範圍: 2026-03-08 10:00:00 到 2026-03-08 10:59:59
[2026-03-08 11:00:01] ℹ su_web 該時段內無資料變動，未生成有效 SQL。
[2026-03-08 11:00:01] ℹ sm_m2 該時段內無資料變動，未生成有效 SQL。
[2026-03-08 11:00:02] ℹ 備份檔案完成
[2026-03-08 11:30:02] 開始轉換時間範圍: 2026-03-08 10:00:00 到 2026-03-08 10:59:59
[2026-03-08 11:30:02] ℹ su_web 該時段內無資料變動，未生成有效 SQL。
[2026-03-08 11:30:02] ℹ sm_m2 該時段內無資料變動，未生成有效 SQL。
[2026-03-08 11:30:02] ℹ 備份檔案完成
[2026-03-08 12:00:01] 開始轉換時間範圍: 2026-03-08 11:00:00 到 2026-03-08 11:59:59
[2026-03-08 12:00:01] ℹ su_web 該時段內無資料變動，未生成有效 SQL。
[2026-03-08 12:00:01] ℹ sm_m2 該時段內無資料變動，未生成有效 SQL。
[2026-03-08 12:00:01] ℹ 備份檔案完成
[2026-03-08 12:30:01] 開始轉換時間範圍: 2026-03-08 11:00:00 到 2026-03-08 11:59:59
[2026-03-08 12:30:01] ℹ su_web 該時段內無資料變動，未生成有效 SQL。
[2026-03-08 12:30:01] ℹ sm_m2 該時段內無資料變動，未生成有效 SQL。
[2026-03-08 12:30:01] ℹ 備份檔案完成
[2026-03-08 13:00:02] 開始轉換時間範圍: 2026-03-08 12:00:00 到 2026-03-08 12:59:59
[2026-03-08 13:00:02] ℹ su_web 該時段內無資料變動，未生成有效 SQL。
[2026-03-08 13:00:02] ℹ sm_m2 該時段內無資料變動，未生成有效 SQL。
[2026-03-08 13:00:02] ℹ 備份檔案完成
[2026-03-08 13:30:01] 開始轉換時間範圍: 2026-03-08 12:00:00 到 2026-03-08 12:59:59
[2026-03-08 13:30:01] ℹ su_web 該時段內無資料變動，未生成有效 SQL。
[2026-03-08 13:30:01] ℹ sm_m2 該時段內無資料變動，未生成有效 SQL。
[2026-03-08 13:30:02] ℹ 備份檔案完成
[2026-03-08 14:00:01] 開始轉換時間範圍: 2026-03-08 13:00:00 到 2026-03-08 13:59:59
[2026-03-08 14:00:02] ℹ su_web 該時段內無資料變動，未生成有效 SQL。
[2026-03-08 14:00:02] ℹ sm_m2 該時段內無資料變動，未生成有效 SQL。
[2026-03-08 14:00:02] ℹ 備份檔案完成
[2026-03-08 14:30:01] 開始轉換時間範圍: 2026-03-08 13:00:00 到 2026-03-08 13:59:59
[2026-03-08 14:30:01] ℹ su_web 該時段內無資料變動，未生成有效 SQL。
[2026-03-08 14:30:01] ℹ sm_m2 該時段內無資料變動，未生成有效 SQL。
[2026-03-08 14:30:02] ℹ 備份檔案完成
[2026-03-08 15:00:02] 開始轉換時間範圍: 2026-03-08 14:00:00 到 2026-03-08 14:59:59
[2026-03-08 15:00:02] ℹ su_web 該時段內無資料變動，未生成有效 SQL。
[2026-03-08 15:00:02] ℹ sm_m2 該時段內無資料變動，未生成有效 SQL。
[2026-03-08 15:00:02] ℹ 備份檔案完成
[2026-03-08 15:30:01] 開始轉換時間範圍: 2026-03-08 14:00:00 到 2026-03-08 14:59:59
[2026-03-08 15:30:01] ℹ su_web 該時段內無資料變動，未生成有效 SQL。
[2026-03-08 15:30:01] ℹ sm_m2 該時段內無資料變動，未生成有效 SQL。
[2026-03-08 15:30:01] ℹ 備份檔案完成
[2026-03-08 16:00:01] 開始轉換時間範圍: 2026-03-08 15:00:00 到 2026-03-08 15:59:59
[2026-03-08 16:00:01] ℹ su_web 該時段內無資料變動，未生成有效 SQL。
[2026-03-08 16:00:01] ℹ sm_m2 該時段內無資料變動，未生成有效 SQL。
[2026-03-08 16:00:01] ℹ 備份檔案完成
[2026-03-08 16:30:01] 開始轉換時間範圍: 2026-03-08 15:00:00 到 2026-03-08 15:59:59
[2026-03-08 16:30:02] ℹ su_web 該時段內無資料變動，未生成有效 SQL。
[2026-03-08 16:30:02] ℹ sm_m2 該時段內無資料變動，未生成有效 SQL。
[2026-03-08 16:30:02] ℹ 備份檔案完成
[2026-03-08 17:00:01] 開始轉換時間範圍: 2026-03-08 16:00:00 到 2026-03-08 16:59:59
[2026-03-08 17:00:01] ℹ su_web 該時段內無資料變動，未生成有效 SQL。
[2026-03-08 17:00:02] ℹ sm_m2 該時段內無資料變動，未生成有效 SQL。
[2026-03-08 17:00:02] ℹ 備份檔案完成
[2026-03-08 17:30:01] 開始轉換時間範圍: 2026-03-08 16:00:00 到 2026-03-08 16:59:59
[2026-03-08 17:30:02] ℹ su_web 該時段內無資料變動，未生成有效 SQL。
[2026-03-08 17:30:02] ℹ sm_m2 該時段內無資料變動，未生成有效 SQL。
[2026-03-08 17:30:02] ℹ 備份檔案完成
[2026-03-08 18:00:01] 開始轉換時間範圍: 2026-03-08 17:00:00 到 2026-03-08 17:59:59
[2026-03-08 18:00:01] ℹ su_web 該時段內無資料變動，未生成有效 SQL。
[2026-03-08 18:00:01] ℹ sm_m2 該時段內無資料變動，未生成有效 SQL。
[2026-03-08 18:00:01] ℹ 備份檔案完成
[2026-03-08 18:30:01] 開始轉換時間範圍: 2026-03-08 17:00:00 到 2026-03-08 17:59:59
[2026-03-08 18:30:01] ℹ su_web 該時段內無資料變動，未生成有效 SQL。
[2026-03-08 18:30:01] ℹ sm_m2 該時段內無資料變動，未生成有效 SQL。
[2026-03-08 18:30:01] ℹ 備份檔案完成
[2026-03-08 19:00:01] 開始轉換時間範圍: 2026-03-08 18:00:00 到 2026-03-08 18:59:59
[2026-03-08 19:00:01] ℹ su_web 該時段內無資料變動，未生成有效 SQL。
[2026-03-08 19:00:01] ℹ sm_m2 該時段內無資料變動，未生成有效 SQL。
[2026-03-08 19:00:01] ℹ 備份檔案完成
[2026-03-08 19:30:01] 開始轉換時間範圍: 2026-03-08 18:00:00 到 2026-03-08 18:59:59
[2026-03-08 19:30:01] ℹ su_web 該時段內無資料變動，未生成有效 SQL。
[2026-03-08 19:30:01] ℹ sm_m2 該時段內無資料變動，未生成有效 SQL。
[2026-03-08 19:30:01] ℹ 備份檔案完成
[2026-03-08 20:00:02] 開始轉換時間範圍: 2026-03-08 19:00:00 到 2026-03-08 19:59:59
[2026-03-08 20:00:02] ℹ su_web 該時段內無資料變動，未生成有效 SQL。
[2026-03-08 20:00:02] ℹ sm_m2 該時段內無資料變動，未生成有效 SQL。
[2026-03-08 20:00:02] ℹ 備份檔案完成
[2026-03-08 20:30:01] 開始轉換時間範圍: 2026-03-08 19:00:00 到 2026-03-08 19:59:59
[2026-03-08 20:30:01] ℹ su_web 該時段內無資料變動，未生成有效 SQL。
[2026-03-08 20:30:01] ℹ sm_m2 該時段內無資料變動，未生成有效 SQL。
[2026-03-08 20:30:02] ℹ 備份檔案完成
[2026-03-08 21:00:01] 開始轉換時間範圍: 2026-03-08 20:00:00 到 2026-03-08 20:59:59
[2026-03-08 21:00:01] ℹ su_web 該時段內無資料變動，未生成有效 SQL。
[2026-03-08 21:00:01] ℹ sm_m2 該時段內無資料變動，未生成有效 SQL。
[2026-03-08 21:00:01] ℹ 備份檔案完成
[2026-03-08 21:30:01] 開始轉換時間範圍: 2026-03-08 20:00:00 到 2026-03-08 20:59:59
[2026-03-08 21:30:01] ℹ su_web 該時段內無資料變動，未生成有效 SQL。
[2026-03-08 21:30:01] ℹ sm_m2 該時段內無資料變動，未生成有效 SQL。
[2026-03-08 21:30:01] ℹ 備份檔案完成
[2026-03-08 22:00:01] 開始轉換時間範圍: 2026-03-08 21:00:00 到 2026-03-08 21:59:59
[2026-03-08 22:00:01] ℹ su_web 該時段內無資料變動，未生成有效 SQL。
[2026-03-08 22:00:01] ℹ sm_m2 該時段內無資料變動，未生成有效 SQL。
[2026-03-08 22:00:01] ℹ 備份檔案完成
[2026-03-08 22:30:01] 開始轉換時間範圍: 2026-03-08 21:00:00 到 2026-03-08 21:59:59
[2026-03-08 22:30:01] ℹ su_web 該時段內無資料變動，未生成有效 SQL。
[2026-03-08 22:30:02] ℹ sm_m2 該時段內無資料變動，未生成有效 SQL。
[2026-03-08 22:30:02] ℹ 備份檔案完成
[2026-03-08 23:00:01] 開始轉換時間範圍: 2026-03-08 22:00:00 到 2026-03-08 22:59:59
[2026-03-08 23:00:01] ℹ su_web 該時段內無資料變動，未生成有效 SQL。
[2026-03-08 23:00:01] ℹ sm_m2 該時段內無資料變動，未生成有效 SQL。
[2026-03-08 23:00:01] ℹ 備份檔案完成
[2026-03-08 23:30:01] 開始轉換時間範圍: 2026-03-08 22:00:00 到 2026-03-08 22:59:59
[2026-03-08 23:30:01] ℹ su_web 該時段內無資料變動，未生成有效 SQL。
[2026-03-08 23:30:01] ℹ sm_m2 該時段內無資料變動，未生成有效 SQL。
[2026-03-08 23:30:01] ℹ 備份檔案完成
[2026-03-09 00:00:01] 開始轉換時間範圍: 2026-03-08 23:00:00 到 2026-03-08 23:59:59
[2026-03-09 00:00:01] ℹ su_web 該時段內無資料變動，未生成有效 SQL。
[2026-03-09 00:00:01] ℹ sm_m2 該時段內無資料變動，未生成有效 SQL。
[2026-03-09 00:00:01] ℹ 備份檔案完成
[2026-03-09 00:30:01] 開始轉換時間範圍: 2026-03-08 23:00:00 到 2026-03-08 23:59:59
[2026-03-09 00:30:01] ℹ su_web 該時段內無資料變動，未生成有效 SQL。
[2026-03-09 00:30:01] ℹ sm_m2 該時段內無資料變動，未生成有效 SQL。
[2026-03-09 00:30:01] ℹ 備份檔案完成
[2026-03-09 01:00:01] 開始轉換時間範圍: 2026-03-09 00:00:00 到 2026-03-09 00:59:59
[2026-03-09 01:00:01] ℹ su_web 該時段內無資料變動，未生成有效 SQL。
[2026-03-09 01:00:02] ℹ sm_m2 該時段內無資料變動，未生成有效 SQL。
[2026-03-09 01:00:02] ℹ 備份檔案完成
[2026-03-09 01:30:01] 開始轉換時間範圍: 2026-03-09 00:00:00 到 2026-03-09 00:59:59
[2026-03-09 01:30:01] ℹ su_web 該時段內無資料變動，未生成有效 SQL。
[2026-03-09 01:30:01] ℹ sm_m2 該時段內無資料變動，未生成有效 SQL。
[2026-03-09 01:30:01] ℹ 備份檔案完成
[2026-03-09 02:00:01] 開始轉換時間範圍: 2026-03-09 01:00:00 到 2026-03-09 01:59:59
[2026-03-09 02:00:01] ℹ su_web 該時段內無資料變動，未生成有效 SQL。
[2026-03-09 02:00:01] ℹ sm_m2 該時段內無資料變動，未生成有效 SQL。
[2026-03-09 02:00:01] ℹ 備份檔案完成
[2026-03-09 02:30:01] 開始轉換時間範圍: 2026-03-09 01:00:00 到 2026-03-09 01:59:59
[2026-03-09 02:30:01] ℹ su_web 該時段內無資料變動，未生成有效 SQL。
[2026-03-09 02:30:01] ℹ sm_m2 該時段內無資料變動，未生成有效 SQL。
[2026-03-09 02:30:01] ℹ 備份檔案完成
[2026-03-09 03:00:01] 開始轉換時間範圍: 2026-03-09 02:00:00 到 2026-03-09 02:59:59
[2026-03-09 03:00:01] ℹ su_web 該時段內無資料變動，未生成有效 SQL。
[2026-03-09 03:00:01] ℹ sm_m2 該時段內無資料變動，未生成有效 SQL。
[2026-03-09 03:00:01] ℹ 備份檔案完成
[2026-03-09 03:30:02] 開始轉換時間範圍: 2026-03-09 02:00:00 到 2026-03-09 02:59:59
[2026-03-09 03:30:02] ℹ su_web 該時段內無資料變動，未生成有效 SQL。
[2026-03-09 03:30:02] ℹ sm_m2 該時段內無資料變動，未生成有效 SQL。
[2026-03-09 03:30:02] ℹ 備份檔案完成
[2026-03-09 04:00:01] 開始轉換時間範圍: 2026-03-09 03:00:00 到 2026-03-09 03:59:59
[2026-03-09 04:00:01] ℹ su_web 該時段內無資料變動，未生成有效 SQL。
[2026-03-09 04:00:01] ℹ sm_m2 該時段內無資料變動，未生成有效 SQL。
[2026-03-09 04:00:01] ℹ 備份檔案完成
[2026-03-09 04:30:02] 開始轉換時間範圍: 2026-03-09 03:00:00 到 2026-03-09 03:59:59
[2026-03-09 04:30:02] ℹ su_web 該時段內無資料變動，未生成有效 SQL。
[2026-03-09 04:30:02] ℹ sm_m2 該時段內無資料變動，未生成有效 SQL。
[2026-03-09 04:30:02] ℹ 備份檔案完成
[2026-03-09 05:00:01] 開始轉換時間範圍: 2026-03-09 04:00:00 到 2026-03-09 04:59:59
[2026-03-09 05:00:01] ℹ su_web 該時段內無資料變動，未生成有效 SQL。
[2026-03-09 05:00:01] ℹ sm_m2 該時段內無資料變動，未生成有效 SQL。
[2026-03-09 05:00:01] ℹ 備份檔案完成
[2026-03-09 05:30:01] 開始轉換時間範圍: 2026-03-09 04:00:00 到 2026-03-09 04:59:59
[2026-03-09 05:30:02] ℹ su_web 該時段內無資料變動，未生成有效 SQL。
[2026-03-09 05:30:02] ℹ sm_m2 該時段內無資料變動，未生成有效 SQL。
[2026-03-09 05:30:02] ℹ 備份檔案完成
[2026-03-09 06:00:01] 開始轉換時間範圍: 2026-03-09 05:00:00 到 2026-03-09 05:59:59
[2026-03-09 06:00:01] ℹ su_web 該時段內無資料變動，未生成有效 SQL。
[2026-03-09 06:00:01] ℹ sm_m2 該時段內無資料變動，未生成有效 SQL。
[2026-03-09 06:00:01] ℹ 備份檔案完成
[2026-03-09 06:30:01] 開始轉換時間範圍: 2026-03-09 05:00:00 到 2026-03-09 05:59:59
[2026-03-09 06:30:01] ℹ su_web 該時段內無資料變動，未生成有效 SQL。
[2026-03-09 06:30:01] ℹ sm_m2 該時段內無資料變動，未生成有效 SQL。
[2026-03-09 06:30:01] ℹ 備份檔案完成
[2026-03-09 07:00:02] 開始轉換時間範圍: 2026-03-09 06:00:00 到 2026-03-09 06:59:59
[2026-03-09 07:00:02] ℹ su_web 該時段內無資料變動，未生成有效 SQL。
[2026-03-09 07:00:02] ℹ sm_m2 該時段內無資料變動，未生成有效 SQL。
[2026-03-09 07:00:02] ℹ 備份檔案完成
[2026-03-09 07:30:01] 開始轉換時間範圍: 2026-03-09 06:00:00 到 2026-03-09 06:59:59
[2026-03-09 07:30:01] ℹ su_web 該時段內無資料變動，未生成有效 SQL。
[2026-03-09 07:30:01] ℹ sm_m2 該時段內無資料變動，未生成有效 SQL。
[2026-03-09 07:30:01] ℹ 備份檔案完成
[2026-03-09 08:00:01] 開始轉換時間範圍: 2026-03-09 07:00:00 到 2026-03-09 07:59:59
[2026-03-09 08:00:01] ℹ su_web 該時段內無資料變動，未生成有效 SQL。
[2026-03-09 08:00:01] ℹ sm_m2 該時段內無資料變動，未生成有效 SQL。
[2026-03-09 08:00:01] ℹ 備份檔案完成
[2026-03-09 08:30:01] 開始轉換時間範圍: 2026-03-09 07:00:00 到 2026-03-09 07:59:59
[2026-03-09 08:30:01] ℹ su_web 該時段內無資料變動，未生成有效 SQL。
[2026-03-09 08:30:01] ℹ sm_m2 該時段內無資料變動，未生成有效 SQL。
[2026-03-09 08:30:01] ℹ 備份檔案完成
[2026-03-09 09:00:01] 開始轉換時間範圍: 2026-03-09 08:00:00 到 2026-03-09 08:59:59
[2026-03-09 09:00:01] ℹ su_web 該時段內無資料變動，未生成有效 SQL。
[2026-03-09 09:00:01] ℹ sm_m2 該時段內無資料變動，未生成有效 SQL。
[2026-03-09 09:00:01] ℹ 備份檔案完成
[2026-03-09 09:30:01] 開始轉換時間範圍: 2026-03-09 08:00:00 到 2026-03-09 08:59:59
[2026-03-09 09:30:01] ℹ su_web 該時段內無資料變動，未生成有效 SQL。
[2026-03-09 09:30:01] ℹ sm_m2 該時段內無資料變動，未生成有效 SQL。
[2026-03-09 09:30:01] ℹ 備份檔案完成
[2026-03-09 10:00:02] 開始轉換時間範圍: 2026-03-09 09:00:00 到 2026-03-09 09:59:59
[2026-03-09 10:00:02] ℹ su_web 該時段內無資料變動，未生成有效 SQL。
[2026-03-09 10:00:02] ℹ sm_m2 該時段內無資料變動，未生成有效 SQL。
[2026-03-09 10:00:02] ℹ 備份檔案完成
[2026-03-09 10:30:01] 開始轉換時間範圍: 2026-03-09 09:00:00 到 2026-03-09 09:59:59
[2026-03-09 10:30:01] ℹ su_web 該時段內無資料變動，未生成有效 SQL。
[2026-03-09 10:30:01] ℹ sm_m2 該時段內無資料變動，未生成有效 SQL。
[2026-03-09 10:30:01] ℹ 備份檔案完成
[2026-03-09 11:00:01] 開始轉換時間範圍: 2026-03-09 10:00:00 到 2026-03-09 10:59:59
[2026-03-09 11:00:01] ℹ su_web 該時段內無資料變動，未生成有效 SQL。
[2026-03-09 11:00:01] ℹ sm_m2 該時段內無資料變動，未生成有效 SQL。
[2026-03-09 11:00:01] ℹ 備份檔案完成
[2026-03-09 11:30:01] 開始轉換時間範圍: 2026-03-09 10:00:00 到 2026-03-09 10:59:59
[2026-03-09 11:30:01] ℹ su_web 該時段內無資料變動，未生成有效 SQL。
[2026-03-09 11:30:01] ℹ sm_m2 該時段內無資料變動，未生成有效 SQL。
[2026-03-09 11:30:01] ℹ 備份檔案完成
[2026-03-09 12:00:01] 開始轉換時間範圍: 2026-03-09 11:00:00 到 2026-03-09 11:59:59
[2026-03-09 12:00:01] ℹ su_web 該時段內無資料變動，未生成有效 SQL。
[2026-03-09 12:00:01] ℹ sm_m2 該時段內無資料變動，未生成有效 SQL。
[2026-03-09 12:00:01] ℹ 備份檔案完成
[2026-03-09 12:30:02] 開始轉換時間範圍: 2026-03-09 11:00:00 到 2026-03-09 11:59:59
[2026-03-09 12:30:02] ℹ su_web 該時段內無資料變動，未生成有效 SQL。
[2026-03-09 12:30:02] ℹ sm_m2 該時段內無資料變動，未生成有效 SQL。
[2026-03-09 12:30:02] ℹ 備份檔案完成
[2026-03-09 13:00:01] 開始轉換時間範圍: 2026-03-09 12:00:00 到 2026-03-09 12:59:59
[2026-03-09 13:00:01] ℹ su_web 該時段內無資料變動，未生成有效 SQL。
[2026-03-09 13:00:01] ℹ sm_m2 該時段內無資料變動，未生成有效 SQL。
[2026-03-09 13:00:02] ℹ 備份檔案完成
[2026-03-09 13:30:01] 開始轉換時間範圍: 2026-03-09 12:00:00 到 2026-03-09 12:59:59
[2026-03-09 13:30:01] ℹ su_web 該時段內無資料變動，未生成有效 SQL。
[2026-03-09 13:30:01] ℹ sm_m2 該時段內無資料變動，未生成有效 SQL。
[2026-03-09 13:30:02] ℹ 備份檔案完成
[2026-03-09 14:00:01] 開始轉換時間範圍: 2026-03-09 13:00:00 到 2026-03-09 13:59:59
[2026-03-09 14:00:01] ℹ su_web 該時段內無資料變動，未生成有效 SQL。
[2026-03-09 14:00:01] ℹ sm_m2 該時段內無資料變動，未生成有效 SQL。
[2026-03-09 14:00:01] ℹ 備份檔案完成
[2026-03-09 14:30:02] 開始轉換時間範圍: 2026-03-09 13:00:00 到 2026-03-09 13:59:59
[2026-03-09 14:30:02] ℹ su_web 該時段內無資料變動，未生成有效 SQL。
[2026-03-09 14:30:02] ℹ sm_m2 該時段內無資料變動，未生成有效 SQL。
[2026-03-09 14:30:02] ℹ 備份檔案完成
[2026-03-09 15:00:01] 開始轉換時間範圍: 2026-03-09 14:00:00 到 2026-03-09 14:59:59
[2026-03-09 15:00:01] ℹ su_web 該時段內無資料變動，未生成有效 SQL。
[2026-03-09 15:00:01] ℹ sm_m2 該時段內無資料變動，未生成有效 SQL。
[2026-03-09 15:00:01] ℹ 備份檔案完成
[2026-03-09 15:30:01] 開始轉換時間範圍: 2026-03-09 14:00:00 到 2026-03-09 14:59:59
[2026-03-09 15:30:01] ℹ su_web 該時段內無資料變動，未生成有效 SQL。
[2026-03-09 15:30:01] ℹ sm_m2 該時段內無資料變動，未生成有效 SQL。
[2026-03-09 15:30:01] ℹ 備份檔案完成
[2026-03-09 16:00:01] 開始轉換時間範圍: 2026-03-09 15:00:00 到 2026-03-09 15:59:59
[2026-03-09 16:00:01] ✓ su_web 完成: /mnt/web/www/hksu/.db/files/2026/03/09/20260309_15_Backup_su_web.sql.zip
[2026-03-09 16:00:01] ℹ sm_m2 該時段內無資料變動，未生成有效 SQL。
[2026-03-09 16:00:01] ℹ 備份檔案，提交 Git 。
[2026-03-09 16:00:01] ℹ 備份檔案，add . 完成。
[2026-03-09 16:00:01] ℹ 備份檔案，commit -m backup 20260309_15 完成。
[2026-03-09 16:00:01] ℹ 備份檔案，開始 push。
[2026-03-09 16:00:03] ℹ 備份檔案完成
[2026-03-09 16:30:01] 開始轉換時間範圍: 2026-03-09 15:00:00 到 2026-03-09 15:59:59
[2026-03-09 16:30:01] ✓ su_web 完成: /mnt/web/www/hksu/.db/files/2026/03/09/20260309_15_Backup_su_web.sql.zip
[2026-03-09 16:30:01] ℹ sm_m2 該時段內無資料變動，未生成有效 SQL。
[2026-03-09 16:30:01] ℹ 備份檔案，提交 Git 。
[2026-03-09 16:30:02] ℹ 備份檔案，add . 完成。
[2026-03-09 16:30:02] ℹ 備份檔案，commit -m backup 20260309_15 完成。
[2026-03-09 16:30:02] ℹ 備份檔案，開始 push。
[2026-03-09 16:30:03] ℹ 備份檔案完成
[2026-03-09 17:00:01] 開始轉換時間範圍: 2026-03-09 16:00:00 到 2026-03-09 16:59:59
[2026-03-09 17:00:02] ℹ su_web 該時段內無資料變動，未生成有效 SQL。
[2026-03-09 17:00:02] ℹ sm_m2 該時段內無資料變動，未生成有效 SQL。
[2026-03-09 17:00:02] ℹ 備份檔案完成
[2026-03-09 17:30:02] 開始轉換時間範圍: 2026-03-09 16:00:00 到 2026-03-09 16:59:59
[2026-03-09 17:30:02] ℹ su_web 該時段內無資料變動，未生成有效 SQL。
[2026-03-09 17:30:02] ℹ sm_m2 該時段內無資料變動，未生成有效 SQL。
[2026-03-09 17:30:02] ℹ 備份檔案完成
[2026-03-09 18:00:01] 開始轉換時間範圍: 2026-03-09 17:00:00 到 2026-03-09 17:59:59
[2026-03-09 18:00:01] ℹ su_web 該時段內無資料變動，未生成有效 SQL。
[2026-03-09 18:00:01] ℹ sm_m2 該時段內無資料變動，未生成有效 SQL。
[2026-03-09 18:00:01] ℹ 備份檔案完成
[2026-03-09 18:30:02] 開始轉換時間範圍: 2026-03-09 17:00:00 到 2026-03-09 17:59:59
[2026-03-09 18:30:02] ℹ su_web 該時段內無資料變動，未生成有效 SQL。
[2026-03-09 18:30:02] ℹ sm_m2 該時段內無資料變動，未生成有效 SQL。
[2026-03-09 18:30:02] ℹ 備份檔案完成
[2026-03-09 19:00:01] 開始轉換時間範圍: 2026-03-09 18:00:00 到 2026-03-09 18:59:59
[2026-03-09 19:00:01] ℹ su_web 該時段內無資料變動，未生成有效 SQL。
[2026-03-09 19:00:01] ℹ sm_m2 該時段內無資料變動，未生成有效 SQL。
[2026-03-09 19:00:02] ℹ 備份檔案完成
[2026-03-09 19:30:01] 開始轉換時間範圍: 2026-03-09 18:00:00 到 2026-03-09 18:59:59
[2026-03-09 19:30:01] ℹ su_web 該時段內無資料變動，未生成有效 SQL。
[2026-03-09 19:30:01] ℹ sm_m2 該時段內無資料變動，未生成有效 SQL。
[2026-03-09 19:30:01] ℹ 備份檔案完成
[2026-03-09 20:00:01] 開始轉換時間範圍: 2026-03-09 19:00:00 到 2026-03-09 19:59:59
[2026-03-09 20:00:01] ℹ su_web 該時段內無資料變動，未生成有效 SQL。
[2026-03-09 20:00:01] ℹ sm_m2 該時段內無資料變動，未生成有效 SQL。
[2026-03-09 20:00:01] ℹ 備份檔案完成
[2026-03-09 20:30:01] 開始轉換時間範圍: 2026-03-09 19:00:00 到 2026-03-09 19:59:59
[2026-03-09 20:30:01] ℹ su_web 該時段內無資料變動，未生成有效 SQL。
[2026-03-09 20:30:01] ℹ sm_m2 該時段內無資料變動，未生成有效 SQL。
[2026-03-09 20:30:02] ℹ 備份檔案完成
[2026-03-09 21:00:02] 開始轉換時間範圍: 2026-03-09 20:00:00 到 2026-03-09 20:59:59
[2026-03-09 21:00:02] ℹ su_web 該時段內無資料變動，未生成有效 SQL。
[2026-03-09 21:00:02] ℹ sm_m2 該時段內無資料變動，未生成有效 SQL。
[2026-03-09 21:00:02] ℹ 備份檔案完成
[2026-03-09 21:30:01] 開始轉換時間範圍: 2026-03-09 20:00:00 到 2026-03-09 20:59:59
[2026-03-09 21:30:01] ℹ su_web 該時段內無資料變動，未生成有效 SQL。
[2026-03-09 21:30:02] ℹ sm_m2 該時段內無資料變動，未生成有效 SQL。
[2026-03-09 21:30:02] ℹ 備份檔案完成
[2026-03-09 22:00:01] 開始轉換時間範圍: 2026-03-09 21:00:00 到 2026-03-09 21:59:59
[2026-03-09 22:00:01] ℹ su_web 該時段內無資料變動，未生成有效 SQL。
[2026-03-09 22:00:01] ℹ sm_m2 該時段內無資料變動，未生成有效 SQL。
[2026-03-09 22:00:01] ℹ 備份檔案完成
[2026-03-09 22:30:01] 開始轉換時間範圍: 2026-03-09 21:00:00 到 2026-03-09 21:59:59
[2026-03-09 22:30:01] ℹ su_web 該時段內無資料變動，未生成有效 SQL。
[2026-03-09 22:30:01] ℹ sm_m2 該時段內無資料變動，未生成有效 SQL。
[2026-03-09 22:30:02] ℹ 備份檔案完成
[2026-03-09 23:00:01] 開始轉換時間範圍: 2026-03-09 22:00:00 到 2026-03-09 22:59:59
[2026-03-09 23:00:01] ℹ su_web 該時段內無資料變動，未生成有效 SQL。
[2026-03-09 23:00:01] ℹ sm_m2 該時段內無資料變動，未生成有效 SQL。
[2026-03-09 23:00:01] ℹ 備份檔案完成
[2026-03-09 23:30:01] 開始轉換時間範圍: 2026-03-09 22:00:00 到 2026-03-09 22:59:59
[2026-03-09 23:30:01] ℹ su_web 該時段內無資料變動，未生成有效 SQL。
[2026-03-09 23:30:01] ℹ sm_m2 該時段內無資料變動，未生成有效 SQL。
[2026-03-09 23:30:01] ℹ 備份檔案完成
[2026-03-10 00:00:01] 開始轉換時間範圍: 2026-03-09 23:00:00 到 2026-03-09 23:59:59
[2026-03-10 00:00:01] ℹ su_web 該時段內無資料變動，未生成有效 SQL。
[2026-03-10 00:00:01] ℹ sm_m2 該時段內無資料變動，未生成有效 SQL。
[2026-03-10 00:00:01] ℹ 備份檔案完成
[2026-03-10 00:30:02] 開始轉換時間範圍: 2026-03-09 23:00:00 到 2026-03-09 23:59:59
[2026-03-10 00:30:02] ℹ su_web 該時段內無資料變動，未生成有效 SQL。
[2026-03-10 00:30:02] ℹ sm_m2 該時段內無資料變動，未生成有效 SQL。
[2026-03-10 00:30:02] ℹ 備份檔案完成
[2026-03-10 01:00:01] 開始轉換時間範圍: 2026-03-10 00:00:00 到 2026-03-10 00:59:59
[2026-03-10 01:00:02] ℹ su_web 該時段內無資料變動，未生成有效 SQL。
[2026-03-10 01:00:02] ℹ sm_m2 該時段內無資料變動，未生成有效 SQL。
[2026-03-10 01:00:02] ℹ 備份檔案完成
[2026-03-10 01:30:01] 開始轉換時間範圍: 2026-03-10 00:00:00 到 2026-03-10 00:59:59
[2026-03-10 01:30:01] ℹ su_web 該時段內無資料變動，未生成有效 SQL。
[2026-03-10 01:30:01] ℹ sm_m2 該時段內無資料變動，未生成有效 SQL。
[2026-03-10 01:30:01] ℹ 備份檔案完成
[2026-03-10 02:00:01] 開始轉換時間範圍: 2026-03-10 01:00:00 到 2026-03-10 01:59:59
[2026-03-10 02:00:01] ℹ su_web 該時段內無資料變動，未生成有效 SQL。
[2026-03-10 02:00:01] ℹ sm_m2 該時段內無資料變動，未生成有效 SQL。
[2026-03-10 02:00:01] ℹ 備份檔案完成
[2026-03-10 02:30:02] 開始轉換時間範圍: 2026-03-10 01:00:00 到 2026-03-10 01:59:59
[2026-03-10 02:30:02] ℹ su_web 該時段內無資料變動，未生成有效 SQL。
[2026-03-10 02:30:02] ℹ sm_m2 該時段內無資料變動，未生成有效 SQL。
[2026-03-10 02:30:02] ℹ 備份檔案完成
[2026-03-10 03:00:02] 開始轉換時間範圍: 2026-03-10 02:00:00 到 2026-03-10 02:59:59
[2026-03-10 03:00:02] ℹ su_web 該時段內無資料變動，未生成有效 SQL。
[2026-03-10 03:00:02] ℹ sm_m2 該時段內無資料變動，未生成有效 SQL。
[2026-03-10 03:00:02] ℹ 備份檔案完成
[2026-03-10 03:30:01] 開始轉換時間範圍: 2026-03-10 02:00:00 到 2026-03-10 02:59:59
[2026-03-10 03:30:01] ℹ su_web 該時段內無資料變動，未生成有效 SQL。
[2026-03-10 03:30:01] ℹ sm_m2 該時段內無資料變動，未生成有效 SQL。
[2026-03-10 03:30:01] ℹ 備份檔案完成
[2026-03-10 04:00:01] 開始轉換時間範圍: 2026-03-10 03:00:00 到 2026-03-10 03:59:59
[2026-03-10 04:00:01] ℹ su_web 該時段內無資料變動，未生成有效 SQL。
[2026-03-10 04:00:01] ℹ sm_m2 該時段內無資料變動，未生成有效 SQL。
[2026-03-10 04:00:01] ℹ 備份檔案完成
[2026-03-10 04:30:01] 開始轉換時間範圍: 2026-03-10 03:00:00 到 2026-03-10 03:59:59
[2026-03-10 04:30:01] ℹ su_web 該時段內無資料變動，未生成有效 SQL。
[2026-03-10 04:30:01] ℹ sm_m2 該時段內無資料變動，未生成有效 SQL。
[2026-03-10 04:30:01] ℹ 備份檔案完成
[2026-03-10 05:00:01] 開始轉換時間範圍: 2026-03-10 04:00:00 到 2026-03-10 04:59:59
[2026-03-10 05:00:01] ℹ su_web 該時段內無資料變動，未生成有效 SQL。
[2026-03-10 05:00:01] ℹ sm_m2 該時段內無資料變動，未生成有效 SQL。
[2026-03-10 05:00:01] ℹ 備份檔案完成
[2026-03-10 05:30:01] 開始轉換時間範圍: 2026-03-10 04:00:00 到 2026-03-10 04:59:59
[2026-03-10 05:30:01] ℹ su_web 該時段內無資料變動，未生成有效 SQL。
[2026-03-10 05:30:01] ℹ sm_m2 該時段內無資料變動，未生成有效 SQL。
[2026-03-10 05:30:01] ℹ 備份檔案完成
[2026-03-10 06:00:01] 開始轉換時間範圍: 2026-03-10 05:00:00 到 2026-03-10 05:59:59
[2026-03-10 06:00:01] ℹ su_web 該時段內無資料變動，未生成有效 SQL。
[2026-03-10 06:00:01] ℹ sm_m2 該時段內無資料變動，未生成有效 SQL。
[2026-03-10 06:00:01] ℹ 備份檔案完成
[2026-03-10 06:30:01] 開始轉換時間範圍: 2026-03-10 05:00:00 到 2026-03-10 05:59:59
[2026-03-10 06:30:01] ℹ su_web 該時段內無資料變動，未生成有效 SQL。
[2026-03-10 06:30:01] ℹ sm_m2 該時段內無資料變動，未生成有效 SQL。
[2026-03-10 06:30:02] ℹ 備份檔案完成
[2026-03-10 07:00:01] 開始轉換時間範圍: 2026-03-10 06:00:00 到 2026-03-10 06:59:59
[2026-03-10 07:00:01] ℹ su_web 該時段內無資料變動，未生成有效 SQL。
[2026-03-10 07:00:01] ℹ sm_m2 該時段內無資料變動，未生成有效 SQL。
[2026-03-10 07:00:01] ℹ 備份檔案完成
[2026-03-10 07:30:01] 開始轉換時間範圍: 2026-03-10 06:00:00 到 2026-03-10 06:59:59
[2026-03-10 07:30:02] ℹ su_web 該時段內無資料變動，未生成有效 SQL。
[2026-03-10 07:30:02] ℹ sm_m2 該時段內無資料變動，未生成有效 SQL。
[2026-03-10 07:30:02] ℹ 備份檔案完成
[2026-03-10 08:00:01] 開始轉換時間範圍: 2026-03-10 07:00:00 到 2026-03-10 07:59:59
[2026-03-10 08:00:01] ℹ su_web 該時段內無資料變動，未生成有效 SQL。
[2026-03-10 08:00:01] ℹ sm_m2 該時段內無資料變動，未生成有效 SQL。
[2026-03-10 08:00:01] ℹ 備份檔案完成
[2026-03-10 08:30:01] 開始轉換時間範圍: 2026-03-10 07:00:00 到 2026-03-10 07:59:59
[2026-03-10 08:30:01] ℹ su_web 該時段內無資料變動，未生成有效 SQL。
[2026-03-10 08:30:01] ℹ sm_m2 該時段內無資料變動，未生成有效 SQL。
[2026-03-10 08:30:01] ℹ 備份檔案完成
[2026-03-10 09:00:01] 開始轉換時間範圍: 2026-03-10 08:00:00 到 2026-03-10 08:59:59
[2026-03-10 09:00:01] ℹ su_web 該時段內無資料變動，未生成有效 SQL。
[2026-03-10 09:00:01] ℹ sm_m2 該時段內無資料變動，未生成有效 SQL。
[2026-03-10 09:00:01] ℹ 備份檔案完成
[2026-03-10 09:30:01] 開始轉換時間範圍: 2026-03-10 08:00:00 到 2026-03-10 08:59:59
[2026-03-10 09:30:01] ℹ su_web 該時段內無資料變動，未生成有效 SQL。
[2026-03-10 09:30:01] ℹ sm_m2 該時段內無資料變動，未生成有效 SQL。
[2026-03-10 09:30:01] ℹ 備份檔案完成
[2026-03-10 10:00:01] 開始轉換時間範圍: 2026-03-10 09:00:00 到 2026-03-10 09:59:59
[2026-03-10 10:00:01] ℹ su_web 該時段內無資料變動，未生成有效 SQL。
[2026-03-10 10:00:01] ℹ sm_m2 該時段內無資料變動，未生成有效 SQL。
[2026-03-10 10:00:01] ℹ 備份檔案完成
[2026-03-10 10:30:01] 開始轉換時間範圍: 2026-03-10 09:00:00 到 2026-03-10 09:59:59
[2026-03-10 10:30:01] ℹ su_web 該時段內無資料變動，未生成有效 SQL。
[2026-03-10 10:30:01] ℹ sm_m2 該時段內無資料變動，未生成有效 SQL。
[2026-03-10 10:30:02] ℹ 備份檔案完成
[2026-03-10 11:00:01] 開始轉換時間範圍: 2026-03-10 10:00:00 到 2026-03-10 10:59:59
[2026-03-10 11:00:01] ℹ su_web 該時段內無資料變動，未生成有效 SQL。
[2026-03-10 11:00:01] ℹ sm_m2 該時段內無資料變動，未生成有效 SQL。
[2026-03-10 11:00:01] ℹ 備份檔案完成
[2026-03-10 11:30:01] 開始轉換時間範圍: 2026-03-10 10:00:00 到 2026-03-10 10:59:59
[2026-03-10 11:30:01] ℹ su_web 該時段內無資料變動，未生成有效 SQL。
[2026-03-10 11:30:01] ℹ sm_m2 該時段內無資料變動，未生成有效 SQL。
[2026-03-10 11:30:01] ℹ 備份檔案完成
[2026-03-10 12:00:01] 開始轉換時間範圍: 2026-03-10 11:00:00 到 2026-03-10 11:59:59
[2026-03-10 12:00:01] ℹ su_web 該時段內無資料變動，未生成有效 SQL。
[2026-03-10 12:00:01] ℹ sm_m2 該時段內無資料變動，未生成有效 SQL。
[2026-03-10 12:00:01] ℹ 備份檔案完成
[2026-03-10 12:30:01] 開始轉換時間範圍: 2026-03-10 11:00:00 到 2026-03-10 11:59:59
[2026-03-10 12:30:01] ℹ su_web 該時段內無資料變動，未生成有效 SQL。
[2026-03-10 12:30:01] ℹ sm_m2 該時段內無資料變動，未生成有效 SQL。
[2026-03-10 12:30:01] ℹ 備份檔案完成
[2026-03-10 13:00:01] 開始轉換時間範圍: 2026-03-10 12:00:00 到 2026-03-10 12:59:59
[2026-03-10 13:00:01] ℹ su_web 該時段內無資料變動，未生成有效 SQL。
[2026-03-10 13:00:01] ℹ sm_m2 該時段內無資料變動，未生成有效 SQL。
[2026-03-10 13:00:01] ℹ 備份檔案完成
[2026-03-10 13:30:01] 開始轉換時間範圍: 2026-03-10 12:00:00 到 2026-03-10 12:59:59
[2026-03-10 13:30:01] ℹ su_web 該時段內無資料變動，未生成有效 SQL。
[2026-03-10 13:30:01] ℹ sm_m2 該時段內無資料變動，未生成有效 SQL。
[2026-03-10 13:30:02] ℹ 備份檔案完成
[2026-03-10 14:00:01] 開始轉換時間範圍: 2026-03-10 13:00:00 到 2026-03-10 13:59:59
[2026-03-10 14:00:01] ℹ su_web 該時段內無資料變動，未生成有效 SQL。
[2026-03-10 14:00:01] ℹ sm_m2 該時段內無資料變動，未生成有效 SQL。
[2026-03-10 14:00:01] ℹ 備份檔案完成
[2026-03-10 14:30:02] 開始轉換時間範圍: 2026-03-10 13:00:00 到 2026-03-10 13:59:59
[2026-03-10 14:30:02] ℹ su_web 該時段內無資料變動，未生成有效 SQL。
[2026-03-10 14:30:02] ℹ sm_m2 該時段內無資料變動，未生成有效 SQL。
[2026-03-10 14:30:02] ℹ 備份檔案完成
[2026-03-10 15:00:01] 開始轉換時間範圍: 2026-03-10 14:00:00 到 2026-03-10 14:59:59
[2026-03-10 15:00:01] ℹ su_web 該時段內無資料變動，未生成有效 SQL。
[2026-03-10 15:00:01] ℹ sm_m2 該時段內無資料變動，未生成有效 SQL。
[2026-03-10 15:00:02] ℹ 備份檔案完成
[2026-03-10 15:30:01] 開始轉換時間範圍: 2026-03-10 14:00:00 到 2026-03-10 14:59:59
[2026-03-10 15:30:01] ℹ su_web 該時段內無資料變動，未生成有效 SQL。
[2026-03-10 15:30:01] ℹ sm_m2 該時段內無資料變動，未生成有效 SQL。
[2026-03-10 15:30:01] ℹ 備份檔案完成
[2026-03-10 16:00:01] 開始轉換時間範圍: 2026-03-10 15:00:00 到 2026-03-10 15:59:59
[2026-03-10 16:00:01] ℹ su_web 該時段內無資料變動，未生成有效 SQL。
[2026-03-10 16:00:01] ℹ sm_m2 該時段內無資料變動，未生成有效 SQL。
[2026-03-10 16:00:01] ℹ 備份檔案完成
[2026-03-10 16:30:01] 開始轉換時間範圍: 2026-03-10 15:00:00 到 2026-03-10 15:59:59
[2026-03-10 16:30:01] ℹ su_web 該時段內無資料變動，未生成有效 SQL。
[2026-03-10 16:30:01] ℹ sm_m2 該時段內無資料變動，未生成有效 SQL。
[2026-03-10 16:30:02] ℹ 備份檔案完成
[2026-03-10 17:00:01] 開始轉換時間範圍: 2026-03-10 16:00:00 到 2026-03-10 16:59:59
[2026-03-10 17:00:01] ℹ su_web 該時段內無資料變動，未生成有效 SQL。
[2026-03-10 17:00:01] ℹ sm_m2 該時段內無資料變動，未生成有效 SQL。
[2026-03-10 17:00:01] ℹ 備份檔案完成
[2026-03-10 17:30:01] 開始轉換時間範圍: 2026-03-10 16:00:00 到 2026-03-10 16:59:59
[2026-03-10 17:30:01] ℹ su_web 該時段內無資料變動，未生成有效 SQL。
[2026-03-10 17:30:01] ℹ sm_m2 該時段內無資料變動，未生成有效 SQL。
[2026-03-10 17:30:01] ℹ 備份檔案完成
[2026-03-10 18:00:01] 開始轉換時間範圍: 2026-03-10 17:00:00 到 2026-03-10 17:59:59
[2026-03-10 18:00:01] ℹ su_web 該時段內無資料變動，未生成有效 SQL。
[2026-03-10 18:00:02] ℹ sm_m2 該時段內無資料變動，未生成有效 SQL。
[2026-03-10 18:00:02] ℹ 備份檔案完成
[2026-03-10 18:30:02] 開始轉換時間範圍: 2026-03-10 17:00:00 到 2026-03-10 17:59:59
[2026-03-10 18:30:02] ℹ su_web 該時段內無資料變動，未生成有效 SQL。
[2026-03-10 18:30:02] ℹ sm_m2 該時段內無資料變動，未生成有效 SQL。
[2026-03-10 18:30:02] ℹ 備份檔案完成
[2026-03-10 19:00:01] 開始轉換時間範圍: 2026-03-10 18:00:00 到 2026-03-10 18:59:59
[2026-03-10 19:00:01] ℹ su_web 該時段內無資料變動，未生成有效 SQL。
[2026-03-10 19:00:01] ℹ sm_m2 該時段內無資料變動，未生成有效 SQL。
[2026-03-10 19:00:01] ℹ 備份檔案完成
[2026-03-10 19:30:01] 開始轉換時間範圍: 2026-03-10 18:00:00 到 2026-03-10 18:59:59
[2026-03-10 19:30:01] ℹ su_web 該時段內無資料變動，未生成有效 SQL。
[2026-03-10 19:30:01] ℹ sm_m2 該時段內無資料變動，未生成有效 SQL。
[2026-03-10 19:30:01] ℹ 備份檔案完成
[2026-03-10 20:00:01] 開始轉換時間範圍: 2026-03-10 19:00:00 到 2026-03-10 19:59:59
[2026-03-10 20:00:01] ℹ su_web 該時段內無資料變動，未生成有效 SQL。
[2026-03-10 20:00:01] ℹ sm_m2 該時段內無資料變動，未生成有效 SQL。
[2026-03-10 20:00:01] ℹ 備份檔案完成
[2026-03-10 20:30:01] 開始轉換時間範圍: 2026-03-10 19:00:00 到 2026-03-10 19:59:59
[2026-03-10 20:30:01] ℹ su_web 該時段內無資料變動，未生成有效 SQL。
[2026-03-10 20:30:01] ℹ sm_m2 該時段內無資料變動，未生成有效 SQL。
[2026-03-10 20:30:01] ℹ 備份檔案完成
[2026-03-10 21:00:01] 開始轉換時間範圍: 2026-03-10 20:00:00 到 2026-03-10 20:59:59
[2026-03-10 21:00:01] ℹ su_web 該時段內無資料變動，未生成有效 SQL。
[2026-03-10 21:00:01] ℹ sm_m2 該時段內無資料變動，未生成有效 SQL。
[2026-03-10 21:00:01] ℹ 備份檔案完成
[2026-03-10 21:30:01] 開始轉換時間範圍: 2026-03-10 20:00:00 到 2026-03-10 20:59:59
[2026-03-10 21:30:01] ℹ su_web 該時段內無資料變動，未生成有效 SQL。
[2026-03-10 21:30:01] ℹ sm_m2 該時段內無資料變動，未生成有效 SQL。
[2026-03-10 21:30:01] ℹ 備份檔案完成
[2026-03-10 22:00:01] 開始轉換時間範圍: 2026-03-10 21:00:00 到 2026-03-10 21:59:59
[2026-03-10 22:00:01] ℹ su_web 該時段內無資料變動，未生成有效 SQL。
[2026-03-10 22:00:01] ℹ sm_m2 該時段內無資料變動，未生成有效 SQL。
[2026-03-10 22:00:01] ℹ 備份檔案完成
[2026-03-10 22:30:01] 開始轉換時間範圍: 2026-03-10 21:00:00 到 2026-03-10 21:59:59
[2026-03-10 22:30:01] ℹ su_web 該時段內無資料變動，未生成有效 SQL。
[2026-03-10 22:30:01] ℹ sm_m2 該時段內無資料變動，未生成有效 SQL。
[2026-03-10 22:30:01] ℹ 備份檔案完成
[2026-03-10 23:00:01] 開始轉換時間範圍: 2026-03-10 22:00:00 到 2026-03-10 22:59:59
[2026-03-10 23:00:01] ℹ su_web 該時段內無資料變動，未生成有效 SQL。
[2026-03-10 23:00:01] ℹ sm_m2 該時段內無資料變動，未生成有效 SQL。
[2026-03-10 23:00:01] ℹ 備份檔案完成
[2026-03-10 23:30:02] 開始轉換時間範圍: 2026-03-10 22:00:00 到 2026-03-10 22:59:59
[2026-03-10 23:30:02] ℹ su_web 該時段內無資料變動，未生成有效 SQL。
[2026-03-10 23:30:02] ℹ sm_m2 該時段內無資料變動，未生成有效 SQL。
[2026-03-10 23:30:02] ℹ 備份檔案完成
[2026-03-11 00:00:01] 開始轉換時間範圍: 2026-03-10 23:00:00 到 2026-03-10 23:59:59
[2026-03-11 00:00:01] ✓ su_web 完成: /mnt/web/www/hksu/.db/files/2026/03/11/20260310_23_Backup_su_web.sql.zip
[2026-03-11 00:00:01] ℹ sm_m2 該時段內無資料變動，未生成有效 SQL。
[2026-03-11 00:00:01] ℹ 備份檔案，提交 Git 。
