[2026-09-01 00:00:02] 開始轉換時間範圍: 2026-08-31 23:00:00 到 2026-08-31 23:59:59
[2026-09-01 00:00:02] ℹ su_web 該時段內無資料變動，未生成有效 SQL。
[2026-09-01 00:00:02] ℹ sm_m2 該時段內無資料變動，未生成有效 SQL。
[2026-09-01 00:00:02] ℹ 備份檔案完成
[2026-09-01 00:30:02] 開始轉換時間範圍: 2026-08-31 23:00:00 到 2026-08-31 23:59:59
[2026-09-01 00:30:02] ℹ su_web 該時段內無資料變動，未生成有效 SQL。
[2026-09-01 00:30:02] ℹ sm_m2 該時段內無資料變動，未生成有效 SQL。
[2026-09-01 00:30:02] ℹ 備份檔案完成
[2026-09-01 01:00:02] 開始轉換時間範圍: 2026-09-01 00:00:00 到 2026-09-01 00:59:59
[2026-09-01 01:00:02] ℹ su_web 該時段內無資料變動，未生成有效 SQL。
[2026-09-01 01:00:02] ℹ sm_m2 該時段內無資料變動，未生成有效 SQL。
[2026-09-01 01:00:02] ℹ 備份檔案完成
[2026-09-01 01:30:01] 開始轉換時間範圍: 2026-09-01 00:00:00 到 2026-09-01 00:59:59
[2026-09-01 01:30:01] ℹ su_web 該時段內無資料變動，未生成有效 SQL。
[2026-09-01 01:30:02] ℹ sm_m2 該時段內無資料變動，未生成有效 SQL。
[2026-09-01 01:30:02] ℹ 備份檔案完成
[2026-09-01 02:00:01] 開始轉換時間範圍: 2026-09-01 01:00:00 到 2026-09-01 01:59:59
[2026-09-01 02:00:01] ℹ su_web 該時段內無資料變動，未生成有效 SQL。
[2026-09-01 02:00:01] ℹ sm_m2 該時段內無資料變動，未生成有效 SQL。
[2026-09-01 02:00:02] ℹ 備份檔案完成
[2026-09-01 02:30:01] 開始轉換時間範圍: 2026-09-01 01:00:00 到 2026-09-01 01:59:59
[2026-09-01 02:30:02] ℹ su_web 該時段內無資料變動，未生成有效 SQL。
[2026-09-01 02:30:02] ℹ sm_m2 該時段內無資料變動，未生成有效 SQL。
[2026-09-01 02:30:02] ℹ 備份檔案完成
[2026-09-01 03:00:01] 開始轉換時間範圍: 2026-09-01 02:00:00 到 2026-09-01 02:59:59
[2026-09-01 03:00:01] ℹ su_web 該時段內無資料變動，未生成有效 SQL。
[2026-09-01 03:00:01] ℹ sm_m2 該時段內無資料變動，未生成有效 SQL。
[2026-09-01 03:00:01] ℹ 備份檔案完成
[2026-09-01 03:30:01] 開始轉換時間範圍: 2026-09-01 02:00:00 到 2026-09-01 02:59:59
[2026-09-01 03:30:01] ℹ su_web 該時段內無資料變動，未生成有效 SQL。
[2026-09-01 03:30:01] ℹ sm_m2 該時段內無資料變動，未生成有效 SQL。
[2026-09-01 03:30:02] ℹ 備份檔案完成
[2026-09-01 04:00:01] 開始轉換時間範圍: 2026-09-01 03:00:00 到 2026-09-01 03:59:59
[2026-09-01 04:00:01] ℹ su_web 該時段內無資料變動，未生成有效 SQL。
[2026-09-01 04:00:01] ℹ sm_m2 該時段內無資料變動，未生成有效 SQL。
[2026-09-01 04:00:01] ℹ 備份檔案完成
[2026-09-01 04:30:01] 開始轉換時間範圍: 2026-09-01 03:00:00 到 2026-09-01 03:59:59
[2026-09-01 04:30:01] ℹ su_web 該時段內無資料變動，未生成有效 SQL。
[2026-09-01 04:30:01] ℹ sm_m2 該時段內無資料變動，未生成有效 SQL。
[2026-09-01 04:30:02] ℹ 備份檔案完成
[2026-09-01 05:00:02] 開始轉換時間範圍: 2026-09-01 04:00:00 到 2026-09-01 04:59:59
[2026-09-01 05:00:02] ℹ su_web 該時段內無資料變動，未生成有效 SQL。
[2026-09-01 05:00:02] ℹ sm_m2 該時段內無資料變動，未生成有效 SQL。
[2026-09-01 05:00:02] ℹ 備份檔案完成
[2026-09-01 05:30:01] 開始轉換時間範圍: 2026-09-01 04:00:00 到 2026-09-01 04:59:59
[2026-09-01 05:30:01] ℹ su_web 該時段內無資料變動，未生成有效 SQL。
[2026-09-01 05:30:01] ℹ sm_m2 該時段內無資料變動，未生成有效 SQL。
[2026-09-01 05:30:01] ℹ 備份檔案完成
[2026-09-01 06:00:01] 開始轉換時間範圍: 2026-09-01 05:00:00 到 2026-09-01 05:59:59
[2026-09-01 06:00:01] ℹ su_web 該時段內無資料變動，未生成有效 SQL。
[2026-09-01 06:00:01] ℹ sm_m2 該時段內無資料變動，未生成有效 SQL。
[2026-09-01 06:00:02] ℹ 備份檔案完成
[2026-09-01 06:30:01] 開始轉換時間範圍: 2026-09-01 05:00:00 到 2026-09-01 05:59:59
[2026-09-01 06:30:01] ℹ su_web 該時段內無資料變動，未生成有效 SQL。
[2026-09-01 06:30:01] ℹ sm_m2 該時段內無資料變動，未生成有效 SQL。
[2026-09-01 06:30:01] ℹ 備份檔案完成
[2026-09-01 07:00:01] 開始轉換時間範圍: 2026-09-01 06:00:00 到 2026-09-01 06:59:59
[2026-09-01 07:00:01] ℹ su_web 該時段內無資料變動，未生成有效 SQL。
[2026-09-01 07:00:01] ℹ sm_m2 該時段內無資料變動，未生成有效 SQL。
[2026-09-01 07:00:01] ℹ 備份檔案完成
[2026-09-01 07:30:01] 開始轉換時間範圍: 2026-09-01 06:00:00 到 2026-09-01 06:59:59
[2026-09-01 07:30:01] ℹ su_web 該時段內無資料變動，未生成有效 SQL。
[2026-09-01 07:30:01] ℹ sm_m2 該時段內無資料變動，未生成有效 SQL。
[2026-09-01 07:30:01] ℹ 備份檔案完成
[2026-09-01 08:00:01] 開始轉換時間範圍: 2026-09-01 07:00:00 到 2026-09-01 07:59:59
[2026-09-01 08:00:01] ℹ su_web 該時段內無資料變動，未生成有效 SQL。
[2026-09-01 08:00:01] ℹ sm_m2 該時段內無資料變動，未生成有效 SQL。
[2026-09-01 08:00:01] ℹ 備份檔案完成
[2026-09-01 08:30:01] 開始轉換時間範圍: 2026-09-01 07:00:00 到 2026-09-01 07:59:59
[2026-09-01 08:30:01] ℹ su_web 該時段內無資料變動，未生成有效 SQL。
[2026-09-01 08:30:01] ℹ sm_m2 該時段內無資料變動，未生成有效 SQL。
[2026-09-01 08:30:02] ℹ 備份檔案完成
[2026-09-01 09:00:01] 開始轉換時間範圍: 2026-09-01 08:00:00 到 2026-09-01 08:59:59
[2026-09-01 09:00:01] ℹ su_web 該時段內無資料變動，未生成有效 SQL。
[2026-09-01 09:00:01] ℹ sm_m2 該時段內無資料變動，未生成有效 SQL。
[2026-09-01 09:00:02] ℹ 備份檔案完成
[2026-09-01 09:30:01] 開始轉換時間範圍: 2026-09-01 08:00:00 到 2026-09-01 08:59:59
[2026-09-01 09:30:01] ℹ su_web 該時段內無資料變動，未生成有效 SQL。
[2026-09-01 09:30:01] ℹ sm_m2 該時段內無資料變動，未生成有效 SQL。
[2026-09-01 09:30:01] ℹ 備份檔案完成
[2026-09-01 10:00:01] 開始轉換時間範圍: 2026-09-01 09:00:00 到 2026-09-01 09:59:59
[2026-09-01 10:00:01] ℹ su_web 該時段內無資料變動，未生成有效 SQL。
[2026-09-01 10:00:01] ℹ sm_m2 該時段內無資料變動，未生成有效 SQL。
[2026-09-01 10:00:01] ℹ 備份檔案完成
[2026-09-01 10:30:01] 開始轉換時間範圍: 2026-09-01 09:00:00 到 2026-09-01 09:59:59
[2026-09-01 10:30:01] ℹ su_web 該時段內無資料變動，未生成有效 SQL。
[2026-09-01 10:30:01] ℹ sm_m2 該時段內無資料變動，未生成有效 SQL。
[2026-09-01 10:30:01] ℹ 備份檔案完成
[2026-09-01 11:00:01] 開始轉換時間範圍: 2026-09-01 10:00:00 到 2026-09-01 10:59:59
[2026-09-01 11:00:01] ℹ su_web 該時段內無資料變動，未生成有效 SQL。
[2026-09-01 11:00:01] ℹ sm_m2 該時段內無資料變動，未生成有效 SQL。
[2026-09-01 11:00:01] ℹ 備份檔案完成
[2026-09-01 11:30:02] 開始轉換時間範圍: 2026-09-01 10:00:00 到 2026-09-01 10:59:59
[2026-09-01 11:30:02] ℹ su_web 該時段內無資料變動，未生成有效 SQL。
[2026-09-01 11:30:02] ℹ sm_m2 該時段內無資料變動，未生成有效 SQL。
[2026-09-01 11:30:02] ℹ 備份檔案完成
[2026-09-01 12:00:01] 開始轉換時間範圍: 2026-09-01 11:00:00 到 2026-09-01 11:59:59
[2026-09-01 12:00:02] ℹ su_web 該時段內無資料變動，未生成有效 SQL。
[2026-09-01 12:00:02] ℹ sm_m2 該時段內無資料變動，未生成有效 SQL。
[2026-09-01 12:00:02] ℹ 備份檔案完成
[2026-09-01 12:30:01] 開始轉換時間範圍: 2026-09-01 11:00:00 到 2026-09-01 11:59:59
[2026-09-01 12:30:01] ℹ su_web 該時段內無資料變動，未生成有效 SQL。
[2026-09-01 12:30:01] ℹ sm_m2 該時段內無資料變動，未生成有效 SQL。
[2026-09-01 12:30:01] ℹ 備份檔案完成
[2026-09-01 13:00:01] 開始轉換時間範圍: 2026-09-01 12:00:00 到 2026-09-01 12:59:59
[2026-09-01 13:00:01] ℹ su_web 該時段內無資料變動，未生成有效 SQL。
[2026-09-01 13:00:01] ℹ sm_m2 該時段內無資料變動，未生成有效 SQL。
[2026-09-01 13:00:01] ℹ 備份檔案完成
[2026-09-01 13:30:01] 開始轉換時間範圍: 2026-09-01 12:00:00 到 2026-09-01 12:59:59
[2026-09-01 13:30:01] ℹ su_web 該時段內無資料變動，未生成有效 SQL。
[2026-09-01 13:30:01] ℹ sm_m2 該時段內無資料變動，未生成有效 SQL。
[2026-09-01 13:30:01] ℹ 備份檔案完成
[2026-09-01 14:00:02] 開始轉換時間範圍: 2026-09-01 13:00:00 到 2026-09-01 13:59:59
[2026-09-01 14:00:02] ℹ su_web 該時段內無資料變動，未生成有效 SQL。
[2026-09-01 14:00:02] ℹ sm_m2 該時段內無資料變動，未生成有效 SQL。
[2026-09-01 14:00:02] ℹ 備份檔案完成
[2026-09-01 14:30:01] 開始轉換時間範圍: 2026-09-01 13:00:00 到 2026-09-01 13:59:59
[2026-09-01 14:30:02] ℹ su_web 該時段內無資料變動，未生成有效 SQL。
[2026-09-01 14:30:02] ℹ sm_m2 該時段內無資料變動，未生成有效 SQL。
[2026-09-01 14:30:02] ℹ 備份檔案完成
[2026-09-01 15:00:01] 開始轉換時間範圍: 2026-09-01 14:00:00 到 2026-09-01 14:59:59
[2026-09-01 15:00:01] ℹ su_web 該時段內無資料變動，未生成有效 SQL。
[2026-09-01 15:00:01] ℹ sm_m2 該時段內無資料變動，未生成有效 SQL。
[2026-09-01 15:00:02] ℹ 備份檔案完成
[2026-09-01 15:30:01] 開始轉換時間範圍: 2026-09-01 14:00:00 到 2026-09-01 14:59:59
[2026-09-01 15:30:01] ℹ su_web 該時段內無資料變動，未生成有效 SQL。
[2026-09-01 15:30:02] ℹ sm_m2 該時段內無資料變動，未生成有效 SQL。
[2026-09-01 15:30:02] ℹ 備份檔案完成
[2026-09-01 16:00:01] 開始轉換時間範圍: 2026-09-01 15:00:00 到 2026-09-01 15:59:59
[2026-09-01 16:00:01] ℹ su_web 該時段內無資料變動，未生成有效 SQL。
[2026-09-01 16:00:01] ℹ sm_m2 該時段內無資料變動，未生成有效 SQL。
[2026-09-01 16:00:01] ℹ 備份檔案完成
[2026-09-01 16:30:01] 開始轉換時間範圍: 2026-09-01 15:00:00 到 2026-09-01 15:59:59
[2026-09-01 16:30:01] ℹ su_web 該時段內無資料變動，未生成有效 SQL。
[2026-09-01 16:30:01] ℹ sm_m2 該時段內無資料變動，未生成有效 SQL。
[2026-09-01 16:30:01] ℹ 備份檔案完成
[2026-09-01 17:00:01] 開始轉換時間範圍: 2026-09-01 16:00:00 到 2026-09-01 16:59:59
[2026-09-01 17:00:01] ℹ su_web 該時段內無資料變動，未生成有效 SQL。
[2026-09-01 17:00:01] ℹ sm_m2 該時段內無資料變動，未生成有效 SQL。
[2026-09-01 17:00:01] ℹ 備份檔案完成
[2026-09-01 17:30:01] 開始轉換時間範圍: 2026-09-01 16:00:00 到 2026-09-01 16:59:59
[2026-09-01 17:30:02] ℹ su_web 該時段內無資料變動，未生成有效 SQL。
[2026-09-01 17:30:02] ℹ sm_m2 該時段內無資料變動，未生成有效 SQL。
[2026-09-01 17:30:02] ℹ 備份檔案完成
[2026-09-01 18:00:01] 開始轉換時間範圍: 2026-09-01 17:00:00 到 2026-09-01 17:59:59
[2026-09-01 18:00:01] ℹ su_web 該時段內無資料變動，未生成有效 SQL。
[2026-09-01 18:00:01] ℹ sm_m2 該時段內無資料變動，未生成有效 SQL。
[2026-09-01 18:00:01] ℹ 備份檔案完成
[2026-09-01 18:30:01] 開始轉換時間範圍: 2026-09-01 17:00:00 到 2026-09-01 17:59:59
[2026-09-01 18:30:01] ℹ su_web 該時段內無資料變動，未生成有效 SQL。
[2026-09-01 18:30:01] ℹ sm_m2 該時段內無資料變動，未生成有效 SQL。
[2026-09-01 18:30:01] ℹ 備份檔案完成
[2026-09-01 19:00:01] 開始轉換時間範圍: 2026-09-01 18:00:00 到 2026-09-01 18:59:59
[2026-09-01 19:00:01] ℹ su_web 該時段內無資料變動，未生成有效 SQL。
[2026-09-01 19:00:01] ℹ sm_m2 該時段內無資料變動，未生成有效 SQL。
[2026-09-01 19:00:01] ℹ 備份檔案完成
[2026-09-01 19:30:01] 開始轉換時間範圍: 2026-09-01 18:00:00 到 2026-09-01 18:59:59
[2026-09-01 19:30:01] ℹ su_web 該時段內無資料變動，未生成有效 SQL。
[2026-09-01 19:30:01] ℹ sm_m2 該時段內無資料變動，未生成有效 SQL。
[2026-09-01 19:30:01] ℹ 備份檔案完成
[2026-09-01 20:00:02] 開始轉換時間範圍: 2026-09-01 19:00:00 到 2026-09-01 19:59:59
[2026-09-01 20:00:02] ℹ su_web 該時段內無資料變動，未生成有效 SQL。
[2026-09-01 20:00:02] ℹ sm_m2 該時段內無資料變動，未生成有效 SQL。
[2026-09-01 20:00:02] ℹ 備份檔案完成
[2026-09-01 20:30:03] 開始轉換時間範圍: 2026-09-01 19:00:00 到 2026-09-01 19:59:59
[2026-09-01 20:30:03] ℹ su_web 該時段內無資料變動，未生成有效 SQL。
[2026-09-01 20:30:03] ℹ sm_m2 該時段內無資料變動，未生成有效 SQL。
[2026-09-01 20:30:03] ℹ 備份檔案完成
[2026-09-01 21:00:02] 開始轉換時間範圍: 2026-09-01 20:00:00 到 2026-09-01 20:59:59
[2026-09-01 21:00:02] ℹ su_web 該時段內無資料變動，未生成有效 SQL。
[2026-09-01 21:00:03] ℹ sm_m2 該時段內無資料變動，未生成有效 SQL。
[2026-09-01 21:00:04] ℹ 備份檔案完成
[2026-09-01 21:30:01] 開始轉換時間範圍: 2026-09-01 20:00:00 到 2026-09-01 20:59:59
[2026-09-01 21:30:01] ℹ su_web 該時段內無資料變動，未生成有效 SQL。
[2026-09-01 21:30:01] ℹ sm_m2 該時段內無資料變動，未生成有效 SQL。
[2026-09-01 21:30:01] ℹ 備份檔案完成
[2026-09-01 22:00:01] 開始轉換時間範圍: 2026-09-01 21:00:00 到 2026-09-01 21:59:59
[2026-09-01 22:00:01] ℹ su_web 該時段內無資料變動，未生成有效 SQL。
[2026-09-01 22:00:01] ℹ sm_m2 該時段內無資料變動，未生成有效 SQL。
[2026-09-01 22:00:01] ℹ 備份檔案完成
[2026-09-01 22:30:01] 開始轉換時間範圍: 2026-09-01 21:00:00 到 2026-09-01 21:59:59
[2026-09-01 22:30:01] ℹ su_web 該時段內無資料變動，未生成有效 SQL。
[2026-09-01 22:30:01] ℹ sm_m2 該時段內無資料變動，未生成有效 SQL。
[2026-09-01 22:30:01] ℹ 備份檔案完成
[2026-09-01 23:00:01] 開始轉換時間範圍: 2026-09-01 22:00:00 到 2026-09-01 22:59:59
[2026-09-01 23:00:01] ℹ su_web 該時段內無資料變動，未生成有效 SQL。
[2026-09-01 23:00:02] ℹ sm_m2 該時段內無資料變動，未生成有效 SQL。
[2026-09-01 23:00:02] ℹ 備份檔案完成
[2026-09-01 23:30:01] 開始轉換時間範圍: 2026-09-01 22:00:00 到 2026-09-01 22:59:59
[2026-09-01 23:30:02] ℹ su_web 該時段內無資料變動，未生成有效 SQL。
[2026-09-01 23:30:02] ℹ sm_m2 該時段內無資料變動，未生成有效 SQL。
[2026-09-01 23:30:02] ℹ 備份檔案完成
[2026-09-02 00:00:01] 開始轉換時間範圍: 2026-09-01 23:00:00 到 2026-09-01 23:59:59
[2026-09-02 00:00:01] ℹ su_web 該時段內無資料變動，未生成有效 SQL。
[2026-09-02 00:00:02] ℹ sm_m2 該時段內無資料變動，未生成有效 SQL。
[2026-09-02 00:00:02] ℹ 備份檔案完成
[2026-09-02 00:30:01] 開始轉換時間範圍: 2026-09-01 23:00:00 到 2026-09-01 23:59:59
[2026-09-02 00:30:01] ℹ su_web 該時段內無資料變動，未生成有效 SQL。
[2026-09-02 00:30:01] ℹ sm_m2 該時段內無資料變動，未生成有效 SQL。
[2026-09-02 00:30:02] ℹ 備份檔案完成
[2026-09-02 01:00:01] 開始轉換時間範圍: 2026-09-02 00:00:00 到 2026-09-02 00:59:59
[2026-09-02 01:00:01] ℹ su_web 該時段內無資料變動，未生成有效 SQL。
[2026-09-02 01:00:01] ℹ sm_m2 該時段內無資料變動，未生成有效 SQL。
[2026-09-02 01:00:01] ℹ 備份檔案完成
[2026-09-02 01:30:01] 開始轉換時間範圍: 2026-09-02 00:00:00 到 2026-09-02 00:59:59
[2026-09-02 01:30:01] ℹ su_web 該時段內無資料變動，未生成有效 SQL。
[2026-09-02 01:30:02] ℹ sm_m2 該時段內無資料變動，未生成有效 SQL。
[2026-09-02 01:30:02] ℹ 備份檔案完成
[2026-09-02 02:00:01] 開始轉換時間範圍: 2026-09-02 01:00:00 到 2026-09-02 01:59:59
[2026-09-02 02:00:01] ℹ su_web 該時段內無資料變動，未生成有效 SQL。
[2026-09-02 02:00:01] ℹ sm_m2 該時段內無資料變動，未生成有效 SQL。
[2026-09-02 02:00:02] ℹ 備份檔案完成
[2026-09-02 02:30:01] 開始轉換時間範圍: 2026-09-02 01:00:00 到 2026-09-02 01:59:59
[2026-09-02 02:30:01] ℹ su_web 該時段內無資料變動，未生成有效 SQL。
[2026-09-02 02:30:02] ℹ sm_m2 該時段內無資料變動，未生成有效 SQL。
[2026-09-02 02:30:02] ℹ 備份檔案完成
[2026-09-02 03:00:01] 開始轉換時間範圍: 2026-09-02 02:00:00 到 2026-09-02 02:59:59
[2026-09-02 03:00:02] ℹ su_web 該時段內無資料變動，未生成有效 SQL。
[2026-09-02 03:00:02] ℹ sm_m2 該時段內無資料變動，未生成有效 SQL。
[2026-09-02 03:00:03] ℹ 備份檔案完成
[2026-09-02 03:30:01] 開始轉換時間範圍: 2026-09-02 02:00:00 到 2026-09-02 02:59:59
[2026-09-02 03:30:01] ℹ su_web 該時段內無資料變動，未生成有效 SQL。
[2026-09-02 03:30:01] ℹ sm_m2 該時段內無資料變動，未生成有效 SQL。
[2026-09-02 03:30:01] ℹ 備份檔案完成
[2026-09-02 04:00:01] 開始轉換時間範圍: 2026-09-02 03:00:00 到 2026-09-02 03:59:59
[2026-09-02 04:00:01] ℹ su_web 該時段內無資料變動，未生成有效 SQL。
[2026-09-02 04:00:01] ℹ sm_m2 該時段內無資料變動，未生成有效 SQL。
[2026-09-02 04:00:01] ℹ 備份檔案完成
[2026-09-02 04:30:02] 開始轉換時間範圍: 2026-09-02 03:00:00 到 2026-09-02 03:59:59
[2026-09-02 04:30:02] ℹ su_web 該時段內無資料變動，未生成有效 SQL。
[2026-09-02 04:30:02] ℹ sm_m2 該時段內無資料變動，未生成有效 SQL。
[2026-09-02 04:30:02] ℹ 備份檔案完成
[2026-09-02 05:00:02] 開始轉換時間範圍: 2026-09-02 04:00:00 到 2026-09-02 04:59:59
[2026-09-02 05:00:02] ℹ su_web 該時段內無資料變動，未生成有效 SQL。
[2026-09-02 05:00:02] ℹ sm_m2 該時段內無資料變動，未生成有效 SQL。
[2026-09-02 05:00:03] ℹ 備份檔案完成
[2026-09-02 05:30:01] 開始轉換時間範圍: 2026-09-02 04:00:00 到 2026-09-02 04:59:59
[2026-09-02 05:30:01] ℹ su_web 該時段內無資料變動，未生成有效 SQL。
[2026-09-02 05:30:01] ℹ sm_m2 該時段內無資料變動，未生成有效 SQL。
[2026-09-02 05:30:02] ℹ 備份檔案完成
[2026-09-02 06:00:01] 開始轉換時間範圍: 2026-09-02 05:00:00 到 2026-09-02 05:59:59
[2026-09-02 06:00:01] ℹ su_web 該時段內無資料變動，未生成有效 SQL。
[2026-09-02 06:00:01] ℹ sm_m2 該時段內無資料變動，未生成有效 SQL。
[2026-09-02 06:00:01] ℹ 備份檔案完成
[2026-09-02 06:30:01] 開始轉換時間範圍: 2026-09-02 05:00:00 到 2026-09-02 05:59:59
[2026-09-02 06:30:01] ℹ su_web 該時段內無資料變動，未生成有效 SQL。
[2026-09-02 06:30:01] ℹ sm_m2 該時段內無資料變動，未生成有效 SQL。
[2026-09-02 06:30:01] ℹ 備份檔案完成
[2026-09-02 07:00:01] 開始轉換時間範圍: 2026-09-02 06:00:00 到 2026-09-02 06:59:59
[2026-09-02 07:00:01] ℹ su_web 該時段內無資料變動，未生成有效 SQL。
[2026-09-02 07:00:02] ℹ sm_m2 該時段內無資料變動，未生成有效 SQL。
[2026-09-02 07:00:02] ℹ 備份檔案完成
[2026-09-02 07:30:02] 開始轉換時間範圍: 2026-09-02 06:00:00 到 2026-09-02 06:59:59
[2026-09-02 07:30:02] ℹ su_web 該時段內無資料變動，未生成有效 SQL。
[2026-09-02 07:30:02] ℹ sm_m2 該時段內無資料變動，未生成有效 SQL。
[2026-09-02 07:30:02] ℹ 備份檔案完成
[2026-09-02 08:00:01] 開始轉換時間範圍: 2026-09-02 07:00:00 到 2026-09-02 07:59:59
[2026-09-02 08:00:01] ℹ su_web 該時段內無資料變動，未生成有效 SQL。
[2026-09-02 08:00:01] ℹ sm_m2 該時段內無資料變動，未生成有效 SQL。
[2026-09-02 08:00:01] ℹ 備份檔案完成
[2026-09-02 08:30:01] 開始轉換時間範圍: 2026-09-02 07:00:00 到 2026-09-02 07:59:59
[2026-09-02 08:30:01] ℹ su_web 該時段內無資料變動，未生成有效 SQL。
[2026-09-02 08:30:01] ℹ sm_m2 該時段內無資料變動，未生成有效 SQL。
[2026-09-02 08:30:02] ℹ 備份檔案完成
[2026-09-02 09:00:02] 開始轉換時間範圍: 2026-09-02 08:00:00 到 2026-09-02 08:59:59
[2026-09-02 09:00:02] ℹ su_web 該時段內無資料變動，未生成有效 SQL。
[2026-09-02 09:00:03] ℹ sm_m2 該時段內無資料變動，未生成有效 SQL。
[2026-09-02 09:00:03] ℹ 備份檔案完成
[2026-09-02 09:30:01] 開始轉換時間範圍: 2026-09-02 08:00:00 到 2026-09-02 08:59:59
[2026-09-02 09:30:02] ℹ su_web 該時段內無資料變動，未生成有效 SQL。
[2026-09-02 09:30:02] ℹ sm_m2 該時段內無資料變動，未生成有效 SQL。
[2026-09-02 09:30:02] ℹ 備份檔案完成
[2026-09-02 10:00:01] 開始轉換時間範圍: 2026-09-02 09:00:00 到 2026-09-02 09:59:59
[2026-09-02 10:00:01] ℹ su_web 該時段內無資料變動，未生成有效 SQL。
[2026-09-02 10:00:01] ℹ sm_m2 該時段內無資料變動，未生成有效 SQL。
[2026-09-02 10:00:01] ℹ 備份檔案完成
[2026-09-02 10:30:01] 開始轉換時間範圍: 2026-09-02 09:00:00 到 2026-09-02 09:59:59
[2026-09-02 10:30:01] ℹ su_web 該時段內無資料變動，未生成有效 SQL。
[2026-09-02 10:30:01] ℹ sm_m2 該時段內無資料變動，未生成有效 SQL。
[2026-09-02 10:30:02] ℹ 備份檔案完成
[2026-09-02 11:00:01] 開始轉換時間範圍: 2026-09-02 10:00:00 到 2026-09-02 10:59:59
[2026-09-02 11:00:01] ℹ su_web 該時段內無資料變動，未生成有效 SQL。
[2026-09-02 11:00:01] ℹ sm_m2 該時段內無資料變動，未生成有效 SQL。
[2026-09-02 11:00:01] ℹ 備份檔案完成
[2026-09-02 11:30:02] 開始轉換時間範圍: 2026-09-02 10:00:00 到 2026-09-02 10:59:59
[2026-09-02 11:30:02] ℹ su_web 該時段內無資料變動，未生成有效 SQL。
[2026-09-02 11:30:02] ℹ sm_m2 該時段內無資料變動，未生成有效 SQL。
[2026-09-02 11:30:02] ℹ 備份檔案完成
[2026-09-02 12:00:01] 開始轉換時間範圍: 2026-09-02 11:00:00 到 2026-09-02 11:59:59
[2026-09-02 12:00:01] ℹ su_web 該時段內無資料變動，未生成有效 SQL。
[2026-09-02 12:00:01] ℹ sm_m2 該時段內無資料變動，未生成有效 SQL。
[2026-09-02 12:00:01] ℹ 備份檔案完成
[2026-09-02 12:30:01] 開始轉換時間範圍: 2026-09-02 11:00:00 到 2026-09-02 11:59:59
[2026-09-02 12:30:01] ℹ su_web 該時段內無資料變動，未生成有效 SQL。
[2026-09-02 12:30:01] ℹ sm_m2 該時段內無資料變動，未生成有效 SQL。
[2026-09-02 12:30:02] ℹ 備份檔案完成
[2026-09-02 13:00:01] 開始轉換時間範圍: 2026-09-02 12:00:00 到 2026-09-02 12:59:59
[2026-09-02 13:00:01] ℹ su_web 該時段內無資料變動，未生成有效 SQL。
[2026-09-02 13:00:01] ℹ sm_m2 該時段內無資料變動，未生成有效 SQL。
[2026-09-02 13:00:01] ℹ 備份檔案完成
[2026-09-02 13:30:02] 開始轉換時間範圍: 2026-09-02 12:00:00 到 2026-09-02 12:59:59
[2026-09-02 13:30:02] ℹ su_web 該時段內無資料變動，未生成有效 SQL。
[2026-09-02 13:30:02] ℹ sm_m2 該時段內無資料變動，未生成有效 SQL。
[2026-09-02 13:30:02] ℹ 備份檔案完成
[2026-09-02 14:00:02] 開始轉換時間範圍: 2026-09-02 13:00:00 到 2026-09-02 13:59:59
[2026-09-02 14:00:02] ℹ su_web 該時段內無資料變動，未生成有效 SQL。
[2026-09-02 14:00:02] ℹ sm_m2 該時段內無資料變動，未生成有效 SQL。
[2026-09-02 14:00:02] ℹ 備份檔案完成
[2026-09-02 14:30:01] 開始轉換時間範圍: 2026-09-02 13:00:00 到 2026-09-02 13:59:59
[2026-09-02 14:30:01] ℹ su_web 該時段內無資料變動，未生成有效 SQL。
[2026-09-02 14:30:01] ℹ sm_m2 該時段內無資料變動，未生成有效 SQL。
[2026-09-02 14:30:02] ℹ 備份檔案完成
[2026-09-02 15:00:01] 開始轉換時間範圍: 2026-09-02 14:00:00 到 2026-09-02 14:59:59
[2026-09-02 15:00:01] ℹ su_web 該時段內無資料變動，未生成有效 SQL。
[2026-09-02 15:00:01] ℹ sm_m2 該時段內無資料變動，未生成有效 SQL。
[2026-09-02 15:00:01] ℹ 備份檔案完成
[2026-09-02 15:30:01] 開始轉換時間範圍: 2026-09-02 14:00:00 到 2026-09-02 14:59:59
[2026-09-02 15:30:01] ℹ su_web 該時段內無資料變動，未生成有效 SQL。
[2026-09-02 15:30:02] ℹ sm_m2 該時段內無資料變動，未生成有效 SQL。
[2026-09-02 15:30:02] ℹ 備份檔案完成
[2026-09-02 16:00:02] 開始轉換時間範圍: 2026-09-02 15:00:00 到 2026-09-02 15:59:59
[2026-09-02 16:00:02] ℹ su_web 該時段內無資料變動，未生成有效 SQL。
[2026-09-02 16:00:02] ℹ sm_m2 該時段內無資料變動，未生成有效 SQL。
[2026-09-02 16:00:02] ℹ 備份檔案完成
[2026-09-02 16:30:02] 開始轉換時間範圍: 2026-09-02 15:00:00 到 2026-09-02 15:59:59
[2026-09-02 16:30:02] ℹ su_web 該時段內無資料變動，未生成有效 SQL。
[2026-09-02 16:30:02] ℹ sm_m2 該時段內無資料變動，未生成有效 SQL。
[2026-09-02 16:30:02] ℹ 備份檔案完成
[2026-09-02 17:00:01] 開始轉換時間範圍: 2026-09-02 16:00:00 到 2026-09-02 16:59:59
[2026-09-02 17:00:01] ℹ su_web 該時段內無資料變動，未生成有效 SQL。
[2026-09-02 17:00:01] ℹ sm_m2 該時段內無資料變動，未生成有效 SQL。
[2026-09-02 17:00:01] ℹ 備份檔案完成
[2026-09-02 17:30:01] 開始轉換時間範圍: 2026-09-02 16:00:00 到 2026-09-02 16:59:59
[2026-09-02 17:30:01] ℹ su_web 該時段內無資料變動，未生成有效 SQL。
[2026-09-02 17:30:01] ℹ sm_m2 該時段內無資料變動，未生成有效 SQL。
[2026-09-02 17:30:01] ℹ 備份檔案完成
[2026-09-02 18:00:02] 開始轉換時間範圍: 2026-09-02 17:00:00 到 2026-09-02 17:59:59
[2026-09-02 18:00:02] ℹ su_web 該時段內無資料變動，未生成有效 SQL。
[2026-09-02 18:00:02] ℹ sm_m2 該時段內無資料變動，未生成有效 SQL。
[2026-09-02 18:00:02] ℹ 備份檔案完成
[2026-09-02 18:30:02] 開始轉換時間範圍: 2026-09-02 17:00:00 到 2026-09-02 17:59:59
[2026-09-02 18:30:02] ℹ su_web 該時段內無資料變動，未生成有效 SQL。
[2026-09-02 18:30:02] ℹ sm_m2 該時段內無資料變動，未生成有效 SQL。
[2026-09-02 18:30:02] ℹ 備份檔案完成
[2026-09-02 19:00:02] 開始轉換時間範圍: 2026-09-02 18:00:00 到 2026-09-02 18:59:59
[2026-09-02 19:00:02] ℹ su_web 該時段內無資料變動，未生成有效 SQL。
[2026-09-02 19:00:02] ℹ sm_m2 該時段內無資料變動，未生成有效 SQL。
[2026-09-02 19:00:02] ℹ 備份檔案完成
[2026-09-02 19:30:01] 開始轉換時間範圍: 2026-09-02 18:00:00 到 2026-09-02 18:59:59
[2026-09-02 19:30:02] ℹ su_web 該時段內無資料變動，未生成有效 SQL。
[2026-09-02 19:30:02] ℹ sm_m2 該時段內無資料變動，未生成有效 SQL。
[2026-09-02 19:30:02] ℹ 備份檔案完成
[2026-09-02 20:00:01] 開始轉換時間範圍: 2026-09-02 19:00:00 到 2026-09-02 19:59:59
[2026-09-02 20:00:01] ℹ su_web 該時段內無資料變動，未生成有效 SQL。
[2026-09-02 20:00:01] ℹ sm_m2 該時段內無資料變動，未生成有效 SQL。
[2026-09-02 20:00:01] ℹ 備份檔案完成
[2026-09-02 20:30:01] 開始轉換時間範圍: 2026-09-02 19:00:00 到 2026-09-02 19:59:59
[2026-09-02 20:30:01] ℹ su_web 該時段內無資料變動，未生成有效 SQL。
[2026-09-02 20:30:01] ℹ sm_m2 該時段內無資料變動，未生成有效 SQL。
[2026-09-02 20:30:01] ℹ 備份檔案完成
[2026-09-02 21:00:02] 開始轉換時間範圍: 2026-09-02 20:00:00 到 2026-09-02 20:59:59
[2026-09-02 21:00:02] ℹ su_web 該時段內無資料變動，未生成有效 SQL。
[2026-09-02 21:00:02] ℹ sm_m2 該時段內無資料變動，未生成有效 SQL。
[2026-09-02 21:00:02] ℹ 備份檔案完成
[2026-09-02 21:30:01] 開始轉換時間範圍: 2026-09-02 20:00:00 到 2026-09-02 20:59:59
[2026-09-02 21:30:01] ℹ su_web 該時段內無資料變動，未生成有效 SQL。
[2026-09-02 21:30:01] ℹ sm_m2 該時段內無資料變動，未生成有效 SQL。
[2026-09-02 21:30:02] ℹ 備份檔案完成
[2026-09-02 22:00:01] 開始轉換時間範圍: 2026-09-02 21:00:00 到 2026-09-02 21:59:59
[2026-09-02 22:00:01] ℹ su_web 該時段內無資料變動，未生成有效 SQL。
[2026-09-02 22:00:02] ℹ sm_m2 該時段內無資料變動，未生成有效 SQL。
[2026-09-02 22:00:02] ℹ 備份檔案完成
[2026-09-02 22:30:01] 開始轉換時間範圍: 2026-09-02 21:00:00 到 2026-09-02 21:59:59
[2026-09-02 22:30:01] ℹ su_web 該時段內無資料變動，未生成有效 SQL。
[2026-09-02 22:30:01] ℹ sm_m2 該時段內無資料變動，未生成有效 SQL。
[2026-09-02 22:30:01] ℹ 備份檔案完成
[2026-09-02 23:00:01] 開始轉換時間範圍: 2026-09-02 22:00:00 到 2026-09-02 22:59:59
[2026-09-02 23:00:01] ℹ su_web 該時段內無資料變動，未生成有效 SQL。
[2026-09-02 23:00:01] ℹ sm_m2 該時段內無資料變動，未生成有效 SQL。
[2026-09-02 23:00:01] ℹ 備份檔案完成
[2026-09-02 23:30:01] 開始轉換時間範圍: 2026-09-02 22:00:00 到 2026-09-02 22:59:59
[2026-09-02 23:30:02] ℹ su_web 該時段內無資料變動，未生成有效 SQL。
[2026-09-02 23:30:02] ℹ sm_m2 該時段內無資料變動，未生成有效 SQL。
[2026-09-02 23:30:02] ℹ 備份檔案完成
[2026-09-03 00:00:01] 開始轉換時間範圍: 2026-09-02 23:00:00 到 2026-09-02 23:59:59
[2026-09-03 00:00:01] ℹ su_web 該時段內無資料變動，未生成有效 SQL。
[2026-09-03 00:00:01] ℹ sm_m2 該時段內無資料變動，未生成有效 SQL。
[2026-09-03 00:00:01] ℹ 備份檔案完成
[2026-09-03 00:30:01] 開始轉換時間範圍: 2026-09-02 23:00:00 到 2026-09-02 23:59:59
[2026-09-03 00:30:01] ℹ su_web 該時段內無資料變動，未生成有效 SQL。
[2026-09-03 00:30:01] ℹ sm_m2 該時段內無資料變動，未生成有效 SQL。
[2026-09-03 00:30:01] ℹ 備份檔案完成
[2026-09-03 01:00:01] 開始轉換時間範圍: 2026-09-03 00:00:00 到 2026-09-03 00:59:59
[2026-09-03 01:00:01] ℹ su_web 該時段內無資料變動，未生成有效 SQL。
[2026-09-03 01:00:01] ℹ sm_m2 該時段內無資料變動，未生成有效 SQL。
[2026-09-03 01:00:01] ℹ 備份檔案完成
[2026-09-03 01:30:01] 開始轉換時間範圍: 2026-09-03 00:00:00 到 2026-09-03 00:59:59
[2026-09-03 01:30:01] ℹ su_web 該時段內無資料變動，未生成有效 SQL。
[2026-09-03 01:30:02] ℹ sm_m2 該時段內無資料變動，未生成有效 SQL。
[2026-09-03 01:30:02] ℹ 備份檔案完成
[2026-09-03 02:00:01] 開始轉換時間範圍: 2026-09-03 01:00:00 到 2026-09-03 01:59:59
[2026-09-03 02:00:01] ℹ su_web 該時段內無資料變動，未生成有效 SQL。
[2026-09-03 02:00:01] ℹ sm_m2 該時段內無資料變動，未生成有效 SQL。
[2026-09-03 02:00:02] ℹ 備份檔案完成
[2026-09-03 02:30:02] 開始轉換時間範圍: 2026-09-03 01:00:00 到 2026-09-03 01:59:59
[2026-09-03 02:30:02] ℹ su_web 該時段內無資料變動，未生成有效 SQL。
[2026-09-03 02:30:02] ℹ sm_m2 該時段內無資料變動，未生成有效 SQL。
[2026-09-03 02:30:02] ℹ 備份檔案完成
[2026-09-03 03:00:01] 開始轉換時間範圍: 2026-09-03 02:00:00 到 2026-09-03 02:59:59
[2026-09-03 03:00:01] ℹ su_web 該時段內無資料變動，未生成有效 SQL。
[2026-09-03 03:00:01] ℹ sm_m2 該時段內無資料變動，未生成有效 SQL。
[2026-09-03 03:00:01] ℹ 備份檔案完成
[2026-09-03 03:30:01] 開始轉換時間範圍: 2026-09-03 02:00:00 到 2026-09-03 02:59:59
[2026-09-03 03:30:01] ℹ su_web 該時段內無資料變動，未生成有效 SQL。
[2026-09-03 03:30:01] ℹ sm_m2 該時段內無資料變動，未生成有效 SQL。
[2026-09-03 03:30:01] ℹ 備份檔案完成
[2026-09-03 04:00:01] 開始轉換時間範圍: 2026-09-03 03:00:00 到 2026-09-03 03:59:59
[2026-09-03 04:00:01] ℹ su_web 該時段內無資料變動，未生成有效 SQL。
[2026-09-03 04:00:01] ℹ sm_m2 該時段內無資料變動，未生成有效 SQL。
[2026-09-03 04:00:01] ℹ 備份檔案完成
[2026-09-03 04:30:01] 開始轉換時間範圍: 2026-09-03 03:00:00 到 2026-09-03 03:59:59
[2026-09-03 04:30:01] ℹ su_web 該時段內無資料變動，未生成有效 SQL。
[2026-09-03 04:30:01] ℹ sm_m2 該時段內無資料變動，未生成有效 SQL。
[2026-09-03 04:30:01] ℹ 備份檔案完成
[2026-09-03 05:00:02] 開始轉換時間範圍: 2026-09-03 04:00:00 到 2026-09-03 04:59:59
[2026-09-03 05:00:02] ℹ su_web 該時段內無資料變動，未生成有效 SQL。
[2026-09-03 05:00:02] ℹ sm_m2 該時段內無資料變動，未生成有效 SQL。
[2026-09-03 05:00:02] ℹ 備份檔案完成
[2026-09-03 05:30:01] 開始轉換時間範圍: 2026-09-03 04:00:00 到 2026-09-03 04:59:59
[2026-09-03 05:30:01] ℹ su_web 該時段內無資料變動，未生成有效 SQL。
[2026-09-03 05:30:01] ℹ sm_m2 該時段內無資料變動，未生成有效 SQL。
[2026-09-03 05:30:02] ℹ 備份檔案完成
[2026-09-03 06:00:01] 開始轉換時間範圍: 2026-09-03 05:00:00 到 2026-09-03 05:59:59
[2026-09-03 06:00:01] ℹ su_web 該時段內無資料變動，未生成有效 SQL。
[2026-09-03 06:00:01] ℹ sm_m2 該時段內無資料變動，未生成有效 SQL。
[2026-09-03 06:00:01] ℹ 備份檔案完成
[2026-09-03 06:30:01] 開始轉換時間範圍: 2026-09-03 05:00:00 到 2026-09-03 05:59:59
[2026-09-03 06:30:01] ℹ su_web 該時段內無資料變動，未生成有效 SQL。
[2026-09-03 06:30:01] ℹ sm_m2 該時段內無資料變動，未生成有效 SQL。
[2026-09-03 06:30:01] ℹ 備份檔案完成
[2026-09-03 07:00:01] 開始轉換時間範圍: 2026-09-03 06:00:00 到 2026-09-03 06:59:59
[2026-09-03 07:00:02] ℹ su_web 該時段內無資料變動，未生成有效 SQL。
[2026-09-03 07:00:02] ℹ sm_m2 該時段內無資料變動，未生成有效 SQL。
[2026-09-03 07:00:02] ℹ 備份檔案完成
[2026-09-03 07:30:01] 開始轉換時間範圍: 2026-09-03 06:00:00 到 2026-09-03 06:59:59
[2026-09-03 07:30:01] ℹ su_web 該時段內無資料變動，未生成有效 SQL。
[2026-09-03 07:30:01] ℹ sm_m2 該時段內無資料變動，未生成有效 SQL。
[2026-09-03 07:30:02] ℹ 備份檔案完成
[2026-09-03 08:00:01] 開始轉換時間範圍: 2026-09-03 07:00:00 到 2026-09-03 07:59:59
[2026-09-03 08:00:01] ℹ su_web 該時段內無資料變動，未生成有效 SQL。
[2026-09-03 08:00:01] ℹ sm_m2 該時段內無資料變動，未生成有效 SQL。
[2026-09-03 08:00:01] ℹ 備份檔案完成
[2026-09-03 08:30:01] 開始轉換時間範圍: 2026-09-03 07:00:00 到 2026-09-03 07:59:59
[2026-09-03 08:30:01] ℹ su_web 該時段內無資料變動，未生成有效 SQL。
[2026-09-03 08:30:01] ℹ sm_m2 該時段內無資料變動，未生成有效 SQL。
[2026-09-03 08:30:01] ℹ 備份檔案完成
[2026-09-03 09:00:01] 開始轉換時間範圍: 2026-09-03 08:00:00 到 2026-09-03 08:59:59
[2026-09-03 09:00:02] ℹ su_web 該時段內無資料變動，未生成有效 SQL。
[2026-09-03 09:00:02] ℹ sm_m2 該時段內無資料變動，未生成有效 SQL。
[2026-09-03 09:00:02] ℹ 備份檔案完成
[2026-09-03 09:30:01] 開始轉換時間範圍: 2026-09-03 08:00:00 到 2026-09-03 08:59:59
[2026-09-03 09:30:01] ℹ su_web 該時段內無資料變動，未生成有效 SQL。
[2026-09-03 09:30:01] ℹ sm_m2 該時段內無資料變動，未生成有效 SQL。
[2026-09-03 09:30:02] ℹ 備份檔案完成
[2026-09-03 10:00:01] 開始轉換時間範圍: 2026-09-03 09:00:00 到 2026-09-03 09:59:59
[2026-09-03 10:00:01] ℹ su_web 該時段內無資料變動，未生成有效 SQL。
[2026-09-03 10:00:01] ℹ sm_m2 該時段內無資料變動，未生成有效 SQL。
[2026-09-03 10:00:01] ℹ 備份檔案完成
[2026-09-03 10:30:01] 開始轉換時間範圍: 2026-09-03 09:00:00 到 2026-09-03 09:59:59
[2026-09-03 10:30:01] ℹ su_web 該時段內無資料變動，未生成有效 SQL。
[2026-09-03 10:30:01] ℹ sm_m2 該時段內無資料變動，未生成有效 SQL。
[2026-09-03 10:30:01] ℹ 備份檔案完成
[2026-09-03 11:00:01] 開始轉換時間範圍: 2026-09-03 10:00:00 到 2026-09-03 10:59:59
[2026-09-03 11:00:02] ℹ su_web 該時段內無資料變動，未生成有效 SQL。
[2026-09-03 11:00:02] ℹ sm_m2 該時段內無資料變動，未生成有效 SQL。
[2026-09-03 11:00:02] ℹ 備份檔案完成
[2026-09-03 11:30:02] 開始轉換時間範圍: 2026-09-03 10:00:00 到 2026-09-03 10:59:59
[2026-09-03 11:30:02] ℹ su_web 該時段內無資料變動，未生成有效 SQL。
[2026-09-03 11:30:02] ℹ sm_m2 該時段內無資料變動，未生成有效 SQL。
[2026-09-03 11:30:02] ℹ 備份檔案完成
[2026-09-03 12:00:01] 開始轉換時間範圍: 2026-09-03 11:00:00 到 2026-09-03 11:59:59
[2026-09-03 12:00:01] ℹ su_web 該時段內無資料變動，未生成有效 SQL。
[2026-09-03 12:00:01] ℹ sm_m2 該時段內無資料變動，未生成有效 SQL。
[2026-09-03 12:00:01] ℹ 備份檔案完成
[2026-09-03 12:30:01] 開始轉換時間範圍: 2026-09-03 11:00:00 到 2026-09-03 11:59:59
[2026-09-03 12:30:01] ℹ su_web 該時段內無資料變動，未生成有效 SQL。
[2026-09-03 12:30:01] ℹ sm_m2 該時段內無資料變動，未生成有效 SQL。
[2026-09-03 12:30:01] ℹ 備份檔案完成
[2026-09-03 13:00:01] 開始轉換時間範圍: 2026-09-03 12:00:00 到 2026-09-03 12:59:59
[2026-09-03 13:00:01] ℹ su_web 該時段內無資料變動，未生成有效 SQL。
[2026-09-03 13:00:01] ℹ sm_m2 該時段內無資料變動，未生成有效 SQL。
[2026-09-03 13:00:02] ℹ 備份檔案完成
[2026-09-03 13:30:01] 開始轉換時間範圍: 2026-09-03 12:00:00 到 2026-09-03 12:59:59
[2026-09-03 13:30:01] ℹ su_web 該時段內無資料變動，未生成有效 SQL。
[2026-09-03 13:30:01] ℹ sm_m2 該時段內無資料變動，未生成有效 SQL。
[2026-09-03 13:30:01] ℹ 備份檔案完成
[2026-09-03 14:00:01] 開始轉換時間範圍: 2026-09-03 13:00:00 到 2026-09-03 13:59:59
[2026-09-03 14:00:01] ℹ su_web 該時段內無資料變動，未生成有效 SQL。
[2026-09-03 14:00:01] ℹ sm_m2 該時段內無資料變動，未生成有效 SQL。
[2026-09-03 14:00:01] ℹ 備份檔案完成
[2026-09-03 14:30:01] 開始轉換時間範圍: 2026-09-03 13:00:00 到 2026-09-03 13:59:59
[2026-09-03 14:30:01] ℹ su_web 該時段內無資料變動，未生成有效 SQL。
[2026-09-03 14:30:01] ℹ sm_m2 該時段內無資料變動，未生成有效 SQL。
[2026-09-03 14:30:01] ℹ 備份檔案完成
[2026-09-03 15:00:01] 開始轉換時間範圍: 2026-09-03 14:00:00 到 2026-09-03 14:59:59
[2026-09-03 15:00:01] ✓ su_web 完成: /mnt/web/www/hksu/.db/files/2026/09/03/20260903_14_Backup_su_web.sql.zip
[2026-09-03 15:00:01] ℹ sm_m2 該時段內無資料變動，未生成有效 SQL。
[2026-09-03 15:00:01] ℹ 備份檔案，提交 Git 。
[2026-09-03 15:00:02] ℹ 備份檔案，add . 完成。
[2026-09-03 15:00:02] ℹ 備份檔案，commit -m backup 20260903_14 完成。
[2026-09-03 15:00:02] ℹ 備份檔案，開始 push。
[2026-09-03 15:00:04] ℹ 備份檔案完成
[2026-09-03 15:30:01] 開始轉換時間範圍: 2026-09-03 14:00:00 到 2026-09-03 14:59:59
[2026-09-03 15:30:01] ✓ su_web 完成: /mnt/web/www/hksu/.db/files/2026/09/03/20260903_14_Backup_su_web.sql.zip
[2026-09-03 15:30:01] ℹ sm_m2 該時段內無資料變動，未生成有效 SQL。
[2026-09-03 15:30:01] ℹ 備份檔案，提交 Git 。
[2026-09-03 15:30:01] ℹ 備份檔案，add . 完成。
[2026-09-03 15:30:01] ℹ 備份檔案，commit -m backup 20260903_14 完成。
[2026-09-03 15:30:01] ℹ 備份檔案，開始 push。
[2026-09-03 15:30:04] ℹ 備份檔案完成
[2026-09-03 16:00:01] 開始轉換時間範圍: 2026-09-03 15:00:00 到 2026-09-03 15:59:59
[2026-09-03 16:00:02] ℹ su_web 該時段內無資料變動，未生成有效 SQL。
[2026-09-03 16:00:02] ℹ sm_m2 該時段內無資料變動，未生成有效 SQL。
[2026-09-03 16:00:02] ℹ 備份檔案完成
[2026-09-03 16:30:01] 開始轉換時間範圍: 2026-09-03 15:00:00 到 2026-09-03 15:59:59
[2026-09-03 16:30:01] ℹ su_web 該時段內無資料變動，未生成有效 SQL。
[2026-09-03 16:30:01] ℹ sm_m2 該時段內無資料變動，未生成有效 SQL。
[2026-09-03 16:30:01] ℹ 備份檔案完成
[2026-09-03 17:00:01] 開始轉換時間範圍: 2026-09-03 16:00:00 到 2026-09-03 16:59:59
[2026-09-03 17:00:01] ℹ su_web 該時段內無資料變動，未生成有效 SQL。
[2026-09-03 17:00:01] ℹ sm_m2 該時段內無資料變動，未生成有效 SQL。
[2026-09-03 17:00:02] ℹ 備份檔案完成
[2026-09-03 17:30:01] 開始轉換時間範圍: 2026-09-03 16:00:00 到 2026-09-03 16:59:59
[2026-09-03 17:30:02] ℹ su_web 該時段內無資料變動，未生成有效 SQL。
[2026-09-03 17:30:02] ℹ sm_m2 該時段內無資料變動，未生成有效 SQL。
[2026-09-03 17:30:02] ℹ 備份檔案完成
[2026-09-03 18:00:01] 開始轉換時間範圍: 2026-09-03 17:00:00 到 2026-09-03 17:59:59
[2026-09-03 18:00:01] ℹ su_web 該時段內無資料變動，未生成有效 SQL。
[2026-09-03 18:00:01] ℹ sm_m2 該時段內無資料變動，未生成有效 SQL。
[2026-09-03 18:00:01] ℹ 備份檔案完成
[2026-09-03 18:30:02] 開始轉換時間範圍: 2026-09-03 17:00:00 到 2026-09-03 17:59:59
[2026-09-03 18:30:02] ℹ su_web 該時段內無資料變動，未生成有效 SQL。
[2026-09-03 18:30:02] ℹ sm_m2 該時段內無資料變動，未生成有效 SQL。
[2026-09-03 18:30:02] ℹ 備份檔案完成
[2026-09-03 19:00:01] 開始轉換時間範圍: 2026-09-03 18:00:00 到 2026-09-03 18:59:59
[2026-09-03 19:00:01] ℹ su_web 該時段內無資料變動，未生成有效 SQL。
[2026-09-03 19:00:01] ℹ sm_m2 該時段內無資料變動，未生成有效 SQL。
[2026-09-03 19:00:01] ℹ 備份檔案完成
[2026-09-03 19:30:01] 開始轉換時間範圍: 2026-09-03 18:00:00 到 2026-09-03 18:59:59
[2026-09-03 19:30:01] ℹ su_web 該時段內無資料變動，未生成有效 SQL。
[2026-09-03 19:30:01] ℹ sm_m2 該時段內無資料變動，未生成有效 SQL。
[2026-09-03 19:30:01] ℹ 備份檔案完成
[2026-09-03 20:00:01] 開始轉換時間範圍: 2026-09-03 19:00:00 到 2026-09-03 19:59:59
[2026-09-03 20:00:01] ℹ su_web 該時段內無資料變動，未生成有效 SQL。
[2026-09-03 20:00:01] ℹ sm_m2 該時段內無資料變動，未生成有效 SQL。
[2026-09-03 20:00:01] ℹ 備份檔案完成
[2026-09-03 20:30:01] 開始轉換時間範圍: 2026-09-03 19:00:00 到 2026-09-03 19:59:59
[2026-09-03 20:30:01] ℹ su_web 該時段內無資料變動，未生成有效 SQL。
[2026-09-03 20:30:01] ℹ sm_m2 該時段內無資料變動，未生成有效 SQL。
[2026-09-03 20:30:01] ℹ 備份檔案完成
[2026-09-03 21:00:01] 開始轉換時間範圍: 2026-09-03 20:00:00 到 2026-09-03 20:59:59
[2026-09-03 21:00:01] ℹ su_web 該時段內無資料變動，未生成有效 SQL。
[2026-09-03 21:00:01] ℹ sm_m2 該時段內無資料變動，未生成有效 SQL。
[2026-09-03 21:00:02] ℹ 備份檔案完成
[2026-09-03 21:30:01] 開始轉換時間範圍: 2026-09-03 20:00:00 到 2026-09-03 20:59:59
[2026-09-03 21:30:01] ℹ su_web 該時段內無資料變動，未生成有效 SQL。
[2026-09-03 21:30:01] ℹ sm_m2 該時段內無資料變動，未生成有效 SQL。
[2026-09-03 21:30:01] ℹ 備份檔案完成
[2026-09-03 22:00:01] 開始轉換時間範圍: 2026-09-03 21:00:00 到 2026-09-03 21:59:59
[2026-09-03 22:00:01] ℹ su_web 該時段內無資料變動，未生成有效 SQL。
[2026-09-03 22:00:01] ℹ sm_m2 該時段內無資料變動，未生成有效 SQL。
[2026-09-03 22:00:01] ℹ 備份檔案完成
[2026-09-03 22:30:01] 開始轉換時間範圍: 2026-09-03 21:00:00 到 2026-09-03 21:59:59
[2026-09-03 22:30:01] ℹ su_web 該時段內無資料變動，未生成有效 SQL。
[2026-09-03 22:30:01] ℹ sm_m2 該時段內無資料變動，未生成有效 SQL。
[2026-09-03 22:30:01] ℹ 備份檔案完成
[2026-09-03 23:00:01] 開始轉換時間範圍: 2026-09-03 22:00:00 到 2026-09-03 22:59:59
[2026-09-03 23:00:01] ℹ su_web 該時段內無資料變動，未生成有效 SQL。
[2026-09-03 23:00:01] ℹ sm_m2 該時段內無資料變動，未生成有效 SQL。
[2026-09-03 23:00:01] ℹ 備份檔案完成
[2026-09-03 23:30:01] 開始轉換時間範圍: 2026-09-03 22:00:00 到 2026-09-03 22:59:59
[2026-09-03 23:30:01] ℹ su_web 該時段內無資料變動，未生成有效 SQL。
[2026-09-03 23:30:01] ℹ sm_m2 該時段內無資料變動，未生成有效 SQL。
[2026-09-03 23:30:01] ℹ 備份檔案完成
[2026-09-04 00:00:01] 開始轉換時間範圍: 2026-09-03 23:00:00 到 2026-09-03 23:59:59
[2026-09-04 00:00:01] ℹ su_web 該時段內無資料變動，未生成有效 SQL。
[2026-09-04 00:00:01] ℹ sm_m2 該時段內無資料變動，未生成有效 SQL。
[2026-09-04 00:00:01] ℹ 備份檔案完成
[2026-09-04 00:30:02] 開始轉換時間範圍: 2026-09-03 23:00:00 到 2026-09-03 23:59:59
[2026-09-04 00:30:02] ℹ su_web 該時段內無資料變動，未生成有效 SQL。
[2026-09-04 00:30:02] ℹ sm_m2 該時段內無資料變動，未生成有效 SQL。
[2026-09-04 00:30:02] ℹ 備份檔案完成
[2026-09-04 01:00:01] 開始轉換時間範圍: 2026-09-04 00:00:00 到 2026-09-04 00:59:59
[2026-09-04 01:00:01] ℹ su_web 該時段內無資料變動，未生成有效 SQL。
[2026-09-04 01:00:01] ℹ sm_m2 該時段內無資料變動，未生成有效 SQL。
[2026-09-04 01:00:01] ℹ 備份檔案完成
[2026-09-04 01:30:01] 開始轉換時間範圍: 2026-09-04 00:00:00 到 2026-09-04 00:59:59
[2026-09-04 01:30:02] ℹ su_web 該時段內無資料變動，未生成有效 SQL。
[2026-09-04 01:30:02] ℹ sm_m2 該時段內無資料變動，未生成有效 SQL。
[2026-09-04 01:30:02] ℹ 備份檔案完成
[2026-09-04 02:00:01] 開始轉換時間範圍: 2026-09-04 01:00:00 到 2026-09-04 01:59:59
[2026-09-04 02:00:01] ℹ su_web 該時段內無資料變動，未生成有效 SQL。
[2026-09-04 02:00:01] ℹ sm_m2 該時段內無資料變動，未生成有效 SQL。
[2026-09-04 02:00:01] ℹ 備份檔案完成
[2026-09-04 02:30:01] 開始轉換時間範圍: 2026-09-04 01:00:00 到 2026-09-04 01:59:59
[2026-09-04 02:30:01] ℹ su_web 該時段內無資料變動，未生成有效 SQL。
[2026-09-04 02:30:01] ℹ sm_m2 該時段內無資料變動，未生成有效 SQL。
[2026-09-04 02:30:01] ℹ 備份檔案完成
[2026-09-04 03:00:01] 開始轉換時間範圍: 2026-09-04 02:00:00 到 2026-09-04 02:59:59
[2026-09-04 03:00:01] ℹ su_web 該時段內無資料變動，未生成有效 SQL。
[2026-09-04 03:00:01] ℹ sm_m2 該時段內無資料變動，未生成有效 SQL。
[2026-09-04 03:00:01] ℹ 備份檔案完成
[2026-09-04 03:30:01] 開始轉換時間範圍: 2026-09-04 02:00:00 到 2026-09-04 02:59:59
[2026-09-04 03:30:02] ℹ su_web 該時段內無資料變動，未生成有效 SQL。
[2026-09-04 03:30:02] ℹ sm_m2 該時段內無資料變動，未生成有效 SQL。
[2026-09-04 03:30:02] ℹ 備份檔案完成
[2026-09-04 04:00:01] 開始轉換時間範圍: 2026-09-04 03:00:00 到 2026-09-04 03:59:59
[2026-09-04 04:00:01] ℹ su_web 該時段內無資料變動，未生成有效 SQL。
[2026-09-04 04:00:01] ℹ sm_m2 該時段內無資料變動，未生成有效 SQL。
[2026-09-04 04:00:01] ℹ 備份檔案完成
[2026-09-04 04:30:01] 開始轉換時間範圍: 2026-09-04 03:00:00 到 2026-09-04 03:59:59
[2026-09-04 04:30:01] ℹ su_web 該時段內無資料變動，未生成有效 SQL。
[2026-09-04 04:30:01] ℹ sm_m2 該時段內無資料變動，未生成有效 SQL。
[2026-09-04 04:30:01] ℹ 備份檔案完成
[2026-09-04 05:00:02] 開始轉換時間範圍: 2026-09-04 04:00:00 到 2026-09-04 04:59:59
[2026-09-04 05:00:02] ℹ su_web 該時段內無資料變動，未生成有效 SQL。
[2026-09-04 05:00:02] ℹ sm_m2 該時段內無資料變動，未生成有效 SQL。
[2026-09-04 05:00:02] ℹ 備份檔案完成
[2026-09-04 05:30:01] 開始轉換時間範圍: 2026-09-04 04:00:00 到 2026-09-04 04:59:59
[2026-09-04 05:30:02] ℹ su_web 該時段內無資料變動，未生成有效 SQL。
[2026-09-04 05:30:02] ℹ sm_m2 該時段內無資料變動，未生成有效 SQL。
[2026-09-04 05:30:02] ℹ 備份檔案完成
[2026-09-04 06:00:01] 開始轉換時間範圍: 2026-09-04 05:00:00 到 2026-09-04 05:59:59
[2026-09-04 06:00:01] ℹ su_web 該時段內無資料變動，未生成有效 SQL。
[2026-09-04 06:00:01] ℹ sm_m2 該時段內無資料變動，未生成有效 SQL。
[2026-09-04 06:00:01] ℹ 備份檔案完成
[2026-09-04 06:30:01] 開始轉換時間範圍: 2026-09-04 05:00:00 到 2026-09-04 05:59:59
[2026-09-04 06:30:01] ℹ su_web 該時段內無資料變動，未生成有效 SQL。
[2026-09-04 06:30:02] ℹ sm_m2 該時段內無資料變動，未生成有效 SQL。
[2026-09-04 06:30:02] ℹ 備份檔案完成
[2026-09-04 07:00:01] 開始轉換時間範圍: 2026-09-04 06:00:00 到 2026-09-04 06:59:59
[2026-09-04 07:00:01] ℹ su_web 該時段內無資料變動，未生成有效 SQL。
[2026-09-04 07:00:01] ℹ sm_m2 該時段內無資料變動，未生成有效 SQL。
[2026-09-04 07:00:01] ℹ 備份檔案完成
[2026-09-04 07:30:01] 開始轉換時間範圍: 2026-09-04 06:00:00 到 2026-09-04 06:59:59
[2026-09-04 07:30:01] ℹ su_web 該時段內無資料變動，未生成有效 SQL。
[2026-09-04 07:30:01] ℹ sm_m2 該時段內無資料變動，未生成有效 SQL。
[2026-09-04 07:30:01] ℹ 備份檔案完成
[2026-09-04 08:00:01] 開始轉換時間範圍: 2026-09-04 07:00:00 到 2026-09-04 07:59:59
[2026-09-04 08:00:02] ℹ su_web 該時段內無資料變動，未生成有效 SQL。
[2026-09-04 08:00:02] ℹ sm_m2 該時段內無資料變動，未生成有效 SQL。
[2026-09-04 08:00:02] ℹ 備份檔案完成
[2026-09-04 08:30:02] 開始轉換時間範圍: 2026-09-04 07:00:00 到 2026-09-04 07:59:59
[2026-09-04 08:30:02] ℹ su_web 該時段內無資料變動，未生成有效 SQL。
[2026-09-04 08:30:02] ℹ sm_m2 該時段內無資料變動，未生成有效 SQL。
[2026-09-04 08:30:02] ℹ 備份檔案完成
[2026-09-04 09:00:01] 開始轉換時間範圍: 2026-09-04 08:00:00 到 2026-09-04 08:59:59
[2026-09-04 09:00:01] ℹ su_web 該時段內無資料變動，未生成有效 SQL。
[2026-09-04 09:00:01] ℹ sm_m2 該時段內無資料變動，未生成有效 SQL。
[2026-09-04 09:00:01] ℹ 備份檔案完成
[2026-09-04 09:30:02] 開始轉換時間範圍: 2026-09-04 08:00:00 到 2026-09-04 08:59:59
[2026-09-04 09:30:02] ℹ su_web 該時段內無資料變動，未生成有效 SQL。
[2026-09-04 09:30:02] ℹ sm_m2 該時段內無資料變動，未生成有效 SQL。
[2026-09-04 09:30:02] ℹ 備份檔案完成
[2026-09-04 10:00:01] 開始轉換時間範圍: 2026-09-04 09:00:00 到 2026-09-04 09:59:59
[2026-09-04 10:00:01] ℹ su_web 該時段內無資料變動，未生成有效 SQL。
[2026-09-04 10:00:01] ℹ sm_m2 該時段內無資料變動，未生成有效 SQL。
[2026-09-04 10:00:01] ℹ 備份檔案完成
[2026-09-04 10:30:01] 開始轉換時間範圍: 2026-09-04 09:00:00 到 2026-09-04 09:59:59
[2026-09-04 10:30:01] ℹ su_web 該時段內無資料變動，未生成有效 SQL。
[2026-09-04 10:30:01] ℹ sm_m2 該時段內無資料變動，未生成有效 SQL。
[2026-09-04 10:30:02] ℹ 備份檔案完成
[2026-09-04 11:00:01] 開始轉換時間範圍: 2026-09-04 10:00:00 到 2026-09-04 10:59:59
[2026-09-04 11:00:01] ℹ su_web 該時段內無資料變動，未生成有效 SQL。
[2026-09-04 11:00:01] ℹ sm_m2 該時段內無資料變動，未生成有效 SQL。
[2026-09-04 11:00:01] ℹ 備份檔案完成
[2026-09-04 11:30:01] 開始轉換時間範圍: 2026-09-04 10:00:00 到 2026-09-04 10:59:59
[2026-09-04 11:30:01] ℹ su_web 該時段內無資料變動，未生成有效 SQL。
[2026-09-04 11:30:01] ℹ sm_m2 該時段內無資料變動，未生成有效 SQL。
[2026-09-04 11:30:01] ℹ 備份檔案完成
[2026-09-04 12:00:01] 開始轉換時間範圍: 2026-09-04 11:00:00 到 2026-09-04 11:59:59
[2026-09-04 12:00:02] ℹ su_web 該時段內無資料變動，未生成有效 SQL。
[2026-09-04 12:00:02] ℹ sm_m2 該時段內無資料變動，未生成有效 SQL。
[2026-09-04 12:00:02] ℹ 備份檔案完成
[2026-09-04 12:30:01] 開始轉換時間範圍: 2026-09-04 11:00:00 到 2026-09-04 11:59:59
[2026-09-04 12:30:01] ℹ su_web 該時段內無資料變動，未生成有效 SQL。
[2026-09-04 12:30:01] ℹ sm_m2 該時段內無資料變動，未生成有效 SQL。
[2026-09-04 12:30:01] ℹ 備份檔案完成
[2026-09-04 13:00:01] 開始轉換時間範圍: 2026-09-04 12:00:00 到 2026-09-04 12:59:59
[2026-09-04 13:00:02] ℹ su_web 該時段內無資料變動，未生成有效 SQL。
[2026-09-04 13:00:02] ℹ sm_m2 該時段內無資料變動，未生成有效 SQL。
[2026-09-04 13:00:02] ℹ 備份檔案完成
[2026-09-04 13:30:01] 開始轉換時間範圍: 2026-09-04 12:00:00 到 2026-09-04 12:59:59
[2026-09-04 13:30:01] ℹ su_web 該時段內無資料變動，未生成有效 SQL。
[2026-09-04 13:30:01] ℹ sm_m2 該時段內無資料變動，未生成有效 SQL。
[2026-09-04 13:30:01] ℹ 備份檔案完成
[2026-09-04 14:00:01] 開始轉換時間範圍: 2026-09-04 13:00:00 到 2026-09-04 13:59:59
[2026-09-04 14:00:01] ℹ su_web 該時段內無資料變動，未生成有效 SQL。
[2026-09-04 14:00:01] ℹ sm_m2 該時段內無資料變動，未生成有效 SQL。
[2026-09-04 14:00:01] ℹ 備份檔案完成
[2026-09-04 14:30:01] 開始轉換時間範圍: 2026-09-04 13:00:00 到 2026-09-04 13:59:59
[2026-09-04 14:30:01] ℹ su_web 該時段內無資料變動，未生成有效 SQL。
[2026-09-04 14:30:01] ℹ sm_m2 該時段內無資料變動，未生成有效 SQL。
[2026-09-04 14:30:01] ℹ 備份檔案完成
[2026-09-04 15:00:01] 開始轉換時間範圍: 2026-09-04 14:00:00 到 2026-09-04 14:59:59
[2026-09-04 15:00:01] ℹ su_web 該時段內無資料變動，未生成有效 SQL。
[2026-09-04 15:00:01] ℹ sm_m2 該時段內無資料變動，未生成有效 SQL。
[2026-09-04 15:00:01] ℹ 備份檔案完成
[2026-09-04 15:30:01] 開始轉換時間範圍: 2026-09-04 14:00:00 到 2026-09-04 14:59:59
[2026-09-04 15:30:01] ℹ su_web 該時段內無資料變動，未生成有效 SQL。
[2026-09-04 15:30:01] ℹ sm_m2 該時段內無資料變動，未生成有效 SQL。
[2026-09-04 15:30:01] ℹ 備份檔案完成
[2026-09-04 16:00:01] 開始轉換時間範圍: 2026-09-04 15:00:00 到 2026-09-04 15:59:59
[2026-09-04 16:00:01] ℹ su_web 該時段內無資料變動，未生成有效 SQL。
[2026-09-04 16:00:01] ℹ sm_m2 該時段內無資料變動，未生成有效 SQL。
[2026-09-04 16:00:01] ℹ 備份檔案完成
[2026-09-04 16:30:02] 開始轉換時間範圍: 2026-09-04 15:00:00 到 2026-09-04 15:59:59
[2026-09-04 16:30:02] ℹ su_web 該時段內無資料變動，未生成有效 SQL。
[2026-09-04 16:30:02] ℹ sm_m2 該時段內無資料變動，未生成有效 SQL。
[2026-09-04 16:30:02] ℹ 備份檔案完成
[2026-09-04 17:00:01] 開始轉換時間範圍: 2026-09-04 16:00:00 到 2026-09-04 16:59:59
[2026-09-04 17:00:01] ℹ su_web 該時段內無資料變動，未生成有效 SQL。
[2026-09-04 17:00:01] ℹ sm_m2 該時段內無資料變動，未生成有效 SQL。
[2026-09-04 17:00:01] ℹ 備份檔案完成
[2026-09-04 17:30:01] 開始轉換時間範圍: 2026-09-04 16:00:00 到 2026-09-04 16:59:59
[2026-09-04 17:30:01] ℹ su_web 該時段內無資料變動，未生成有效 SQL。
[2026-09-04 17:30:01] ℹ sm_m2 該時段內無資料變動，未生成有效 SQL。
[2026-09-04 17:30:01] ℹ 備份檔案完成
[2026-09-04 18:00:01] 開始轉換時間範圍: 2026-09-04 17:00:00 到 2026-09-04 17:59:59
[2026-09-04 18:00:01] ℹ su_web 該時段內無資料變動，未生成有效 SQL。
[2026-09-04 18:00:01] ℹ sm_m2 該時段內無資料變動，未生成有效 SQL。
[2026-09-04 18:00:01] ℹ 備份檔案完成
[2026-09-04 18:30:02] 開始轉換時間範圍: 2026-09-04 17:00:00 到 2026-09-04 17:59:59
[2026-09-04 18:30:02] ℹ su_web 該時段內無資料變動，未生成有效 SQL。
[2026-09-04 18:30:02] ℹ sm_m2 該時段內無資料變動，未生成有效 SQL。
[2026-09-04 18:30:02] ℹ 備份檔案完成
[2026-09-04 19:00:01] 開始轉換時間範圍: 2026-09-04 18:00:00 到 2026-09-04 18:59:59
[2026-09-04 19:00:01] ℹ su_web 該時段內無資料變動，未生成有效 SQL。
[2026-09-04 19:00:01] ℹ sm_m2 該時段內無資料變動，未生成有效 SQL。
[2026-09-04 19:00:02] ℹ 備份檔案完成
[2026-09-04 19:30:02] 開始轉換時間範圍: 2026-09-04 18:00:00 到 2026-09-04 18:59:59
[2026-09-04 19:30:02] ℹ su_web 該時段內無資料變動，未生成有效 SQL。
[2026-09-04 19:30:02] ℹ sm_m2 該時段內無資料變動，未生成有效 SQL。
[2026-09-04 19:30:02] ℹ 備份檔案完成
[2026-09-04 20:00:01] 開始轉換時間範圍: 2026-09-04 19:00:00 到 2026-09-04 19:59:59
[2026-09-04 20:00:01] ℹ su_web 該時段內無資料變動，未生成有效 SQL。
[2026-09-04 20:00:01] ℹ sm_m2 該時段內無資料變動，未生成有效 SQL。
[2026-09-04 20:00:01] ℹ 備份檔案完成
[2026-09-04 20:30:02] 開始轉換時間範圍: 2026-09-04 19:00:00 到 2026-09-04 19:59:59
[2026-09-04 20:30:02] ℹ su_web 該時段內無資料變動，未生成有效 SQL。
[2026-09-04 20:30:02] ℹ sm_m2 該時段內無資料變動，未生成有效 SQL。
[2026-09-04 20:30:02] ℹ 備份檔案完成
[2026-09-04 21:00:02] 開始轉換時間範圍: 2026-09-04 20:00:00 到 2026-09-04 20:59:59
[2026-09-04 21:00:02] ℹ su_web 該時段內無資料變動，未生成有效 SQL。
[2026-09-04 21:00:02] ℹ sm_m2 該時段內無資料變動，未生成有效 SQL。
[2026-09-04 21:00:02] ℹ 備份檔案完成
[2026-09-04 21:30:01] 開始轉換時間範圍: 2026-09-04 20:00:00 到 2026-09-04 20:59:59
[2026-09-04 21:30:01] ℹ su_web 該時段內無資料變動，未生成有效 SQL。
[2026-09-04 21:30:01] ℹ sm_m2 該時段內無資料變動，未生成有效 SQL。
[2026-09-04 21:30:02] ℹ 備份檔案完成
[2026-09-04 22:00:01] 開始轉換時間範圍: 2026-09-04 21:00:00 到 2026-09-04 21:59:59
[2026-09-04 22:00:01] ℹ su_web 該時段內無資料變動，未生成有效 SQL。
[2026-09-04 22:00:01] ℹ sm_m2 該時段內無資料變動，未生成有效 SQL。
[2026-09-04 22:00:01] ℹ 備份檔案完成
[2026-09-04 22:30:02] 開始轉換時間範圍: 2026-09-04 21:00:00 到 2026-09-04 21:59:59
[2026-09-04 22:30:02] ℹ su_web 該時段內無資料變動，未生成有效 SQL。
[2026-09-04 22:30:02] ℹ sm_m2 該時段內無資料變動，未生成有效 SQL。
[2026-09-04 22:30:02] ℹ 備份檔案完成
[2026-09-04 23:00:01] 開始轉換時間範圍: 2026-09-04 22:00:00 到 2026-09-04 22:59:59
[2026-09-04 23:00:01] ℹ su_web 該時段內無資料變動，未生成有效 SQL。
[2026-09-04 23:00:01] ℹ sm_m2 該時段內無資料變動，未生成有效 SQL。
[2026-09-04 23:00:01] ℹ 備份檔案完成
[2026-09-04 23:30:01] 開始轉換時間範圍: 2026-09-04 22:00:00 到 2026-09-04 22:59:59
[2026-09-04 23:30:01] ℹ su_web 該時段內無資料變動，未生成有效 SQL。
[2026-09-04 23:30:01] ℹ sm_m2 該時段內無資料變動，未生成有效 SQL。
[2026-09-04 23:30:01] ℹ 備份檔案完成
[2026-09-05 00:00:01] 開始轉換時間範圍: 2026-09-04 23:00:00 到 2026-09-04 23:59:59
[2026-09-05 00:00:01] ℹ su_web 該時段內無資料變動，未生成有效 SQL。
[2026-09-05 00:00:01] ℹ sm_m2 該時段內無資料變動，未生成有效 SQL。
[2026-09-05 00:00:01] ℹ 備份檔案完成
[2026-09-05 00:30:02] 開始轉換時間範圍: 2026-09-04 23:00:00 到 2026-09-04 23:59:59
[2026-09-05 00:30:02] ℹ su_web 該時段內無資料變動，未生成有效 SQL。
[2026-09-05 00:30:02] ℹ sm_m2 該時段內無資料變動，未生成有效 SQL。
[2026-09-05 00:30:02] ℹ 備份檔案完成
[2026-09-05 01:00:02] 開始轉換時間範圍: 2026-09-05 00:00:00 到 2026-09-05 00:59:59
[2026-09-05 01:00:02] ℹ su_web 該時段內無資料變動，未生成有效 SQL。
[2026-09-05 01:00:02] ℹ sm_m2 該時段內無資料變動，未生成有效 SQL。
[2026-09-05 01:00:02] ℹ 備份檔案完成
[2026-09-05 01:30:01] 開始轉換時間範圍: 2026-09-05 00:00:00 到 2026-09-05 00:59:59
[2026-09-05 01:30:01] ℹ su_web 該時段內無資料變動，未生成有效 SQL。
[2026-09-05 01:30:01] ℹ sm_m2 該時段內無資料變動，未生成有效 SQL。
[2026-09-05 01:30:01] ℹ 備份檔案完成
[2026-09-05 02:00:01] 開始轉換時間範圍: 2026-09-05 01:00:00 到 2026-09-05 01:59:59
[2026-09-05 02:00:01] ℹ su_web 該時段內無資料變動，未生成有效 SQL。
[2026-09-05 02:00:01] ℹ sm_m2 該時段內無資料變動，未生成有效 SQL。
[2026-09-05 02:00:01] ℹ 備份檔案完成
[2026-09-05 02:30:01] 開始轉換時間範圍: 2026-09-05 01:00:00 到 2026-09-05 01:59:59
[2026-09-05 02:30:01] ℹ su_web 該時段內無資料變動，未生成有效 SQL。
[2026-09-05 02:30:01] ℹ sm_m2 該時段內無資料變動，未生成有效 SQL。
[2026-09-05 02:30:01] ℹ 備份檔案完成
[2026-09-05 03:00:01] 開始轉換時間範圍: 2026-09-05 02:00:00 到 2026-09-05 02:59:59
[2026-09-05 03:00:01] ℹ su_web 該時段內無資料變動，未生成有效 SQL。
[2026-09-05 03:00:01] ℹ sm_m2 該時段內無資料變動，未生成有效 SQL。
[2026-09-05 03:00:01] ℹ 備份檔案完成
[2026-09-05 03:30:01] 開始轉換時間範圍: 2026-09-05 02:00:00 到 2026-09-05 02:59:59
[2026-09-05 03:30:01] ℹ su_web 該時段內無資料變動，未生成有效 SQL。
[2026-09-05 03:30:01] ℹ sm_m2 該時段內無資料變動，未生成有效 SQL。
[2026-09-05 03:30:01] ℹ 備份檔案完成
[2026-09-05 04:00:02] 開始轉換時間範圍: 2026-09-05 03:00:00 到 2026-09-05 03:59:59
[2026-09-05 04:00:02] ℹ su_web 該時段內無資料變動，未生成有效 SQL。
[2026-09-05 04:00:02] ℹ sm_m2 該時段內無資料變動，未生成有效 SQL。
[2026-09-05 04:00:02] ℹ 備份檔案完成
[2026-09-05 04:30:01] 開始轉換時間範圍: 2026-09-05 03:00:00 到 2026-09-05 03:59:59
[2026-09-05 04:30:01] ℹ su_web 該時段內無資料變動，未生成有效 SQL。
[2026-09-05 04:30:01] ℹ sm_m2 該時段內無資料變動，未生成有效 SQL。
[2026-09-05 04:30:02] ℹ 備份檔案完成
[2026-09-05 05:00:01] 開始轉換時間範圍: 2026-09-05 04:00:00 到 2026-09-05 04:59:59
[2026-09-05 05:00:01] ℹ su_web 該時段內無資料變動，未生成有效 SQL。
[2026-09-05 05:00:01] ℹ sm_m2 該時段內無資料變動，未生成有效 SQL。
[2026-09-05 05:00:01] ℹ 備份檔案完成
[2026-09-05 05:30:01] 開始轉換時間範圍: 2026-09-05 04:00:00 到 2026-09-05 04:59:59
[2026-09-05 05:30:01] ℹ su_web 該時段內無資料變動，未生成有效 SQL。
[2026-09-05 05:30:01] ℹ sm_m2 該時段內無資料變動，未生成有效 SQL。
[2026-09-05 05:30:01] ℹ 備份檔案完成
[2026-09-05 06:00:01] 開始轉換時間範圍: 2026-09-05 05:00:00 到 2026-09-05 05:59:59
[2026-09-05 06:00:01] ℹ su_web 該時段內無資料變動，未生成有效 SQL。
[2026-09-05 06:00:01] ℹ sm_m2 該時段內無資料變動，未生成有效 SQL。
[2026-09-05 06:00:01] ℹ 備份檔案完成
[2026-09-05 06:30:01] 開始轉換時間範圍: 2026-09-05 05:00:00 到 2026-09-05 05:59:59
[2026-09-05 06:30:02] ℹ su_web 該時段內無資料變動，未生成有效 SQL。
[2026-09-05 06:30:02] ℹ sm_m2 該時段內無資料變動，未生成有效 SQL。
[2026-09-05 06:30:02] ℹ 備份檔案完成
[2026-09-05 07:00:01] 開始轉換時間範圍: 2026-09-05 06:00:00 到 2026-09-05 06:59:59
[2026-09-05 07:00:01] ℹ su_web 該時段內無資料變動，未生成有效 SQL。
[2026-09-05 07:00:01] ℹ sm_m2 該時段內無資料變動，未生成有效 SQL。
[2026-09-05 07:00:01] ℹ 備份檔案完成
[2026-09-05 07:30:01] 開始轉換時間範圍: 2026-09-05 06:00:00 到 2026-09-05 06:59:59
[2026-09-05 07:30:01] ℹ su_web 該時段內無資料變動，未生成有效 SQL。
[2026-09-05 07:30:01] ℹ sm_m2 該時段內無資料變動，未生成有效 SQL。
[2026-09-05 07:30:02] ℹ 備份檔案完成
[2026-09-05 08:00:01] 開始轉換時間範圍: 2026-09-05 07:00:00 到 2026-09-05 07:59:59
[2026-09-05 08:00:01] ℹ su_web 該時段內無資料變動，未生成有效 SQL。
[2026-09-05 08:00:01] ℹ sm_m2 該時段內無資料變動，未生成有效 SQL。
[2026-09-05 08:00:01] ℹ 備份檔案完成
[2026-09-05 08:30:02] 開始轉換時間範圍: 2026-09-05 07:00:00 到 2026-09-05 07:59:59
[2026-09-05 08:30:02] ℹ su_web 該時段內無資料變動，未生成有效 SQL。
[2026-09-05 08:30:02] ℹ sm_m2 該時段內無資料變動，未生成有效 SQL。
[2026-09-05 08:30:02] ℹ 備份檔案完成
[2026-09-05 09:00:01] 開始轉換時間範圍: 2026-09-05 08:00:00 到 2026-09-05 08:59:59
[2026-09-05 09:00:01] ℹ su_web 該時段內無資料變動，未生成有效 SQL。
[2026-09-05 09:00:01] ℹ sm_m2 該時段內無資料變動，未生成有效 SQL。
[2026-09-05 09:00:01] ℹ 備份檔案完成
[2026-09-05 09:30:01] 開始轉換時間範圍: 2026-09-05 08:00:00 到 2026-09-05 08:59:59
[2026-09-05 09:30:01] ℹ su_web 該時段內無資料變動，未生成有效 SQL。
[2026-09-05 09:30:01] ℹ sm_m2 該時段內無資料變動，未生成有效 SQL。
[2026-09-05 09:30:02] ℹ 備份檔案完成
[2026-09-05 10:00:01] 開始轉換時間範圍: 2026-09-05 09:00:00 到 2026-09-05 09:59:59
[2026-09-05 10:00:01] ℹ su_web 該時段內無資料變動，未生成有效 SQL。
[2026-09-05 10:00:01] ℹ sm_m2 該時段內無資料變動，未生成有效 SQL。
[2026-09-05 10:00:01] ℹ 備份檔案完成
[2026-09-05 10:30:02] 開始轉換時間範圍: 2026-09-05 09:00:00 到 2026-09-05 09:59:59
[2026-09-05 10:30:02] ℹ su_web 該時段內無資料變動，未生成有效 SQL。
[2026-09-05 10:30:02] ℹ sm_m2 該時段內無資料變動，未生成有效 SQL。
[2026-09-05 10:30:02] ℹ 備份檔案完成
[2026-09-05 11:00:02] 開始轉換時間範圍: 2026-09-05 10:00:00 到 2026-09-05 10:59:59
[2026-09-05 11:00:02] ℹ su_web 該時段內無資料變動，未生成有效 SQL。
[2026-09-05 11:00:02] ℹ sm_m2 該時段內無資料變動，未生成有效 SQL。
[2026-09-05 11:00:02] ℹ 備份檔案完成
[2026-09-05 11:30:01] 開始轉換時間範圍: 2026-09-05 10:00:00 到 2026-09-05 10:59:59
[2026-09-05 11:30:02] ℹ su_web 該時段內無資料變動，未生成有效 SQL。
[2026-09-05 11:30:02] ℹ sm_m2 該時段內無資料變動，未生成有效 SQL。
[2026-09-05 11:30:02] ℹ 備份檔案完成
[2026-09-05 12:00:01] 開始轉換時間範圍: 2026-09-05 11:00:00 到 2026-09-05 11:59:59
[2026-09-05 12:00:01] ℹ su_web 該時段內無資料變動，未生成有效 SQL。
[2026-09-05 12:00:01] ℹ sm_m2 該時段內無資料變動，未生成有效 SQL。
[2026-09-05 12:00:01] ℹ 備份檔案完成
[2026-09-05 12:30:02] 開始轉換時間範圍: 2026-09-05 11:00:00 到 2026-09-05 11:59:59
[2026-09-05 12:30:02] ℹ su_web 該時段內無資料變動，未生成有效 SQL。
[2026-09-05 12:30:02] ℹ sm_m2 該時段內無資料變動，未生成有效 SQL。
[2026-09-05 12:30:02] ℹ 備份檔案完成
[2026-09-05 13:00:01] 開始轉換時間範圍: 2026-09-05 12:00:00 到 2026-09-05 12:59:59
[2026-09-05 13:00:01] ℹ su_web 該時段內無資料變動，未生成有效 SQL。
[2026-09-05 13:00:01] ℹ sm_m2 該時段內無資料變動，未生成有效 SQL。
[2026-09-05 13:00:01] ℹ 備份檔案完成
[2026-09-05 13:30:02] 開始轉換時間範圍: 2026-09-05 12:00:00 到 2026-09-05 12:59:59
[2026-09-05 13:30:02] ℹ su_web 該時段內無資料變動，未生成有效 SQL。
[2026-09-05 13:30:02] ℹ sm_m2 該時段內無資料變動，未生成有效 SQL。
[2026-09-05 13:30:02] ℹ 備份檔案完成
[2026-09-05 14:00:01] 開始轉換時間範圍: 2026-09-05 13:00:00 到 2026-09-05 13:59:59
[2026-09-05 14:00:01] ℹ su_web 該時段內無資料變動，未生成有效 SQL。
[2026-09-05 14:00:01] ℹ sm_m2 該時段內無資料變動，未生成有效 SQL。
[2026-09-05 14:00:01] ℹ 備份檔案完成
[2026-09-05 14:30:01] 開始轉換時間範圍: 2026-09-05 13:00:00 到 2026-09-05 13:59:59
[2026-09-05 14:30:01] ℹ su_web 該時段內無資料變動，未生成有效 SQL。
[2026-09-05 14:30:01] ℹ sm_m2 該時段內無資料變動，未生成有效 SQL。
[2026-09-05 14:30:01] ℹ 備份檔案完成
[2026-09-05 15:00:02] 開始轉換時間範圍: 2026-09-05 14:00:00 到 2026-09-05 14:59:59
[2026-09-05 15:00:02] ℹ su_web 該時段內無資料變動，未生成有效 SQL。
[2026-09-05 15:00:02] ℹ sm_m2 該時段內無資料變動，未生成有效 SQL。
[2026-09-05 15:00:02] ℹ 備份檔案完成
[2026-09-05 15:30:01] 開始轉換時間範圍: 2026-09-05 14:00:00 到 2026-09-05 14:59:59
[2026-09-05 15:30:02] ℹ su_web 該時段內無資料變動，未生成有效 SQL。
[2026-09-05 15:30:02] ℹ sm_m2 該時段內無資料變動，未生成有效 SQL。
[2026-09-05 15:30:02] ℹ 備份檔案完成
[2026-09-05 16:00:01] 開始轉換時間範圍: 2026-09-05 15:00:00 到 2026-09-05 15:59:59
[2026-09-05 16:00:01] ℹ su_web 該時段內無資料變動，未生成有效 SQL。
[2026-09-05 16:00:01] ℹ sm_m2 該時段內無資料變動，未生成有效 SQL。
[2026-09-05 16:00:01] ℹ 備份檔案完成
[2026-09-05 16:30:01] 開始轉換時間範圍: 2026-09-05 15:00:00 到 2026-09-05 15:59:59
[2026-09-05 16:30:01] ℹ su_web 該時段內無資料變動，未生成有效 SQL。
[2026-09-05 16:30:01] ℹ sm_m2 該時段內無資料變動，未生成有效 SQL。
[2026-09-05 16:30:02] ℹ 備份檔案完成
[2026-09-05 17:00:01] 開始轉換時間範圍: 2026-09-05 16:00:00 到 2026-09-05 16:59:59
[2026-09-05 17:00:01] ℹ su_web 該時段內無資料變動，未生成有效 SQL。
[2026-09-05 17:00:01] ℹ sm_m2 該時段內無資料變動，未生成有效 SQL。
[2026-09-05 17:00:01] ℹ 備份檔案完成
[2026-09-05 17:30:01] 開始轉換時間範圍: 2026-09-05 16:00:00 到 2026-09-05 16:59:59
[2026-09-05 17:30:01] ℹ su_web 該時段內無資料變動，未生成有效 SQL。
[2026-09-05 17:30:01] ℹ sm_m2 該時段內無資料變動，未生成有效 SQL。
[2026-09-05 17:30:01] ℹ 備份檔案完成
[2026-09-05 18:00:01] 開始轉換時間範圍: 2026-09-05 17:00:00 到 2026-09-05 17:59:59
[2026-09-05 18:00:01] ℹ su_web 該時段內無資料變動，未生成有效 SQL。
[2026-09-05 18:00:02] ℹ sm_m2 該時段內無資料變動，未生成有效 SQL。
[2026-09-05 18:00:02] ℹ 備份檔案完成
[2026-09-05 18:30:01] 開始轉換時間範圍: 2026-09-05 17:00:00 到 2026-09-05 17:59:59
[2026-09-05 18:30:02] ℹ su_web 該時段內無資料變動，未生成有效 SQL。
[2026-09-05 18:30:02] ℹ sm_m2 該時段內無資料變動，未生成有效 SQL。
[2026-09-05 18:30:02] ℹ 備份檔案完成
[2026-09-05 19:00:01] 開始轉換時間範圍: 2026-09-05 18:00:00 到 2026-09-05 18:59:59
[2026-09-05 19:00:01] ✓ su_web 完成: /mnt/web/www/hksu/.db/files/2026/09/05/20260905_18_Backup_su_web.sql.zip
[2026-09-05 19:00:01] ℹ sm_m2 該時段內無資料變動，未生成有效 SQL。
[2026-09-05 19:00:01] ℹ 備份檔案，提交 Git 。
[2026-09-05 19:00:02] ℹ 備份檔案，add . 完成。
[2026-09-05 19:00:02] ℹ 備份檔案，commit -m backup 20260905_18 完成。
[2026-09-05 19:00:02] ℹ 備份檔案，開始 push。
[2026-09-05 19:00:04] ℹ 備份檔案完成
[2026-09-05 19:30:01] 開始轉換時間範圍: 2026-09-05 18:00:00 到 2026-09-05 18:59:59
[2026-09-05 19:30:01] ✓ su_web 完成: /mnt/web/www/hksu/.db/files/2026/09/05/20260905_18_Backup_su_web.sql.zip
[2026-09-05 19:30:01] ℹ sm_m2 該時段內無資料變動，未生成有效 SQL。
[2026-09-05 19:30:01] ℹ 備份檔案，提交 Git 。
[2026-09-05 19:30:02] ℹ 備份檔案，add . 完成。
[2026-09-05 19:30:02] ℹ 備份檔案，commit -m backup 20260905_18 完成。
[2026-09-05 19:30:02] ℹ 備份檔案，開始 push。
[2026-09-05 19:30:03] ℹ 備份檔案完成
[2026-09-05 20:00:01] 開始轉換時間範圍: 2026-09-05 19:00:00 到 2026-09-05 19:59:59
[2026-09-05 20:00:01] ℹ su_web 該時段內無資料變動，未生成有效 SQL。
[2026-09-05 20:00:01] ℹ sm_m2 該時段內無資料變動，未生成有效 SQL。
[2026-09-05 20:00:01] ℹ 備份檔案完成
[2026-09-05 20:30:02] 開始轉換時間範圍: 2026-09-05 19:00:00 到 2026-09-05 19:59:59
[2026-09-05 20:30:02] ℹ su_web 該時段內無資料變動，未生成有效 SQL。
[2026-09-05 20:30:02] ℹ sm_m2 該時段內無資料變動，未生成有效 SQL。
[2026-09-05 20:30:02] ℹ 備份檔案完成
[2026-09-05 21:00:02] 開始轉換時間範圍: 2026-09-05 20:00:00 到 2026-09-05 20:59:59
[2026-09-05 21:00:02] ℹ su_web 該時段內無資料變動，未生成有效 SQL。
[2026-09-05 21:00:02] ℹ sm_m2 該時段內無資料變動，未生成有效 SQL。
[2026-09-05 21:00:02] ℹ 備份檔案完成
[2026-09-05 21:30:01] 開始轉換時間範圍: 2026-09-05 20:00:00 到 2026-09-05 20:59:59
[2026-09-05 21:30:01] ℹ su_web 該時段內無資料變動，未生成有效 SQL。
[2026-09-05 21:30:01] ℹ sm_m2 該時段內無資料變動，未生成有效 SQL。
[2026-09-05 21:30:01] ℹ 備份檔案完成
[2026-09-05 22:00:01] 開始轉換時間範圍: 2026-09-05 21:00:00 到 2026-09-05 21:59:59
[2026-09-05 22:00:01] ℹ su_web 該時段內無資料變動，未生成有效 SQL。
[2026-09-05 22:00:01] ℹ sm_m2 該時段內無資料變動，未生成有效 SQL。
[2026-09-05 22:00:01] ℹ 備份檔案完成
[2026-09-05 22:30:02] 開始轉換時間範圍: 2026-09-05 21:00:00 到 2026-09-05 21:59:59
[2026-09-05 22:30:02] ℹ su_web 該時段內無資料變動，未生成有效 SQL。
[2026-09-05 22:30:02] ℹ sm_m2 該時段內無資料變動，未生成有效 SQL。
[2026-09-05 22:30:02] ℹ 備份檔案完成
[2026-09-05 23:00:01] 開始轉換時間範圍: 2026-09-05 22:00:00 到 2026-09-05 22:59:59
[2026-09-05 23:00:01] ℹ su_web 該時段內無資料變動，未生成有效 SQL。
[2026-09-05 23:00:01] ℹ sm_m2 該時段內無資料變動，未生成有效 SQL。
[2026-09-05 23:00:01] ℹ 備份檔案完成
[2026-09-05 23:30:02] 開始轉換時間範圍: 2026-09-05 22:00:00 到 2026-09-05 22:59:59
[2026-09-05 23:30:02] ℹ su_web 該時段內無資料變動，未生成有效 SQL。
[2026-09-05 23:30:02] ℹ sm_m2 該時段內無資料變動，未生成有效 SQL。
[2026-09-05 23:30:02] ℹ 備份檔案完成
[2026-09-06 00:00:01] 開始轉換時間範圍: 2026-09-05 23:00:00 到 2026-09-05 23:59:59
[2026-09-06 00:00:02] ℹ su_web 該時段內無資料變動，未生成有效 SQL。
[2026-09-06 00:00:02] ℹ sm_m2 該時段內無資料變動，未生成有效 SQL。
[2026-09-06 00:00:02] ℹ 備份檔案完成
[2026-09-06 00:30:01] 開始轉換時間範圍: 2026-09-05 23:00:00 到 2026-09-05 23:59:59
[2026-09-06 00:30:01] ℹ su_web 該時段內無資料變動，未生成有效 SQL。
[2026-09-06 00:30:01] ℹ sm_m2 該時段內無資料變動，未生成有效 SQL。
[2026-09-06 00:30:01] ℹ 備份檔案完成
[2026-09-06 01:00:01] 開始轉換時間範圍: 2026-09-06 00:00:00 到 2026-09-06 00:59:59
[2026-09-06 01:00:01] ℹ su_web 該時段內無資料變動，未生成有效 SQL。
[2026-09-06 01:00:01] ℹ sm_m2 該時段內無資料變動，未生成有效 SQL。
[2026-09-06 01:00:01] ℹ 備份檔案完成
[2026-09-06 01:30:01] 開始轉換時間範圍: 2026-09-06 00:00:00 到 2026-09-06 00:59:59
[2026-09-06 01:30:01] ℹ su_web 該時段內無資料變動，未生成有效 SQL。
[2026-09-06 01:30:01] ℹ sm_m2 該時段內無資料變動，未生成有效 SQL。
[2026-09-06 01:30:02] ℹ 備份檔案完成
[2026-09-06 02:00:01] 開始轉換時間範圍: 2026-09-06 01:00:00 到 2026-09-06 01:59:59
[2026-09-06 02:00:01] ℹ su_web 該時段內無資料變動，未生成有效 SQL。
[2026-09-06 02:00:01] ℹ sm_m2 該時段內無資料變動，未生成有效 SQL。
[2026-09-06 02:00:01] ℹ 備份檔案完成
[2026-09-06 02:30:01] 開始轉換時間範圍: 2026-09-06 01:00:00 到 2026-09-06 01:59:59
[2026-09-06 02:30:01] ℹ su_web 該時段內無資料變動，未生成有效 SQL。
[2026-09-06 02:30:01] ℹ sm_m2 該時段內無資料變動，未生成有效 SQL。
[2026-09-06 02:30:01] ℹ 備份檔案完成
[2026-09-06 03:00:01] 開始轉換時間範圍: 2026-09-06 02:00:00 到 2026-09-06 02:59:59
[2026-09-06 03:00:01] ℹ su_web 該時段內無資料變動，未生成有效 SQL。
[2026-09-06 03:00:01] ℹ sm_m2 該時段內無資料變動，未生成有效 SQL。
[2026-09-06 03:00:01] ℹ 備份檔案完成
[2026-09-06 03:30:01] 開始轉換時間範圍: 2026-09-06 02:00:00 到 2026-09-06 02:59:59
[2026-09-06 03:30:02] ℹ su_web 該時段內無資料變動，未生成有效 SQL。
[2026-09-06 03:30:02] ℹ sm_m2 該時段內無資料變動，未生成有效 SQL。
[2026-09-06 03:30:02] ℹ 備份檔案完成
[2026-09-06 04:00:01] 開始轉換時間範圍: 2026-09-06 03:00:00 到 2026-09-06 03:59:59
[2026-09-06 04:00:01] ℹ su_web 該時段內無資料變動，未生成有效 SQL。
[2026-09-06 04:00:01] ℹ sm_m2 該時段內無資料變動，未生成有效 SQL。
[2026-09-06 04:00:01] ℹ 備份檔案完成
[2026-09-06 04:30:02] 開始轉換時間範圍: 2026-09-06 03:00:00 到 2026-09-06 03:59:59
[2026-09-06 04:30:02] ℹ su_web 該時段內無資料變動，未生成有效 SQL。
[2026-09-06 04:30:02] ℹ sm_m2 該時段內無資料變動，未生成有效 SQL。
[2026-09-06 04:30:02] ℹ 備份檔案完成
[2026-09-06 05:00:01] 開始轉換時間範圍: 2026-09-06 04:00:00 到 2026-09-06 04:59:59
[2026-09-06 05:00:01] ℹ su_web 該時段內無資料變動，未生成有效 SQL。
[2026-09-06 05:00:01] ℹ sm_m2 該時段內無資料變動，未生成有效 SQL。
[2026-09-06 05:00:01] ℹ 備份檔案完成
[2026-09-06 05:30:01] 開始轉換時間範圍: 2026-09-06 04:00:00 到 2026-09-06 04:59:59
[2026-09-06 05:30:02] ℹ su_web 該時段內無資料變動，未生成有效 SQL。
[2026-09-06 05:30:02] ℹ sm_m2 該時段內無資料變動，未生成有效 SQL。
[2026-09-06 05:30:02] ℹ 備份檔案完成
[2026-09-06 06:00:01] 開始轉換時間範圍: 2026-09-06 05:00:00 到 2026-09-06 05:59:59
[2026-09-06 06:00:01] ℹ su_web 該時段內無資料變動，未生成有效 SQL。
[2026-09-06 06:00:01] ℹ sm_m2 該時段內無資料變動，未生成有效 SQL。
[2026-09-06 06:00:01] ℹ 備份檔案完成
[2026-09-06 06:30:01] 開始轉換時間範圍: 2026-09-06 05:00:00 到 2026-09-06 05:59:59
[2026-09-06 06:30:01] ℹ su_web 該時段內無資料變動，未生成有效 SQL。
[2026-09-06 06:30:01] ℹ sm_m2 該時段內無資料變動，未生成有效 SQL。
[2026-09-06 06:30:01] ℹ 備份檔案完成
[2026-09-06 07:00:01] 開始轉換時間範圍: 2026-09-06 06:00:00 到 2026-09-06 06:59:59
[2026-09-06 07:00:01] ℹ su_web 該時段內無資料變動，未生成有效 SQL。
[2026-09-06 07:00:01] ℹ sm_m2 該時段內無資料變動，未生成有效 SQL。
[2026-09-06 07:00:02] ℹ 備份檔案完成
[2026-09-06 07:30:01] 開始轉換時間範圍: 2026-09-06 06:00:00 到 2026-09-06 06:59:59
[2026-09-06 07:30:01] ℹ su_web 該時段內無資料變動，未生成有效 SQL。
[2026-09-06 07:30:01] ℹ sm_m2 該時段內無資料變動，未生成有效 SQL。
[2026-09-06 07:30:01] ℹ 備份檔案完成
[2026-09-06 08:00:01] 開始轉換時間範圍: 2026-09-06 07:00:00 到 2026-09-06 07:59:59
[2026-09-06 08:00:02] ℹ su_web 該時段內無資料變動，未生成有效 SQL。
[2026-09-06 08:00:02] ℹ sm_m2 該時段內無資料變動，未生成有效 SQL。
[2026-09-06 08:00:02] ℹ 備份檔案完成
[2026-09-06 08:30:01] 開始轉換時間範圍: 2026-09-06 07:00:00 到 2026-09-06 07:59:59
[2026-09-06 08:30:01] ℹ su_web 該時段內無資料變動，未生成有效 SQL。
[2026-09-06 08:30:01] ℹ sm_m2 該時段內無資料變動，未生成有效 SQL。
[2026-09-06 08:30:01] ℹ 備份檔案完成
[2026-09-06 09:00:01] 開始轉換時間範圍: 2026-09-06 08:00:00 到 2026-09-06 08:59:59
[2026-09-06 09:00:01] ℹ su_web 該時段內無資料變動，未生成有效 SQL。
[2026-09-06 09:00:02] ℹ sm_m2 該時段內無資料變動，未生成有效 SQL。
[2026-09-06 09:00:02] ℹ 備份檔案完成
[2026-09-06 09:30:01] 開始轉換時間範圍: 2026-09-06 08:00:00 到 2026-09-06 08:59:59
[2026-09-06 09:30:01] ℹ su_web 該時段內無資料變動，未生成有效 SQL。
[2026-09-06 09:30:01] ℹ sm_m2 該時段內無資料變動，未生成有效 SQL。
[2026-09-06 09:30:01] ℹ 備份檔案完成
[2026-09-06 10:00:01] 開始轉換時間範圍: 2026-09-06 09:00:00 到 2026-09-06 09:59:59
[2026-09-06 10:00:01] ℹ su_web 該時段內無資料變動，未生成有效 SQL。
[2026-09-06 10:00:01] ℹ sm_m2 該時段內無資料變動，未生成有效 SQL。
[2026-09-06 10:00:01] ℹ 備份檔案完成
[2026-09-06 10:30:01] 開始轉換時間範圍: 2026-09-06 09:00:00 到 2026-09-06 09:59:59
[2026-09-06 10:30:02] ℹ su_web 該時段內無資料變動，未生成有效 SQL。
[2026-09-06 10:30:02] ℹ sm_m2 該時段內無資料變動，未生成有效 SQL。
[2026-09-06 10:30:02] ℹ 備份檔案完成
[2026-09-06 11:00:01] 開始轉換時間範圍: 2026-09-06 10:00:00 到 2026-09-06 10:59:59
[2026-09-06 11:00:01] ℹ su_web 該時段內無資料變動，未生成有效 SQL。
[2026-09-06 11:00:01] ℹ sm_m2 該時段內無資料變動，未生成有效 SQL。
[2026-09-06 11:00:02] ℹ 備份檔案完成
[2026-09-06 11:30:01] 開始轉換時間範圍: 2026-09-06 10:00:00 到 2026-09-06 10:59:59
[2026-09-06 11:30:01] ℹ su_web 該時段內無資料變動，未生成有效 SQL。
[2026-09-06 11:30:01] ℹ sm_m2 該時段內無資料變動，未生成有效 SQL。
[2026-09-06 11:30:02] ℹ 備份檔案完成
[2026-09-06 12:00:01] 開始轉換時間範圍: 2026-09-06 11:00:00 到 2026-09-06 11:59:59
[2026-09-06 12:00:01] ℹ su_web 該時段內無資料變動，未生成有效 SQL。
[2026-09-06 12:00:02] ℹ sm_m2 該時段內無資料變動，未生成有效 SQL。
[2026-09-06 12:00:02] ℹ 備份檔案完成
[2026-09-06 12:30:01] 開始轉換時間範圍: 2026-09-06 11:00:00 到 2026-09-06 11:59:59
[2026-09-06 12:30:01] ℹ su_web 該時段內無資料變動，未生成有效 SQL。
[2026-09-06 12:30:01] ℹ sm_m2 該時段內無資料變動，未生成有效 SQL。
[2026-09-06 12:30:02] ℹ 備份檔案完成
[2026-09-06 13:00:01] 開始轉換時間範圍: 2026-09-06 12:00:00 到 2026-09-06 12:59:59
[2026-09-06 13:00:01] ℹ su_web 該時段內無資料變動，未生成有效 SQL。
[2026-09-06 13:00:01] ℹ sm_m2 該時段內無資料變動，未生成有效 SQL。
[2026-09-06 13:00:01] ℹ 備份檔案完成
[2026-09-06 13:30:02] 開始轉換時間範圍: 2026-09-06 12:00:00 到 2026-09-06 12:59:59
[2026-09-06 13:30:02] ℹ su_web 該時段內無資料變動，未生成有效 SQL。
[2026-09-06 13:30:02] ℹ sm_m2 該時段內無資料變動，未生成有效 SQL。
[2026-09-06 13:30:02] ℹ 備份檔案完成
[2026-09-06 14:00:01] 開始轉換時間範圍: 2026-09-06 13:00:00 到 2026-09-06 13:59:59
[2026-09-06 14:00:01] ℹ su_web 該時段內無資料變動，未生成有效 SQL。
[2026-09-06 14:00:01] ℹ sm_m2 該時段內無資料變動，未生成有效 SQL。
[2026-09-06 14:00:01] ℹ 備份檔案完成
[2026-09-06 14:30:02] 開始轉換時間範圍: 2026-09-06 13:00:00 到 2026-09-06 13:59:59
[2026-09-06 14:30:02] ℹ su_web 該時段內無資料變動，未生成有效 SQL。
[2026-09-06 14:30:02] ℹ sm_m2 該時段內無資料變動，未生成有效 SQL。
[2026-09-06 14:30:02] ℹ 備份檔案完成
[2026-09-06 15:00:01] 開始轉換時間範圍: 2026-09-06 14:00:00 到 2026-09-06 14:59:59
[2026-09-06 15:00:01] ℹ su_web 該時段內無資料變動，未生成有效 SQL。
[2026-09-06 15:00:01] ℹ sm_m2 該時段內無資料變動，未生成有效 SQL。
[2026-09-06 15:00:01] ℹ 備份檔案完成
[2026-09-06 15:30:01] 開始轉換時間範圍: 2026-09-06 14:00:00 到 2026-09-06 14:59:59
[2026-09-06 15:30:01] ℹ su_web 該時段內無資料變動，未生成有效 SQL。
[2026-09-06 15:30:01] ℹ sm_m2 該時段內無資料變動，未生成有效 SQL。
[2026-09-06 15:30:01] ℹ 備份檔案完成
[2026-09-06 16:00:01] 開始轉換時間範圍: 2026-09-06 15:00:00 到 2026-09-06 15:59:59
[2026-09-06 16:00:01] ℹ su_web 該時段內無資料變動，未生成有效 SQL。
[2026-09-06 16:00:01] ℹ sm_m2 該時段內無資料變動，未生成有效 SQL。
[2026-09-06 16:00:01] ℹ 備份檔案完成
[2026-09-06 16:30:02] 開始轉換時間範圍: 2026-09-06 15:00:00 到 2026-09-06 15:59:59
[2026-09-06 16:30:02] ℹ su_web 該時段內無資料變動，未生成有效 SQL。
[2026-09-06 16:30:02] ℹ sm_m2 該時段內無資料變動，未生成有效 SQL。
[2026-09-06 16:30:02] ℹ 備份檔案完成
[2026-09-06 17:00:01] 開始轉換時間範圍: 2026-09-06 16:00:00 到 2026-09-06 16:59:59
[2026-09-06 17:00:01] ℹ su_web 該時段內無資料變動，未生成有效 SQL。
[2026-09-06 17:00:01] ℹ sm_m2 該時段內無資料變動，未生成有效 SQL。
[2026-09-06 17:00:01] ℹ 備份檔案完成
[2026-09-06 17:30:01] 開始轉換時間範圍: 2026-09-06 16:00:00 到 2026-09-06 16:59:59
[2026-09-06 17:30:01] ℹ su_web 該時段內無資料變動，未生成有效 SQL。
[2026-09-06 17:30:01] ℹ sm_m2 該時段內無資料變動，未生成有效 SQL。
[2026-09-06 17:30:02] ℹ 備份檔案完成
[2026-09-06 18:00:01] 開始轉換時間範圍: 2026-09-06 17:00:00 到 2026-09-06 17:59:59
[2026-09-06 18:00:01] ℹ su_web 該時段內無資料變動，未生成有效 SQL。
[2026-09-06 18:00:01] ℹ sm_m2 該時段內無資料變動，未生成有效 SQL。
[2026-09-06 18:00:01] ℹ 備份檔案完成
[2026-09-06 18:30:01] 開始轉換時間範圍: 2026-09-06 17:00:00 到 2026-09-06 17:59:59
[2026-09-06 18:30:01] ℹ su_web 該時段內無資料變動，未生成有效 SQL。
[2026-09-06 18:30:01] ℹ sm_m2 該時段內無資料變動，未生成有效 SQL。
[2026-09-06 18:30:02] ℹ 備份檔案完成
[2026-09-06 19:00:01] 開始轉換時間範圍: 2026-09-06 18:00:00 到 2026-09-06 18:59:59
[2026-09-06 19:00:01] ℹ su_web 該時段內無資料變動，未生成有效 SQL。
[2026-09-06 19:00:01] ℹ sm_m2 該時段內無資料變動，未生成有效 SQL。
[2026-09-06 19:00:01] ℹ 備份檔案完成
[2026-09-06 19:30:02] 開始轉換時間範圍: 2026-09-06 18:00:00 到 2026-09-06 18:59:59
[2026-09-06 19:30:02] ℹ su_web 該時段內無資料變動，未生成有效 SQL。
[2026-09-06 19:30:02] ℹ sm_m2 該時段內無資料變動，未生成有效 SQL。
[2026-09-06 19:30:02] ℹ 備份檔案完成
[2026-09-06 20:00:01] 開始轉換時間範圍: 2026-09-06 19:00:00 到 2026-09-06 19:59:59
[2026-09-06 20:00:01] ℹ su_web 該時段內無資料變動，未生成有效 SQL。
[2026-09-06 20:00:01] ℹ sm_m2 該時段內無資料變動，未生成有效 SQL。
[2026-09-06 20:00:01] ℹ 備份檔案完成
[2026-09-06 20:30:02] 開始轉換時間範圍: 2026-09-06 19:00:00 到 2026-09-06 19:59:59
[2026-09-06 20:30:02] ℹ su_web 該時段內無資料變動，未生成有效 SQL。
[2026-09-06 20:30:02] ℹ sm_m2 該時段內無資料變動，未生成有效 SQL。
[2026-09-06 20:30:02] ℹ 備份檔案完成
[2026-09-06 21:00:01] 開始轉換時間範圍: 2026-09-06 20:00:00 到 2026-09-06 20:59:59
[2026-09-06 21:00:01] ℹ su_web 該時段內無資料變動，未生成有效 SQL。
[2026-09-06 21:00:01] ℹ sm_m2 該時段內無資料變動，未生成有效 SQL。
[2026-09-06 21:00:02] ℹ 備份檔案完成
[2026-09-06 21:30:01] 開始轉換時間範圍: 2026-09-06 20:00:00 到 2026-09-06 20:59:59
[2026-09-06 21:30:02] ℹ su_web 該時段內無資料變動，未生成有效 SQL。
[2026-09-06 21:30:02] ℹ sm_m2 該時段內無資料變動，未生成有效 SQL。
[2026-09-06 21:30:02] ℹ 備份檔案完成
[2026-09-06 22:00:01] 開始轉換時間範圍: 2026-09-06 21:00:00 到 2026-09-06 21:59:59
[2026-09-06 22:00:01] ℹ su_web 該時段內無資料變動，未生成有效 SQL。
[2026-09-06 22:00:01] ℹ sm_m2 該時段內無資料變動，未生成有效 SQL。
[2026-09-06 22:00:01] ℹ 備份檔案完成
[2026-09-06 22:30:01] 開始轉換時間範圍: 2026-09-06 21:00:00 到 2026-09-06 21:59:59
[2026-09-06 22:30:01] ℹ su_web 該時段內無資料變動，未生成有效 SQL。
[2026-09-06 22:30:01] ℹ sm_m2 該時段內無資料變動，未生成有效 SQL。
[2026-09-06 22:30:01] ℹ 備份檔案完成
[2026-09-06 23:00:01] 開始轉換時間範圍: 2026-09-06 22:00:00 到 2026-09-06 22:59:59
[2026-09-06 23:00:01] ℹ su_web 該時段內無資料變動，未生成有效 SQL。
[2026-09-06 23:00:01] ℹ sm_m2 該時段內無資料變動，未生成有效 SQL。
[2026-09-06 23:00:01] ℹ 備份檔案完成
[2026-09-06 23:30:01] 開始轉換時間範圍: 2026-09-06 22:00:00 到 2026-09-06 22:59:59
[2026-09-06 23:30:01] ℹ su_web 該時段內無資料變動，未生成有效 SQL。
[2026-09-06 23:30:01] ℹ sm_m2 該時段內無資料變動，未生成有效 SQL。
[2026-09-06 23:30:01] ℹ 備份檔案完成
[2026-09-07 00:00:01] 開始轉換時間範圍: 2026-09-06 23:00:00 到 2026-09-06 23:59:59
[2026-09-07 00:00:01] ℹ su_web 該時段內無資料變動，未生成有效 SQL。
[2026-09-07 00:00:01] ℹ sm_m2 該時段內無資料變動，未生成有效 SQL。
[2026-09-07 00:00:01] ℹ 備份檔案完成
[2026-09-07 00:30:01] 開始轉換時間範圍: 2026-09-06 23:00:00 到 2026-09-06 23:59:59
[2026-09-07 00:30:01] ℹ su_web 該時段內無資料變動，未生成有效 SQL。
[2026-09-07 00:30:01] ℹ sm_m2 該時段內無資料變動，未生成有效 SQL。
[2026-09-07 00:30:01] ℹ 備份檔案完成
[2026-09-07 01:00:02] 開始轉換時間範圍: 2026-09-07 00:00:00 到 2026-09-07 00:59:59
[2026-09-07 01:00:02] ℹ su_web 該時段內無資料變動，未生成有效 SQL。
[2026-09-07 01:00:02] ℹ sm_m2 該時段內無資料變動，未生成有效 SQL。
[2026-09-07 01:00:02] ℹ 備份檔案完成
[2026-09-07 01:30:01] 開始轉換時間範圍: 2026-09-07 00:00:00 到 2026-09-07 00:59:59
[2026-09-07 01:30:01] ℹ su_web 該時段內無資料變動，未生成有效 SQL。
[2026-09-07 01:30:01] ℹ sm_m2 該時段內無資料變動，未生成有效 SQL。
[2026-09-07 01:30:01] ℹ 備份檔案完成
[2026-09-07 02:00:01] 開始轉換時間範圍: 2026-09-07 01:00:00 到 2026-09-07 01:59:59
[2026-09-07 02:00:01] ℹ su_web 該時段內無資料變動，未生成有效 SQL。
[2026-09-07 02:00:01] ℹ sm_m2 該時段內無資料變動，未生成有效 SQL。
[2026-09-07 02:00:01] ℹ 備份檔案完成
[2026-09-07 02:30:01] 開始轉換時間範圍: 2026-09-07 01:00:00 到 2026-09-07 01:59:59
[2026-09-07 02:30:01] ℹ su_web 該時段內無資料變動，未生成有效 SQL。
[2026-09-07 02:30:01] ℹ sm_m2 該時段內無資料變動，未生成有效 SQL。
[2026-09-07 02:30:01] ℹ 備份檔案完成
[2026-09-07 03:00:01] 開始轉換時間範圍: 2026-09-07 02:00:00 到 2026-09-07 02:59:59
[2026-09-07 03:00:01] ℹ su_web 該時段內無資料變動，未生成有效 SQL。
[2026-09-07 03:00:02] ℹ sm_m2 該時段內無資料變動，未生成有效 SQL。
[2026-09-07 03:00:02] ℹ 備份檔案完成
[2026-09-07 03:30:01] 開始轉換時間範圍: 2026-09-07 02:00:00 到 2026-09-07 02:59:59
[2026-09-07 03:30:01] ℹ su_web 該時段內無資料變動，未生成有效 SQL。
[2026-09-07 03:30:01] ℹ sm_m2 該時段內無資料變動，未生成有效 SQL。
[2026-09-07 03:30:01] ℹ 備份檔案完成
[2026-09-07 04:00:01] 開始轉換時間範圍: 2026-09-07 03:00:00 到 2026-09-07 03:59:59
[2026-09-07 04:00:01] ℹ su_web 該時段內無資料變動，未生成有效 SQL。
[2026-09-07 04:00:01] ✓ sm_m2 完成: /mnt/web/www/hksu/.db/files/2026/09/07/20260907_03_Backup_sm_m2.sql.zip
[2026-09-07 04:00:01] ℹ 備份檔案，提交 Git 。
[2026-09-07 04:00:02] ℹ 備份檔案，add . 完成。
[2026-09-07 04:00:02] ℹ 備份檔案，commit -m backup 20260907_03 完成。
[2026-09-07 04:00:02] ℹ 備份檔案，開始 push。
[2026-09-07 04:00:04] ℹ 備份檔案完成
[2026-09-07 04:30:02] 開始轉換時間範圍: 2026-09-07 03:00:00 到 2026-09-07 03:59:59
[2026-09-07 04:30:02] ℹ su_web 該時段內無資料變動，未生成有效 SQL。
[2026-09-07 04:30:02] ✓ sm_m2 完成: /mnt/web/www/hksu/.db/files/2026/09/07/20260907_03_Backup_sm_m2.sql.zip
[2026-09-07 04:30:02] ℹ 備份檔案，提交 Git 。
[2026-09-07 04:30:02] ℹ 備份檔案，add . 完成。
[2026-09-07 04:30:02] ℹ 備份檔案，commit -m backup 20260907_03 完成。
[2026-09-07 04:30:03] ℹ 備份檔案，開始 push。
[2026-09-07 04:30:04] ℹ 備份檔案完成
[2026-09-07 05:00:02] 開始轉換時間範圍: 2026-09-07 04:00:00 到 2026-09-07 04:59:59
[2026-09-07 05:00:02] ℹ su_web 該時段內無資料變動，未生成有效 SQL。
[2026-09-07 05:00:02] ℹ sm_m2 該時段內無資料變動，未生成有效 SQL。
[2026-09-07 05:00:02] ℹ 備份檔案完成
[2026-09-07 05:30:01] 開始轉換時間範圍: 2026-09-07 04:00:00 到 2026-09-07 04:59:59
[2026-09-07 05:30:01] ℹ su_web 該時段內無資料變動，未生成有效 SQL。
[2026-09-07 05:30:01] ℹ sm_m2 該時段內無資料變動，未生成有效 SQL。
[2026-09-07 05:30:01] ℹ 備份檔案完成
[2026-09-07 06:00:01] 開始轉換時間範圍: 2026-09-07 05:00:00 到 2026-09-07 05:59:59
[2026-09-07 06:00:01] ℹ su_web 該時段內無資料變動，未生成有效 SQL。
[2026-09-07 06:00:01] ℹ sm_m2 該時段內無資料變動，未生成有效 SQL。
[2026-09-07 06:00:01] ℹ 備份檔案完成
[2026-09-07 06:30:01] 開始轉換時間範圍: 2026-09-07 05:00:00 到 2026-09-07 05:59:59
[2026-09-07 06:30:01] ℹ su_web 該時段內無資料變動，未生成有效 SQL。
[2026-09-07 06:30:01] ℹ sm_m2 該時段內無資料變動，未生成有效 SQL。
[2026-09-07 06:30:02] ℹ 備份檔案完成
[2026-09-07 07:00:01] 開始轉換時間範圍: 2026-09-07 06:00:00 到 2026-09-07 06:59:59
[2026-09-07 07:00:01] ℹ su_web 該時段內無資料變動，未生成有效 SQL。
[2026-09-07 07:00:01] ℹ sm_m2 該時段內無資料變動，未生成有效 SQL。
[2026-09-07 07:00:01] ℹ 備份檔案完成
[2026-09-07 07:30:01] 開始轉換時間範圍: 2026-09-07 06:00:00 到 2026-09-07 06:59:59
[2026-09-07 07:30:01] ℹ su_web 該時段內無資料變動，未生成有效 SQL。
[2026-09-07 07:30:01] ℹ sm_m2 該時段內無資料變動，未生成有效 SQL。
[2026-09-07 07:30:01] ℹ 備份檔案完成
[2026-09-07 08:00:02] 開始轉換時間範圍: 2026-09-07 07:00:00 到 2026-09-07 07:59:59
[2026-09-07 08:00:02] ℹ su_web 該時段內無資料變動，未生成有效 SQL。
[2026-09-07 08:00:02] ℹ sm_m2 該時段內無資料變動，未生成有效 SQL。
[2026-09-07 08:00:02] ℹ 備份檔案完成
[2026-09-07 08:30:01] 開始轉換時間範圍: 2026-09-07 07:00:00 到 2026-09-07 07:59:59
[2026-09-07 08:30:01] ℹ su_web 該時段內無資料變動，未生成有效 SQL。
[2026-09-07 08:30:01] ℹ sm_m2 該時段內無資料變動，未生成有效 SQL。
[2026-09-07 08:30:01] ℹ 備份檔案完成
[2026-09-07 09:00:01] 開始轉換時間範圍: 2026-09-07 08:00:00 到 2026-09-07 08:59:59
[2026-09-07 09:00:01] ℹ su_web 該時段內無資料變動，未生成有效 SQL。
[2026-09-07 09:00:01] ℹ sm_m2 該時段內無資料變動，未生成有效 SQL。
[2026-09-07 09:00:01] ℹ 備份檔案完成
[2026-09-07 09:30:02] 開始轉換時間範圍: 2026-09-07 08:00:00 到 2026-09-07 08:59:59
[2026-09-07 09:30:02] ℹ su_web 該時段內無資料變動，未生成有效 SQL。
[2026-09-07 09:30:02] ℹ sm_m2 該時段內無資料變動，未生成有效 SQL。
[2026-09-07 09:30:02] ℹ 備份檔案完成
[2026-09-07 10:00:01] 開始轉換時間範圍: 2026-09-07 09:00:00 到 2026-09-07 09:59:59
[2026-09-07 10:00:01] ✓ su_web 完成: /mnt/web/www/hksu/.db/files/2026/09/07/20260907_09_Backup_su_web.sql.zip
[2026-09-07 10:00:01] ℹ sm_m2 該時段內無資料變動，未生成有效 SQL。
[2026-09-07 10:00:01] ℹ 備份檔案，提交 Git 。
[2026-09-07 10:00:02] ℹ 備份檔案，add . 完成。
[2026-09-07 10:00:03] ℹ 備份檔案，commit -m backup 20260907_09 完成。
[2026-09-07 10:00:03] ℹ 備份檔案，開始 push。
[2026-09-07 10:00:04] ℹ 備份檔案完成
[2026-09-07 10:30:01] 開始轉換時間範圍: 2026-09-07 09:00:00 到 2026-09-07 09:59:59
[2026-09-07 10:30:01] ✓ su_web 完成: /mnt/web/www/hksu/.db/files/2026/09/07/20260907_09_Backup_su_web.sql.zip
[2026-09-07 10:30:01] ℹ sm_m2 該時段內無資料變動，未生成有效 SQL。
[2026-09-07 10:30:02] ℹ 備份檔案，提交 Git 。
[2026-09-07 10:30:02] ℹ 備份檔案，add . 完成。
[2026-09-07 10:30:02] ℹ 備份檔案，commit -m backup 20260907_09 完成。
[2026-09-07 10:30:02] ℹ 備份檔案，開始 push。
[2026-09-07 10:30:04] ℹ 備份檔案完成
[2026-09-07 11:00:02] 開始轉換時間範圍: 2026-09-07 10:00:00 到 2026-09-07 10:59:59
[2026-09-07 11:00:02] ℹ su_web 該時段內無資料變動，未生成有效 SQL。
[2026-09-07 11:00:02] ℹ sm_m2 該時段內無資料變動，未生成有效 SQL。
[2026-09-07 11:00:02] ℹ 備份檔案完成
[2026-09-07 11:30:01] 開始轉換時間範圍: 2026-09-07 10:00:00 到 2026-09-07 10:59:59
[2026-09-07 11:30:01] ℹ su_web 該時段內無資料變動，未生成有效 SQL。
[2026-09-07 11:30:01] ℹ sm_m2 該時段內無資料變動，未生成有效 SQL。
[2026-09-07 11:30:01] ℹ 備份檔案完成
[2026-09-07 12:00:01] 開始轉換時間範圍: 2026-09-07 11:00:00 到 2026-09-07 11:59:59
[2026-09-07 12:00:01] ℹ su_web 該時段內無資料變動，未生成有效 SQL。
[2026-09-07 12:00:01] ℹ sm_m2 該時段內無資料變動，未生成有效 SQL。
[2026-09-07 12:00:02] ℹ 備份檔案完成
[2026-09-07 12:30:01] 開始轉換時間範圍: 2026-09-07 11:00:00 到 2026-09-07 11:59:59
[2026-09-07 12:30:01] ℹ su_web 該時段內無資料變動，未生成有效 SQL。
[2026-09-07 12:30:01] ℹ sm_m2 該時段內無資料變動，未生成有效 SQL。
[2026-09-07 12:30:01] ℹ 備份檔案完成
[2026-09-07 13:00:02] 開始轉換時間範圍: 2026-09-07 12:00:00 到 2026-09-07 12:59:59
[2026-09-07 13:00:02] ℹ su_web 該時段內無資料變動，未生成有效 SQL。
[2026-09-07 13:00:02] ℹ sm_m2 該時段內無資料變動，未生成有效 SQL。
[2026-09-07 13:00:02] ℹ 備份檔案完成
[2026-09-07 13:30:01] 開始轉換時間範圍: 2026-09-07 12:00:00 到 2026-09-07 12:59:59
[2026-09-07 13:30:01] ℹ su_web 該時段內無資料變動，未生成有效 SQL。
[2026-09-07 13:30:01] ℹ sm_m2 該時段內無資料變動，未生成有效 SQL。
[2026-09-07 13:30:01] ℹ 備份檔案完成
[2026-09-07 14:00:01] 開始轉換時間範圍: 2026-09-07 13:00:00 到 2026-09-07 13:59:59
[2026-09-07 14:00:01] ℹ su_web 該時段內無資料變動，未生成有效 SQL。
[2026-09-07 14:00:01] ℹ sm_m2 該時段內無資料變動，未生成有效 SQL。
[2026-09-07 14:00:01] ℹ 備份檔案完成
[2026-09-07 14:30:01] 開始轉換時間範圍: 2026-09-07 13:00:00 到 2026-09-07 13:59:59
[2026-09-07 14:30:01] ℹ su_web 該時段內無資料變動，未生成有效 SQL。
[2026-09-07 14:30:01] ℹ sm_m2 該時段內無資料變動，未生成有效 SQL。
[2026-09-07 14:30:02] ℹ 備份檔案完成
[2026-09-07 15:00:02] 開始轉換時間範圍: 2026-09-07 14:00:00 到 2026-09-07 14:59:59
[2026-09-07 15:00:02] ℹ su_web 該時段內無資料變動，未生成有效 SQL。
[2026-09-07 15:00:02] ℹ sm_m2 該時段內無資料變動，未生成有效 SQL。
[2026-09-07 15:00:02] ℹ 備份檔案完成
[2026-09-07 15:30:01] 開始轉換時間範圍: 2026-09-07 14:00:00 到 2026-09-07 14:59:59
[2026-09-07 15:30:02] ℹ su_web 該時段內無資料變動，未生成有效 SQL。
[2026-09-07 15:30:02] ℹ sm_m2 該時段內無資料變動，未生成有效 SQL。
[2026-09-07 15:30:02] ℹ 備份檔案完成
[2026-09-07 16:00:01] 開始轉換時間範圍: 2026-09-07 15:00:00 到 2026-09-07 15:59:59
[2026-09-07 16:00:01] ℹ su_web 該時段內無資料變動，未生成有效 SQL。
[2026-09-07 16:00:01] ℹ sm_m2 該時段內無資料變動，未生成有效 SQL。
[2026-09-07 16:00:01] ℹ 備份檔案完成
[2026-09-07 16:30:01] 開始轉換時間範圍: 2026-09-07 15:00:00 到 2026-09-07 15:59:59
[2026-09-07 16:30:02] ℹ su_web 該時段內無資料變動，未生成有效 SQL。
[2026-09-07 16:30:02] ℹ sm_m2 該時段內無資料變動，未生成有效 SQL。
[2026-09-07 16:30:02] ℹ 備份檔案完成
[2026-09-07 17:00:01] 開始轉換時間範圍: 2026-09-07 16:00:00 到 2026-09-07 16:59:59
[2026-09-07 17:00:01] ℹ su_web 該時段內無資料變動，未生成有效 SQL。
[2026-09-07 17:00:01] ℹ sm_m2 該時段內無資料變動，未生成有效 SQL。
[2026-09-07 17:00:01] ℹ 備份檔案完成
[2026-09-07 17:30:02] 開始轉換時間範圍: 2026-09-07 16:00:00 到 2026-09-07 16:59:59
[2026-09-07 17:30:02] ℹ su_web 該時段內無資料變動，未生成有效 SQL。
[2026-09-07 17:30:02] ℹ sm_m2 該時段內無資料變動，未生成有效 SQL。
[2026-09-07 17:30:02] ℹ 備份檔案完成
[2026-09-07 18:00:02] 開始轉換時間範圍: 2026-09-07 17:00:00 到 2026-09-07 17:59:59
[2026-09-07 18:00:02] ℹ su_web 該時段內無資料變動，未生成有效 SQL。
[2026-09-07 18:00:02] ℹ sm_m2 該時段內無資料變動，未生成有效 SQL。
[2026-09-07 18:00:02] ℹ 備份檔案完成
[2026-09-07 18:30:01] 開始轉換時間範圍: 2026-09-07 17:00:00 到 2026-09-07 17:59:59
[2026-09-07 18:30:01] ℹ su_web 該時段內無資料變動，未生成有效 SQL。
[2026-09-07 18:30:01] ℹ sm_m2 該時段內無資料變動，未生成有效 SQL。
[2026-09-07 18:30:02] ℹ 備份檔案完成
[2026-09-07 19:00:01] 開始轉換時間範圍: 2026-09-07 18:00:00 到 2026-09-07 18:59:59
[2026-09-07 19:00:01] ℹ su_web 該時段內無資料變動，未生成有效 SQL。
[2026-09-07 19:00:01] ℹ sm_m2 該時段內無資料變動，未生成有效 SQL。
[2026-09-07 19:00:01] ℹ 備份檔案完成
[2026-09-07 19:30:01] 開始轉換時間範圍: 2026-09-07 18:00:00 到 2026-09-07 18:59:59
[2026-09-07 19:30:01] ℹ su_web 該時段內無資料變動，未生成有效 SQL。
[2026-09-07 19:30:01] ℹ sm_m2 該時段內無資料變動，未生成有效 SQL。
[2026-09-07 19:30:01] ℹ 備份檔案完成
[2026-09-07 20:00:02] 開始轉換時間範圍: 2026-09-07 19:00:00 到 2026-09-07 19:59:59
[2026-09-07 20:00:02] ℹ su_web 該時段內無資料變動，未生成有效 SQL。
[2026-09-07 20:00:02] ℹ sm_m2 該時段內無資料變動，未生成有效 SQL。
[2026-09-07 20:00:02] ℹ 備份檔案完成
[2026-09-07 20:30:01] 開始轉換時間範圍: 2026-09-07 19:00:00 到 2026-09-07 19:59:59
[2026-09-07 20:30:01] ℹ su_web 該時段內無資料變動，未生成有效 SQL。
[2026-09-07 20:30:01] ℹ sm_m2 該時段內無資料變動，未生成有效 SQL。
[2026-09-07 20:30:01] ℹ 備份檔案完成
[2026-09-07 21:00:01] 開始轉換時間範圍: 2026-09-07 20:00:00 到 2026-09-07 20:59:59
[2026-09-07 21:00:01] ℹ su_web 該時段內無資料變動，未生成有效 SQL。
[2026-09-07 21:00:02] ℹ sm_m2 該時段內無資料變動，未生成有效 SQL。
[2026-09-07 21:00:02] ℹ 備份檔案完成
[2026-09-07 21:30:01] 開始轉換時間範圍: 2026-09-07 20:00:00 到 2026-09-07 20:59:59
[2026-09-07 21:30:01] ℹ su_web 該時段內無資料變動，未生成有效 SQL。
[2026-09-07 21:30:01] ℹ sm_m2 該時段內無資料變動，未生成有效 SQL。
[2026-09-07 21:30:01] ℹ 備份檔案完成
[2026-09-07 22:00:01] 開始轉換時間範圍: 2026-09-07 21:00:00 到 2026-09-07 21:59:59
[2026-09-07 22:00:01] ℹ su_web 該時段內無資料變動，未生成有效 SQL。
[2026-09-07 22:00:01] ℹ sm_m2 該時段內無資料變動，未生成有效 SQL。
[2026-09-07 22:00:01] ℹ 備份檔案完成
[2026-09-07 22:30:01] 開始轉換時間範圍: 2026-09-07 21:00:00 到 2026-09-07 21:59:59
[2026-09-07 22:30:02] ℹ su_web 該時段內無資料變動，未生成有效 SQL。
[2026-09-07 22:30:02] ℹ sm_m2 該時段內無資料變動，未生成有效 SQL。
[2026-09-07 22:30:02] ℹ 備份檔案完成
[2026-09-07 23:00:01] 開始轉換時間範圍: 2026-09-07 22:00:00 到 2026-09-07 22:59:59
[2026-09-07 23:00:01] ℹ su_web 該時段內無資料變動，未生成有效 SQL。
[2026-09-07 23:00:01] ℹ sm_m2 該時段內無資料變動，未生成有效 SQL。
[2026-09-07 23:00:01] ℹ 備份檔案完成
[2026-09-07 23:30:01] 開始轉換時間範圍: 2026-09-07 22:00:00 到 2026-09-07 22:59:59
[2026-09-07 23:30:01] ℹ su_web 該時段內無資料變動，未生成有效 SQL。
[2026-09-07 23:30:01] ℹ sm_m2 該時段內無資料變動，未生成有效 SQL。
[2026-09-07 23:30:01] ℹ 備份檔案完成
[2026-09-08 00:00:01] 開始轉換時間範圍: 2026-09-07 23:00:00 到 2026-09-07 23:59:59
[2026-09-08 00:00:01] ℹ su_web 該時段內無資料變動，未生成有效 SQL。
[2026-09-08 00:00:01] ℹ sm_m2 該時段內無資料變動，未生成有效 SQL。
[2026-09-08 00:00:01] ℹ 備份檔案完成
[2026-09-08 00:30:01] 開始轉換時間範圍: 2026-09-07 23:00:00 到 2026-09-07 23:59:59
[2026-09-08 00:30:01] ℹ su_web 該時段內無資料變動，未生成有效 SQL。
[2026-09-08 00:30:01] ℹ sm_m2 該時段內無資料變動，未生成有效 SQL。
[2026-09-08 00:30:02] ℹ 備份檔案完成
[2026-09-08 01:00:01] 開始轉換時間範圍: 2026-09-08 00:00:00 到 2026-09-08 00:59:59
[2026-09-08 01:00:01] ℹ su_web 該時段內無資料變動，未生成有效 SQL。
[2026-09-08 01:00:01] ℹ sm_m2 該時段內無資料變動，未生成有效 SQL。
[2026-09-08 01:00:02] ℹ 備份檔案完成
[2026-09-08 01:30:02] 開始轉換時間範圍: 2026-09-08 00:00:00 到 2026-09-08 00:59:59
[2026-09-08 01:30:02] ℹ su_web 該時段內無資料變動，未生成有效 SQL。
[2026-09-08 01:30:02] ℹ sm_m2 該時段內無資料變動，未生成有效 SQL。
[2026-09-08 01:30:02] ℹ 備份檔案完成
[2026-09-08 02:00:01] 開始轉換時間範圍: 2026-09-08 01:00:00 到 2026-09-08 01:59:59
[2026-09-08 02:00:01] ℹ su_web 該時段內無資料變動，未生成有效 SQL。
[2026-09-08 02:00:02] ℹ sm_m2 該時段內無資料變動，未生成有效 SQL。
[2026-09-08 02:00:02] ℹ 備份檔案完成
[2026-09-08 02:30:02] 開始轉換時間範圍: 2026-09-08 01:00:00 到 2026-09-08 01:59:59
[2026-09-08 02:30:02] ℹ su_web 該時段內無資料變動，未生成有效 SQL。
[2026-09-08 02:30:02] ℹ sm_m2 該時段內無資料變動，未生成有效 SQL。
[2026-09-08 02:30:02] ℹ 備份檔案完成
[2026-09-08 03:00:01] 開始轉換時間範圍: 2026-09-08 02:00:00 到 2026-09-08 02:59:59
[2026-09-08 03:00:01] ℹ su_web 該時段內無資料變動，未生成有效 SQL。
[2026-09-08 03:00:01] ℹ sm_m2 該時段內無資料變動，未生成有效 SQL。
[2026-09-08 03:00:01] ℹ 備份檔案完成
[2026-09-08 03:30:01] 開始轉換時間範圍: 2026-09-08 02:00:00 到 2026-09-08 02:59:59
[2026-09-08 03:30:01] ℹ su_web 該時段內無資料變動，未生成有效 SQL。
[2026-09-08 03:30:01] ℹ sm_m2 該時段內無資料變動，未生成有效 SQL。
[2026-09-08 03:30:01] ℹ 備份檔案完成
[2026-09-08 04:00:01] 開始轉換時間範圍: 2026-09-08 03:00:00 到 2026-09-08 03:59:59
[2026-09-08 04:00:01] ℹ su_web 該時段內無資料變動，未生成有效 SQL。
[2026-09-08 04:00:01] ℹ sm_m2 該時段內無資料變動，未生成有效 SQL。
[2026-09-08 04:00:01] ℹ 備份檔案完成
[2026-09-08 04:30:01] 開始轉換時間範圍: 2026-09-08 03:00:00 到 2026-09-08 03:59:59
[2026-09-08 04:30:01] ℹ su_web 該時段內無資料變動，未生成有效 SQL。
[2026-09-08 04:30:01] ℹ sm_m2 該時段內無資料變動，未生成有效 SQL。
[2026-09-08 04:30:01] ℹ 備份檔案完成
[2026-09-08 05:00:01] 開始轉換時間範圍: 2026-09-08 04:00:00 到 2026-09-08 04:59:59
[2026-09-08 05:00:01] ℹ su_web 該時段內無資料變動，未生成有效 SQL。
[2026-09-08 05:00:01] ℹ sm_m2 該時段內無資料變動，未生成有效 SQL。
[2026-09-08 05:00:01] ℹ 備份檔案完成
[2026-09-08 05:30:01] 開始轉換時間範圍: 2026-09-08 04:00:00 到 2026-09-08 04:59:59
[2026-09-08 05:30:01] ℹ su_web 該時段內無資料變動，未生成有效 SQL。
[2026-09-08 05:30:01] ℹ sm_m2 該時段內無資料變動，未生成有效 SQL。
[2026-09-08 05:30:01] ℹ 備份檔案完成
[2026-09-08 06:00:01] 開始轉換時間範圍: 2026-09-08 05:00:00 到 2026-09-08 05:59:59
[2026-09-08 06:00:01] ℹ su_web 該時段內無資料變動，未生成有效 SQL。
[2026-09-08 06:00:01] ℹ sm_m2 該時段內無資料變動，未生成有效 SQL。
[2026-09-08 06:00:01] ℹ 備份檔案完成
[2026-09-08 06:30:01] 開始轉換時間範圍: 2026-09-08 05:00:00 到 2026-09-08 05:59:59
[2026-09-08 06:30:01] ℹ su_web 該時段內無資料變動，未生成有效 SQL。
[2026-09-08 06:30:01] ℹ sm_m2 該時段內無資料變動，未生成有效 SQL。
[2026-09-08 06:30:01] ℹ 備份檔案完成
[2026-09-08 07:00:01] 開始轉換時間範圍: 2026-09-08 06:00:00 到 2026-09-08 06:59:59
[2026-09-08 07:00:01] ℹ su_web 該時段內無資料變動，未生成有效 SQL。
[2026-09-08 07:00:01] ℹ sm_m2 該時段內無資料變動，未生成有效 SQL。
[2026-09-08 07:00:01] ℹ 備份檔案完成
[2026-09-08 07:30:01] 開始轉換時間範圍: 2026-09-08 06:00:00 到 2026-09-08 06:59:59
[2026-09-08 07:30:02] ℹ su_web 該時段內無資料變動，未生成有效 SQL。
[2026-09-08 07:30:02] ℹ sm_m2 該時段內無資料變動，未生成有效 SQL。
[2026-09-08 07:30:02] ℹ 備份檔案完成
[2026-09-08 08:00:01] 開始轉換時間範圍: 2026-09-08 07:00:00 到 2026-09-08 07:59:59
[2026-09-08 08:00:01] ℹ su_web 該時段內無資料變動，未生成有效 SQL。
[2026-09-08 08:00:01] ℹ sm_m2 該時段內無資料變動，未生成有效 SQL。
[2026-09-08 08:00:01] ℹ 備份檔案完成
[2026-09-08 08:30:02] 開始轉換時間範圍: 2026-09-08 07:00:00 到 2026-09-08 07:59:59
[2026-09-08 08:30:02] ℹ su_web 該時段內無資料變動，未生成有效 SQL。
[2026-09-08 08:30:02] ℹ sm_m2 該時段內無資料變動，未生成有效 SQL。
[2026-09-08 08:30:02] ℹ 備份檔案完成
[2026-09-08 09:00:01] 開始轉換時間範圍: 2026-09-08 08:00:00 到 2026-09-08 08:59:59
[2026-09-08 09:00:01] ℹ su_web 該時段內無資料變動，未生成有效 SQL。
[2026-09-08 09:00:01] ℹ sm_m2 該時段內無資料變動，未生成有效 SQL。
[2026-09-08 09:00:01] ℹ 備份檔案完成
[2026-09-08 09:30:01] 開始轉換時間範圍: 2026-09-08 08:00:00 到 2026-09-08 08:59:59
[2026-09-08 09:30:01] ℹ su_web 該時段內無資料變動，未生成有效 SQL。
[2026-09-08 09:30:01] ℹ sm_m2 該時段內無資料變動，未生成有效 SQL。
[2026-09-08 09:30:02] ℹ 備份檔案完成
[2026-09-08 10:00:01] 開始轉換時間範圍: 2026-09-08 09:00:00 到 2026-09-08 09:59:59
[2026-09-08 10:00:01] ℹ su_web 該時段內無資料變動，未生成有效 SQL。
[2026-09-08 10:00:02] ℹ sm_m2 該時段內無資料變動，未生成有效 SQL。
[2026-09-08 10:00:02] ℹ 備份檔案完成
[2026-09-08 10:30:01] 開始轉換時間範圍: 2026-09-08 09:00:00 到 2026-09-08 09:59:59
[2026-09-08 10:30:02] ℹ su_web 該時段內無資料變動，未生成有效 SQL。
[2026-09-08 10:30:02] ℹ sm_m2 該時段內無資料變動，未生成有效 SQL。
[2026-09-08 10:30:02] ℹ 備份檔案完成
[2026-09-08 11:00:01] 開始轉換時間範圍: 2026-09-08 10:00:00 到 2026-09-08 10:59:59
[2026-09-08 11:00:01] ℹ su_web 該時段內無資料變動，未生成有效 SQL。
[2026-09-08 11:00:01] ℹ sm_m2 該時段內無資料變動，未生成有效 SQL。
[2026-09-08 11:00:01] ℹ 備份檔案完成
[2026-09-08 11:30:01] 開始轉換時間範圍: 2026-09-08 10:00:00 到 2026-09-08 10:59:59
[2026-09-08 11:30:02] ℹ su_web 該時段內無資料變動，未生成有效 SQL。
[2026-09-08 11:30:02] ℹ sm_m2 該時段內無資料變動，未生成有效 SQL。
[2026-09-08 11:30:02] ℹ 備份檔案完成
[2026-09-08 12:00:01] 開始轉換時間範圍: 2026-09-08 11:00:00 到 2026-09-08 11:59:59
[2026-09-08 12:00:01] ℹ su_web 該時段內無資料變動，未生成有效 SQL。
[2026-09-08 12:00:01] ℹ sm_m2 該時段內無資料變動，未生成有效 SQL。
[2026-09-08 12:00:02] ℹ 備份檔案完成
[2026-09-08 12:30:01] 開始轉換時間範圍: 2026-09-08 11:00:00 到 2026-09-08 11:59:59
[2026-09-08 12:30:01] ℹ su_web 該時段內無資料變動，未生成有效 SQL。
[2026-09-08 12:30:01] ℹ sm_m2 該時段內無資料變動，未生成有效 SQL。
[2026-09-08 12:30:01] ℹ 備份檔案完成
[2026-09-08 13:00:01] 開始轉換時間範圍: 2026-09-08 12:00:00 到 2026-09-08 12:59:59
[2026-09-08 13:00:01] ℹ su_web 該時段內無資料變動，未生成有效 SQL。
[2026-09-08 13:00:01] ℹ sm_m2 該時段內無資料變動，未生成有效 SQL。
[2026-09-08 13:00:01] ℹ 備份檔案完成
[2026-09-08 13:30:01] 開始轉換時間範圍: 2026-09-08 12:00:00 到 2026-09-08 12:59:59
[2026-09-08 13:30:01] ℹ su_web 該時段內無資料變動，未生成有效 SQL。
[2026-09-08 13:30:01] ℹ sm_m2 該時段內無資料變動，未生成有效 SQL。
[2026-09-08 13:30:02] ℹ 備份檔案完成
[2026-09-08 14:00:02] 開始轉換時間範圍: 2026-09-08 13:00:00 到 2026-09-08 13:59:59
[2026-09-08 14:00:02] ℹ su_web 該時段內無資料變動，未生成有效 SQL。
[2026-09-08 14:00:02] ℹ sm_m2 該時段內無資料變動，未生成有效 SQL。
[2026-09-08 14:00:02] ℹ 備份檔案完成
[2026-09-08 14:30:01] 開始轉換時間範圍: 2026-09-08 13:00:00 到 2026-09-08 13:59:59
[2026-09-08 14:30:02] ℹ su_web 該時段內無資料變動，未生成有效 SQL。
[2026-09-08 14:30:02] ℹ sm_m2 該時段內無資料變動，未生成有效 SQL。
[2026-09-08 14:30:02] ℹ 備份檔案完成
[2026-09-08 15:00:01] 開始轉換時間範圍: 2026-09-08 14:00:00 到 2026-09-08 14:59:59
[2026-09-08 15:00:02] ℹ su_web 該時段內無資料變動，未生成有效 SQL。
[2026-09-08 15:00:02] ℹ sm_m2 該時段內無資料變動，未生成有效 SQL。
[2026-09-08 15:00:02] ℹ 備份檔案完成
[2026-09-08 15:30:01] 開始轉換時間範圍: 2026-09-08 14:00:00 到 2026-09-08 14:59:59
[2026-09-08 15:30:02] ℹ su_web 該時段內無資料變動，未生成有效 SQL。
[2026-09-08 15:30:02] ℹ sm_m2 該時段內無資料變動，未生成有效 SQL。
[2026-09-08 15:30:02] ℹ 備份檔案完成
[2026-09-08 16:00:01] 開始轉換時間範圍: 2026-09-08 15:00:00 到 2026-09-08 15:59:59
[2026-09-08 16:00:01] ✓ su_web 完成: /mnt/web/www/hksu/.db/files/2026/09/08/20260908_15_Backup_su_web.sql.zip
[2026-09-08 16:00:02] ℹ sm_m2 該時段內無資料變動，未生成有效 SQL。
[2026-09-08 16:00:02] ℹ 備份檔案，提交 Git 。
[2026-09-08 16:00:03] ℹ 備份檔案，add . 完成。
[2026-09-08 16:00:03] ℹ 備份檔案，commit -m backup 20260908_15 完成。
[2026-09-08 16:00:03] ℹ 備份檔案，開始 push。
[2026-09-08 16:00:06] ℹ 備份檔案完成
[2026-09-08 16:30:02] 開始轉換時間範圍: 2026-09-08 15:00:00 到 2026-09-08 15:59:59
[2026-09-08 16:30:02] ✓ su_web 完成: /mnt/web/www/hksu/.db/files/2026/09/08/20260908_15_Backup_su_web.sql.zip
[2026-09-08 16:30:02] ℹ sm_m2 該時段內無資料變動，未生成有效 SQL。
[2026-09-08 16:30:02] ℹ 備份檔案，提交 Git 。
[2026-09-08 16:30:03] ℹ 備份檔案，add . 完成。
[2026-09-08 16:30:03] ℹ 備份檔案，commit -m backup 20260908_15 完成。
[2026-09-08 16:30:03] ℹ 備份檔案，開始 push。
[2026-09-08 16:30:05] ℹ 備份檔案完成
[2026-09-08 17:00:01] 開始轉換時間範圍: 2026-09-08 16:00:00 到 2026-09-08 16:59:59
[2026-09-08 17:00:01] ℹ su_web 該時段內無資料變動，未生成有效 SQL。
[2026-09-08 17:00:01] ℹ sm_m2 該時段內無資料變動，未生成有效 SQL。
[2026-09-08 17:00:01] ℹ 備份檔案完成
[2026-09-08 17:30:02] 開始轉換時間範圍: 2026-09-08 16:00:00 到 2026-09-08 16:59:59
[2026-09-08 17:30:02] ℹ su_web 該時段內無資料變動，未生成有效 SQL。
[2026-09-08 17:30:02] ℹ sm_m2 該時段內無資料變動，未生成有效 SQL。
[2026-09-08 17:30:03] ℹ 備份檔案完成
[2026-09-08 18:00:01] 開始轉換時間範圍: 2026-09-08 17:00:00 到 2026-09-08 17:59:59
[2026-09-08 18:00:01] ℹ su_web 該時段內無資料變動，未生成有效 SQL。
[2026-09-08 18:00:02] ℹ sm_m2 該時段內無資料變動，未生成有效 SQL。
[2026-09-08 18:00:02] ℹ 備份檔案完成
[2026-09-08 18:30:01] 開始轉換時間範圍: 2026-09-08 17:00:00 到 2026-09-08 17:59:59
[2026-09-08 18:30:01] ℹ su_web 該時段內無資料變動，未生成有效 SQL。
[2026-09-08 18:30:01] ℹ sm_m2 該時段內無資料變動，未生成有效 SQL。
[2026-09-08 18:30:02] ℹ 備份檔案完成
[2026-09-08 19:00:01] 開始轉換時間範圍: 2026-09-08 18:00:00 到 2026-09-08 18:59:59
[2026-09-08 19:00:01] ℹ su_web 該時段內無資料變動，未生成有效 SQL。
[2026-09-08 19:00:02] ✓ sm_m2 完成: /mnt/web/www/hksu/.db/files/2026/09/08/20260908_18_Backup_sm_m2.sql.zip
[2026-09-08 19:00:02] ℹ 備份檔案，提交 Git 。
[2026-09-08 19:00:02] ℹ 備份檔案，add . 完成。
[2026-09-08 19:00:03] ℹ 備份檔案，commit -m backup 20260908_18 完成。
[2026-09-08 19:00:03] ℹ 備份檔案，開始 push。
[2026-09-08 19:00:05] ℹ 備份檔案完成
[2026-09-08 19:30:02] 開始轉換時間範圍: 2026-09-08 18:00:00 到 2026-09-08 18:59:59
[2026-09-08 19:30:02] ℹ su_web 該時段內無資料變動，未生成有效 SQL。
[2026-09-08 19:30:02] ✓ sm_m2 完成: /mnt/web/www/hksu/.db/files/2026/09/08/20260908_18_Backup_sm_m2.sql.zip
[2026-09-08 19:30:02] ℹ 備份檔案，提交 Git 。
[2026-09-08 19:30:03] ℹ 備份檔案，add . 完成。
[2026-09-08 19:30:03] ℹ 備份檔案，commit -m backup 20260908_18 完成。
[2026-09-08 19:30:03] ℹ 備份檔案，開始 push。
[2026-09-08 19:30:05] ℹ 備份檔案完成
[2026-09-08 20:00:01] 開始轉換時間範圍: 2026-09-08 19:00:00 到 2026-09-08 19:59:59
[2026-09-08 20:00:01] ℹ su_web 該時段內無資料變動，未生成有效 SQL。
[2026-09-08 20:00:01] ℹ sm_m2 該時段內無資料變動，未生成有效 SQL。
[2026-09-08 20:00:01] ℹ 備份檔案完成
[2026-09-08 20:30:02] 開始轉換時間範圍: 2026-09-08 19:00:00 到 2026-09-08 19:59:59
[2026-09-08 20:30:02] ℹ su_web 該時段內無資料變動，未生成有效 SQL。
[2026-09-08 20:30:02] ℹ sm_m2 該時段內無資料變動，未生成有效 SQL。
[2026-09-08 20:30:02] ℹ 備份檔案完成
[2026-09-08 21:00:01] 開始轉換時間範圍: 2026-09-08 20:00:00 到 2026-09-08 20:59:59
[2026-09-08 21:00:01] ℹ su_web 該時段內無資料變動，未生成有效 SQL。
[2026-09-08 21:00:01] ℹ sm_m2 該時段內無資料變動，未生成有效 SQL。
[2026-09-08 21:00:01] ℹ 備份檔案完成
[2026-09-08 21:30:02] 開始轉換時間範圍: 2026-09-08 20:00:00 到 2026-09-08 20:59:59
[2026-09-08 21:30:02] ℹ su_web 該時段內無資料變動，未生成有效 SQL。
[2026-09-08 21:30:02] ℹ sm_m2 該時段內無資料變動，未生成有效 SQL。
[2026-09-08 21:30:02] ℹ 備份檔案完成
[2026-09-08 22:00:01] 開始轉換時間範圍: 2026-09-08 21:00:00 到 2026-09-08 21:59:59
[2026-09-08 22:00:01] ℹ su_web 該時段內無資料變動，未生成有效 SQL。
[2026-09-08 22:00:01] ℹ sm_m2 該時段內無資料變動，未生成有效 SQL。
[2026-09-08 22:00:02] ℹ 備份檔案完成
[2026-09-08 22:30:01] 開始轉換時間範圍: 2026-09-08 21:00:00 到 2026-09-08 21:59:59
[2026-09-08 22:30:01] ℹ su_web 該時段內無資料變動，未生成有效 SQL。
[2026-09-08 22:30:01] ℹ sm_m2 該時段內無資料變動，未生成有效 SQL。
[2026-09-08 22:30:02] ℹ 備份檔案完成
[2026-09-08 23:00:01] 開始轉換時間範圍: 2026-09-08 22:00:00 到 2026-09-08 22:59:59
[2026-09-08 23:00:02] ℹ su_web 該時段內無資料變動，未生成有效 SQL。
[2026-09-08 23:00:02] ℹ sm_m2 該時段內無資料變動，未生成有效 SQL。
[2026-09-08 23:00:03] ℹ 備份檔案完成
[2026-09-08 23:30:02] 開始轉換時間範圍: 2026-09-08 22:00:00 到 2026-09-08 22:59:59
[2026-09-08 23:30:02] ℹ su_web 該時段內無資料變動，未生成有效 SQL。
[2026-09-08 23:30:02] ℹ sm_m2 該時段內無資料變動，未生成有效 SQL。
[2026-09-08 23:30:03] ℹ 備份檔案完成
[2026-09-09 00:00:01] 開始轉換時間範圍: 2026-09-08 23:00:00 到 2026-09-08 23:59:59
[2026-09-09 00:00:02] ℹ su_web 該時段內無資料變動，未生成有效 SQL。
[2026-09-09 00:00:02] ℹ sm_m2 該時段內無資料變動，未生成有效 SQL。
[2026-09-09 00:00:02] ℹ 備份檔案完成
[2026-09-09 00:30:01] 開始轉換時間範圍: 2026-09-08 23:00:00 到 2026-09-08 23:59:59
[2026-09-09 00:30:02] ℹ su_web 該時段內無資料變動，未生成有效 SQL。
[2026-09-09 00:30:02] ℹ sm_m2 該時段內無資料變動，未生成有效 SQL。
[2026-09-09 00:30:02] ℹ 備份檔案完成
[2026-09-09 01:00:01] 開始轉換時間範圍: 2026-09-09 00:00:00 到 2026-09-09 00:59:59
[2026-09-09 01:00:01] ℹ su_web 該時段內無資料變動，未生成有效 SQL。
[2026-09-09 01:00:02] ℹ sm_m2 該時段內無資料變動，未生成有效 SQL。
[2026-09-09 01:00:02] ℹ 備份檔案完成
[2026-09-09 01:30:01] 開始轉換時間範圍: 2026-09-09 00:00:00 到 2026-09-09 00:59:59
[2026-09-09 01:30:01] ℹ su_web 該時段內無資料變動，未生成有效 SQL。
[2026-09-09 01:30:02] ℹ sm_m2 該時段內無資料變動，未生成有效 SQL。
[2026-09-09 01:30:03] ℹ 備份檔案完成
[2026-09-09 02:00:02] 開始轉換時間範圍: 2026-09-09 01:00:00 到 2026-09-09 01:59:59
[2026-09-09 02:00:02] ℹ su_web 該時段內無資料變動，未生成有效 SQL。
[2026-09-09 02:00:02] ℹ sm_m2 該時段內無資料變動，未生成有效 SQL。
[2026-09-09 02:00:02] ℹ 備份檔案完成
[2026-09-09 02:30:01] 開始轉換時間範圍: 2026-09-09 01:00:00 到 2026-09-09 01:59:59
[2026-09-09 02:30:01] ℹ su_web 該時段內無資料變動，未生成有效 SQL。
[2026-09-09 02:30:01] ℹ sm_m2 該時段內無資料變動，未生成有效 SQL。
[2026-09-09 02:30:01] ℹ 備份檔案完成
[2026-09-09 03:00:02] 開始轉換時間範圍: 2026-09-09 02:00:00 到 2026-09-09 02:59:59
[2026-09-09 03:00:02] ℹ su_web 該時段內無資料變動，未生成有效 SQL。
[2026-09-09 03:00:02] ℹ sm_m2 該時段內無資料變動，未生成有效 SQL。
[2026-09-09 03:00:02] ℹ 備份檔案完成
[2026-09-09 03:30:01] 開始轉換時間範圍: 2026-09-09 02:00:00 到 2026-09-09 02:59:59
[2026-09-09 03:30:02] ℹ su_web 該時段內無資料變動，未生成有效 SQL。
[2026-09-09 03:30:02] ℹ sm_m2 該時段內無資料變動，未生成有效 SQL。
[2026-09-09 03:30:02] ℹ 備份檔案完成
[2026-09-09 04:00:02] 開始轉換時間範圍: 2026-09-09 03:00:00 到 2026-09-09 03:59:59
[2026-09-09 04:00:02] ℹ su_web 該時段內無資料變動，未生成有效 SQL。
[2026-09-09 04:00:03] ℹ sm_m2 該時段內無資料變動，未生成有效 SQL。
[2026-09-09 04:00:03] ℹ 備份檔案完成
[2026-09-09 04:30:02] 開始轉換時間範圍: 2026-09-09 03:00:00 到 2026-09-09 03:59:59
[2026-09-09 04:30:02] ℹ su_web 該時段內無資料變動，未生成有效 SQL。
[2026-09-09 04:30:02] ℹ sm_m2 該時段內無資料變動，未生成有效 SQL。
[2026-09-09 04:30:02] ℹ 備份檔案完成
[2026-09-09 05:00:01] 開始轉換時間範圍: 2026-09-09 04:00:00 到 2026-09-09 04:59:59
[2026-09-09 05:00:01] ℹ su_web 該時段內無資料變動，未生成有效 SQL。
[2026-09-09 05:00:01] ℹ sm_m2 該時段內無資料變動，未生成有效 SQL。
[2026-09-09 05:00:02] ℹ 備份檔案完成
[2026-09-09 05:30:02] 開始轉換時間範圍: 2026-09-09 04:00:00 到 2026-09-09 04:59:59
[2026-09-09 05:30:02] ℹ su_web 該時段內無資料變動，未生成有效 SQL。
[2026-09-09 05:30:02] ℹ sm_m2 該時段內無資料變動，未生成有效 SQL。
[2026-09-09 05:30:03] ℹ 備份檔案完成
[2026-09-09 06:00:01] 開始轉換時間範圍: 2026-09-09 05:00:00 到 2026-09-09 05:59:59
[2026-09-09 06:00:01] ℹ su_web 該時段內無資料變動，未生成有效 SQL。
[2026-09-09 06:00:01] ℹ sm_m2 該時段內無資料變動，未生成有效 SQL。
[2026-09-09 06:00:01] ℹ 備份檔案完成
[2026-09-09 06:30:02] 開始轉換時間範圍: 2026-09-09 05:00:00 到 2026-09-09 05:59:59
[2026-09-09 06:30:02] ℹ su_web 該時段內無資料變動，未生成有效 SQL。
[2026-09-09 06:30:02] ℹ sm_m2 該時段內無資料變動，未生成有效 SQL。
[2026-09-09 06:30:02] ℹ 備份檔案完成
[2026-09-09 07:00:01] 開始轉換時間範圍: 2026-09-09 06:00:00 到 2026-09-09 06:59:59
[2026-09-09 07:00:01] ℹ su_web 該時段內無資料變動，未生成有效 SQL。
[2026-09-09 07:00:01] ℹ sm_m2 該時段內無資料變動，未生成有效 SQL。
[2026-09-09 07:00:01] ℹ 備份檔案完成
[2026-09-09 07:30:02] 開始轉換時間範圍: 2026-09-09 06:00:00 到 2026-09-09 06:59:59
[2026-09-09 07:30:02] ℹ su_web 該時段內無資料變動，未生成有效 SQL。
[2026-09-09 07:30:02] ℹ sm_m2 該時段內無資料變動，未生成有效 SQL。
[2026-09-09 07:30:02] ℹ 備份檔案完成
[2026-09-09 08:00:02] 開始轉換時間範圍: 2026-09-09 07:00:00 到 2026-09-09 07:59:59
[2026-09-09 08:00:02] ℹ su_web 該時段內無資料變動，未生成有效 SQL。
[2026-09-09 08:00:02] ℹ sm_m2 該時段內無資料變動，未生成有效 SQL。
[2026-09-09 08:00:03] ℹ 備份檔案完成
[2026-09-09 08:30:01] 開始轉換時間範圍: 2026-09-09 07:00:00 到 2026-09-09 07:59:59
[2026-09-09 08:30:01] ℹ su_web 該時段內無資料變動，未生成有效 SQL。
[2026-09-09 08:30:02] ℹ sm_m2 該時段內無資料變動，未生成有效 SQL。
[2026-09-09 08:30:02] ℹ 備份檔案完成
[2026-09-09 09:00:01] 開始轉換時間範圍: 2026-09-09 08:00:00 到 2026-09-09 08:59:59
[2026-09-09 09:00:01] ℹ su_web 該時段內無資料變動，未生成有效 SQL。
[2026-09-09 09:00:01] ℹ sm_m2 該時段內無資料變動，未生成有效 SQL。
[2026-09-09 09:00:02] ℹ 備份檔案完成
[2026-09-09 09:30:01] 開始轉換時間範圍: 2026-09-09 08:00:00 到 2026-09-09 08:59:59
[2026-09-09 09:30:01] ℹ su_web 該時段內無資料變動，未生成有效 SQL。
[2026-09-09 09:30:01] ℹ sm_m2 該時段內無資料變動，未生成有效 SQL。
[2026-09-09 09:30:01] ℹ 備份檔案完成
[2026-09-09 10:00:02] 開始轉換時間範圍: 2026-09-09 09:00:00 到 2026-09-09 09:59:59
[2026-09-09 10:00:02] ✓ su_web 完成: /mnt/web/www/hksu/.db/files/2026/09/09/20260909_09_Backup_su_web.sql.zip
[2026-09-09 10:00:02] ℹ sm_m2 該時段內無資料變動，未生成有效 SQL。
[2026-09-09 10:00:02] ℹ 備份檔案，提交 Git 。
[2026-09-09 10:00:03] ℹ 備份檔案，add . 完成。
[2026-09-09 10:00:04] ℹ 備份檔案，commit -m backup 20260909_09 完成。
[2026-09-09 10:00:04] ℹ 備份檔案，開始 push。
[2026-09-09 10:00:06] ℹ 備份檔案完成
[2026-09-09 10:30:01] 開始轉換時間範圍: 2026-09-09 09:00:00 到 2026-09-09 09:59:59
[2026-09-09 10:30:01] ✓ su_web 完成: /mnt/web/www/hksu/.db/files/2026/09/09/20260909_09_Backup_su_web.sql.zip
[2026-09-09 10:30:02] ℹ sm_m2 該時段內無資料變動，未生成有效 SQL。
[2026-09-09 10:30:02] ℹ 備份檔案，提交 Git 。
[2026-09-09 10:30:02] ℹ 備份檔案，add . 完成。
[2026-09-09 10:30:03] ℹ 備份檔案，commit -m backup 20260909_09 完成。
[2026-09-09 10:30:03] ℹ 備份檔案，開始 push。
[2026-09-09 10:30:06] ℹ 備份檔案完成
[2026-09-09 11:00:01] 開始轉換時間範圍: 2026-09-09 10:00:00 到 2026-09-09 10:59:59
[2026-09-09 11:00:01] ℹ su_web 該時段內無資料變動，未生成有效 SQL。
[2026-09-09 11:00:01] ℹ sm_m2 該時段內無資料變動，未生成有效 SQL。
[2026-09-09 11:00:02] ℹ 備份檔案完成
[2026-09-09 11:30:01] 開始轉換時間範圍: 2026-09-09 10:00:00 到 2026-09-09 10:59:59
[2026-09-09 11:30:02] ℹ su_web 該時段內無資料變動，未生成有效 SQL。
[2026-09-09 11:30:02] ℹ sm_m2 該時段內無資料變動，未生成有效 SQL。
[2026-09-09 11:30:03] ℹ 備份檔案完成
[2026-09-09 12:00:02] 開始轉換時間範圍: 2026-09-09 11:00:00 到 2026-09-09 11:59:59
[2026-09-09 12:00:02] ℹ su_web 該時段內無資料變動，未生成有效 SQL。
[2026-09-09 12:00:02] ℹ sm_m2 該時段內無資料變動，未生成有效 SQL。
[2026-09-09 12:00:02] ℹ 備份檔案完成
[2026-09-09 12:30:02] 開始轉換時間範圍: 2026-09-09 11:00:00 到 2026-09-09 11:59:59
[2026-09-09 12:30:02] ℹ su_web 該時段內無資料變動，未生成有效 SQL。
[2026-09-09 12:30:03] ℹ sm_m2 該時段內無資料變動，未生成有效 SQL。
[2026-09-09 12:30:03] ℹ 備份檔案完成
[2026-09-09 13:00:01] 開始轉換時間範圍: 2026-09-09 12:00:00 到 2026-09-09 12:59:59
[2026-09-09 13:00:01] ℹ su_web 該時段內無資料變動，未生成有效 SQL。
[2026-09-09 13:00:01] ℹ sm_m2 該時段內無資料變動，未生成有效 SQL。
[2026-09-09 13:00:01] ℹ 備份檔案完成
[2026-09-09 13:30:02] 開始轉換時間範圍: 2026-09-09 12:00:00 到 2026-09-09 12:59:59
[2026-09-09 13:30:02] ℹ su_web 該時段內無資料變動，未生成有效 SQL。
[2026-09-09 13:30:02] ℹ sm_m2 該時段內無資料變動，未生成有效 SQL。
[2026-09-09 13:30:02] ℹ 備份檔案完成
[2026-09-09 14:00:02] 開始轉換時間範圍: 2026-09-09 13:00:00 到 2026-09-09 13:59:59
[2026-09-09 14:00:02] ℹ su_web 該時段內無資料變動，未生成有效 SQL。
[2026-09-09 14:00:02] ℹ sm_m2 該時段內無資料變動，未生成有效 SQL。
[2026-09-09 14:00:02] ℹ 備份檔案完成
[2026-09-09 14:30:02] 開始轉換時間範圍: 2026-09-09 13:00:00 到 2026-09-09 13:59:59
[2026-09-09 14:30:02] ℹ su_web 該時段內無資料變動，未生成有效 SQL。
[2026-09-09 14:30:02] ℹ sm_m2 該時段內無資料變動，未生成有效 SQL。
[2026-09-09 14:30:02] ℹ 備份檔案完成
[2026-09-09 15:00:02] 開始轉換時間範圍: 2026-09-09 14:00:00 到 2026-09-09 14:59:59
[2026-09-09 15:00:03] ℹ su_web 該時段內無資料變動，未生成有效 SQL。
[2026-09-09 15:00:03] ℹ sm_m2 該時段內無資料變動，未生成有效 SQL。
[2026-09-09 15:00:03] ℹ 備份檔案完成
[2026-09-09 15:30:01] 開始轉換時間範圍: 2026-09-09 14:00:00 到 2026-09-09 14:59:59
[2026-09-09 15:30:01] ℹ su_web 該時段內無資料變動，未生成有效 SQL。
[2026-09-09 15:30:01] ℹ sm_m2 該時段內無資料變動，未生成有效 SQL。
[2026-09-09 15:30:02] ℹ 備份檔案完成
[2026-09-09 16:00:01] 開始轉換時間範圍: 2026-09-09 15:00:00 到 2026-09-09 15:59:59
[2026-09-09 16:00:01] ℹ su_web 該時段內無資料變動，未生成有效 SQL。
[2026-09-09 16:00:01] ℹ sm_m2 該時段內無資料變動，未生成有效 SQL。
[2026-09-09 16:00:01] ℹ 備份檔案完成
[2026-09-09 16:30:02] 開始轉換時間範圍: 2026-09-09 15:00:00 到 2026-09-09 15:59:59
[2026-09-09 16:30:02] ℹ su_web 該時段內無資料變動，未生成有效 SQL。
[2026-09-09 16:30:02] ℹ sm_m2 該時段內無資料變動，未生成有效 SQL。
[2026-09-09 16:30:02] ℹ 備份檔案完成
[2026-09-09 17:00:01] 開始轉換時間範圍: 2026-09-09 16:00:00 到 2026-09-09 16:59:59
[2026-09-09 17:00:01] ℹ su_web 該時段內無資料變動，未生成有效 SQL。
[2026-09-09 17:00:01] ℹ sm_m2 該時段內無資料變動，未生成有效 SQL。
[2026-09-09 17:00:01] ℹ 備份檔案完成
[2026-09-09 17:30:01] 開始轉換時間範圍: 2026-09-09 16:00:00 到 2026-09-09 16:59:59
[2026-09-09 17:30:01] ℹ su_web 該時段內無資料變動，未生成有效 SQL。
[2026-09-09 17:30:01] ℹ sm_m2 該時段內無資料變動，未生成有效 SQL。
[2026-09-09 17:30:01] ℹ 備份檔案完成
[2026-09-09 18:00:02] 開始轉換時間範圍: 2026-09-09 17:00:00 到 2026-09-09 17:59:59
[2026-09-09 18:00:02] ℹ su_web 該時段內無資料變動，未生成有效 SQL。
[2026-09-09 18:00:03] ℹ sm_m2 該時段內無資料變動，未生成有效 SQL。
[2026-09-09 18:00:03] ℹ 備份檔案完成
[2026-09-09 18:30:01] 開始轉換時間範圍: 2026-09-09 17:00:00 到 2026-09-09 17:59:59
[2026-09-09 18:30:02] ℹ su_web 該時段內無資料變動，未生成有效 SQL。
[2026-09-09 18:30:02] ℹ sm_m2 該時段內無資料變動，未生成有效 SQL。
[2026-09-09 18:30:02] ℹ 備份檔案完成
[2026-09-09 19:00:01] 開始轉換時間範圍: 2026-09-09 18:00:00 到 2026-09-09 18:59:59
[2026-09-09 19:00:01] ℹ su_web 該時段內無資料變動，未生成有效 SQL。
[2026-09-09 19:00:02] ℹ sm_m2 該時段內無資料變動，未生成有效 SQL。
[2026-09-09 19:00:02] ℹ 備份檔案完成
[2026-09-09 19:30:01] 開始轉換時間範圍: 2026-09-09 18:00:00 到 2026-09-09 18:59:59
[2026-09-09 19:30:01] ℹ su_web 該時段內無資料變動，未生成有效 SQL。
[2026-09-09 19:30:01] ℹ sm_m2 該時段內無資料變動，未生成有效 SQL。
[2026-09-09 19:30:02] ℹ 備份檔案完成
[2026-09-09 20:00:01] 開始轉換時間範圍: 2026-09-09 19:00:00 到 2026-09-09 19:59:59
[2026-09-09 20:00:01] ℹ su_web 該時段內無資料變動，未生成有效 SQL。
[2026-09-09 20:00:01] ℹ sm_m2 該時段內無資料變動，未生成有效 SQL。
[2026-09-09 20:00:01] ℹ 備份檔案完成
[2026-09-09 20:30:01] 開始轉換時間範圍: 2026-09-09 19:00:00 到 2026-09-09 19:59:59
[2026-09-09 20:30:01] ℹ su_web 該時段內無資料變動，未生成有效 SQL。
[2026-09-09 20:30:01] ℹ sm_m2 該時段內無資料變動，未生成有效 SQL。
[2026-09-09 20:30:02] ℹ 備份檔案完成
[2026-09-09 21:00:01] 開始轉換時間範圍: 2026-09-09 20:00:00 到 2026-09-09 20:59:59
[2026-09-09 21:00:01] ℹ su_web 該時段內無資料變動，未生成有效 SQL。
[2026-09-09 21:00:01] ℹ sm_m2 該時段內無資料變動，未生成有效 SQL。
[2026-09-09 21:00:02] ℹ 備份檔案完成
[2026-09-09 21:30:01] 開始轉換時間範圍: 2026-09-09 20:00:00 到 2026-09-09 20:59:59
[2026-09-09 21:30:01] ℹ su_web 該時段內無資料變動，未生成有效 SQL。
[2026-09-09 21:30:02] ℹ sm_m2 該時段內無資料變動，未生成有效 SQL。
[2026-09-09 21:30:02] ℹ 備份檔案完成
[2026-09-09 22:00:02] 開始轉換時間範圍: 2026-09-09 21:00:00 到 2026-09-09 21:59:59
[2026-09-09 22:00:02] ℹ su_web 該時段內無資料變動，未生成有效 SQL。
[2026-09-09 22:00:02] ℹ sm_m2 該時段內無資料變動，未生成有效 SQL。
[2026-09-09 22:00:02] ℹ 備份檔案完成
[2026-09-09 22:30:02] 開始轉換時間範圍: 2026-09-09 21:00:00 到 2026-09-09 21:59:59
[2026-09-09 22:30:02] ℹ su_web 該時段內無資料變動，未生成有效 SQL。
[2026-09-09 22:30:02] ℹ sm_m2 該時段內無資料變動，未生成有效 SQL。
[2026-09-09 22:30:02] ℹ 備份檔案完成
[2026-09-09 23:00:01] 開始轉換時間範圍: 2026-09-09 22:00:00 到 2026-09-09 22:59:59
[2026-09-09 23:00:01] ℹ su_web 該時段內無資料變動，未生成有效 SQL。
[2026-09-09 23:00:01] ℹ sm_m2 該時段內無資料變動，未生成有效 SQL。
[2026-09-09 23:00:01] ℹ 備份檔案完成
[2026-09-09 23:30:02] 開始轉換時間範圍: 2026-09-09 22:00:00 到 2026-09-09 22:59:59
[2026-09-09 23:30:02] ℹ su_web 該時段內無資料變動，未生成有效 SQL。
[2026-09-09 23:30:02] ℹ sm_m2 該時段內無資料變動，未生成有效 SQL。
[2026-09-09 23:30:03] ℹ 備份檔案完成
[2026-09-10 00:00:01] 開始轉換時間範圍: 2026-09-09 23:00:00 到 2026-09-09 23:59:59
[2026-09-10 00:00:01] ℹ su_web 該時段內無資料變動，未生成有效 SQL。
[2026-09-10 00:00:01] ℹ sm_m2 該時段內無資料變動，未生成有效 SQL。
[2026-09-10 00:00:01] ℹ 備份檔案完成
[2026-09-10 00:30:01] 開始轉換時間範圍: 2026-09-09 23:00:00 到 2026-09-09 23:59:59
[2026-09-10 00:30:01] ℹ su_web 該時段內無資料變動，未生成有效 SQL。
[2026-09-10 00:30:01] ℹ sm_m2 該時段內無資料變動，未生成有效 SQL。
[2026-09-10 00:30:01] ℹ 備份檔案完成
[2026-09-10 01:00:01] 開始轉換時間範圍: 2026-09-10 00:00:00 到 2026-09-10 00:59:59
[2026-09-10 01:00:01] ✓ su_web 完成: /mnt/web/www/hksu/.db/files/2026/09/10/20260910_00_Backup_su_web.sql.zip
[2026-09-10 01:00:01] ℹ sm_m2 該時段內無資料變動，未生成有效 SQL。
[2026-09-10 01:00:01] ℹ 備份檔案，提交 Git 。
[2026-09-10 01:00:03] ℹ 備份檔案，add . 完成。
[2026-09-10 01:00:03] ℹ 備份檔案，commit -m backup 20260910_00 完成。
[2026-09-10 01:00:03] ℹ 備份檔案，開始 push。
[2026-09-10 01:00:06] ℹ 備份檔案完成
[2026-09-10 01:30:02] 開始轉換時間範圍: 2026-09-10 00:00:00 到 2026-09-10 00:59:59
[2026-09-10 01:30:02] ✓ su_web 完成: /mnt/web/www/hksu/.db/files/2026/09/10/20260910_00_Backup_su_web.sql.zip
[2026-09-10 01:30:02] ℹ sm_m2 該時段內無資料變動，未生成有效 SQL。
[2026-09-10 01:30:02] ℹ 備份檔案，提交 Git 。
[2026-09-10 01:30:03] ℹ 備份檔案，add . 完成。
[2026-09-10 01:30:03] ℹ 備份檔案，commit -m backup 20260910_00 完成。
[2026-09-10 01:30:03] ℹ 備份檔案，開始 push。
[2026-09-10 01:30:05] ℹ 備份檔案完成
[2026-09-10 02:00:02] 開始轉換時間範圍: 2026-09-10 01:00:00 到 2026-09-10 01:59:59
[2026-09-10 02:00:02] ℹ su_web 該時段內無資料變動，未生成有效 SQL。
[2026-09-10 02:00:02] ℹ sm_m2 該時段內無資料變動，未生成有效 SQL。
[2026-09-10 02:00:02] ℹ 備份檔案完成
[2026-09-10 02:30:02] 開始轉換時間範圍: 2026-09-10 01:00:00 到 2026-09-10 01:59:59
[2026-09-10 02:30:02] ℹ su_web 該時段內無資料變動，未生成有效 SQL。
[2026-09-10 02:30:02] ℹ sm_m2 該時段內無資料變動，未生成有效 SQL。
[2026-09-10 02:30:02] ℹ 備份檔案完成
[2026-09-10 03:00:02] 開始轉換時間範圍: 2026-09-10 02:00:00 到 2026-09-10 02:59:59
[2026-09-10 03:00:02] ℹ su_web 該時段內無資料變動，未生成有效 SQL。
[2026-09-10 03:00:02] ℹ sm_m2 該時段內無資料變動，未生成有效 SQL。
[2026-09-10 03:00:02] ℹ 備份檔案完成
[2026-09-10 03:30:02] 開始轉換時間範圍: 2026-09-10 02:00:00 到 2026-09-10 02:59:59
[2026-09-10 03:30:02] ℹ su_web 該時段內無資料變動，未生成有效 SQL。
[2026-09-10 03:30:02] ℹ sm_m2 該時段內無資料變動，未生成有效 SQL。
[2026-09-10 03:30:03] ℹ 備份檔案完成
[2026-09-10 04:00:02] 開始轉換時間範圍: 2026-09-10 03:00:00 到 2026-09-10 03:59:59
[2026-09-10 04:00:02] ℹ su_web 該時段內無資料變動，未生成有效 SQL。
[2026-09-10 04:00:03] ℹ sm_m2 該時段內無資料變動，未生成有效 SQL。
[2026-09-10 04:00:04] ℹ 備份檔案完成
[2026-09-10 04:30:01] 開始轉換時間範圍: 2026-09-10 03:00:00 到 2026-09-10 03:59:59
[2026-09-10 04:30:01] ℹ su_web 該時段內無資料變動，未生成有效 SQL。
[2026-09-10 04:30:02] ℹ sm_m2 該時段內無資料變動，未生成有效 SQL。
[2026-09-10 04:30:02] ℹ 備份檔案完成
[2026-09-10 05:00:02] 開始轉換時間範圍: 2026-09-10 04:00:00 到 2026-09-10 04:59:59
[2026-09-10 05:00:02] ℹ su_web 該時段內無資料變動，未生成有效 SQL。
[2026-09-10 05:00:02] ℹ sm_m2 該時段內無資料變動，未生成有效 SQL。
[2026-09-10 05:00:02] ℹ 備份檔案完成
[2026-09-10 05:30:02] 開始轉換時間範圍: 2026-09-10 04:00:00 到 2026-09-10 04:59:59
[2026-09-10 05:30:02] ℹ su_web 該時段內無資料變動，未生成有效 SQL。
[2026-09-10 05:30:02] ℹ sm_m2 該時段內無資料變動，未生成有效 SQL。
[2026-09-10 05:30:02] ℹ 備份檔案完成
[2026-09-10 06:00:02] 開始轉換時間範圍: 2026-09-10 05:00:00 到 2026-09-10 05:59:59
[2026-09-10 06:00:02] ℹ su_web 該時段內無資料變動，未生成有效 SQL。
[2026-09-10 06:00:02] ℹ sm_m2 該時段內無資料變動，未生成有效 SQL。
[2026-09-10 06:00:02] ℹ 備份檔案完成
[2026-09-10 06:30:02] 開始轉換時間範圍: 2026-09-10 05:00:00 到 2026-09-10 05:59:59
[2026-09-10 06:30:02] ℹ su_web 該時段內無資料變動，未生成有效 SQL。
[2026-09-10 06:30:02] ℹ sm_m2 該時段內無資料變動，未生成有效 SQL。
[2026-09-10 06:30:02] ℹ 備份檔案完成
[2026-09-10 07:00:01] 開始轉換時間範圍: 2026-09-10 06:00:00 到 2026-09-10 06:59:59
[2026-09-10 07:00:01] ℹ su_web 該時段內無資料變動，未生成有效 SQL。
[2026-09-10 07:00:02] ℹ sm_m2 該時段內無資料變動，未生成有效 SQL。
[2026-09-10 07:00:02] ℹ 備份檔案完成
[2026-09-10 07:30:01] 開始轉換時間範圍: 2026-09-10 06:00:00 到 2026-09-10 06:59:59
[2026-09-10 07:30:01] ℹ su_web 該時段內無資料變動，未生成有效 SQL。
[2026-09-10 07:30:01] ℹ sm_m2 該時段內無資料變動，未生成有效 SQL。
[2026-09-10 07:30:01] ℹ 備份檔案完成
[2026-09-10 08:00:02] 開始轉換時間範圍: 2026-09-10 07:00:00 到 2026-09-10 07:59:59
[2026-09-10 08:00:03] ℹ su_web 該時段內無資料變動，未生成有效 SQL。
[2026-09-10 08:00:03] ℹ sm_m2 該時段內無資料變動，未生成有效 SQL。
[2026-09-10 08:00:03] ℹ 備份檔案完成
[2026-09-10 08:30:01] 開始轉換時間範圍: 2026-09-10 07:00:00 到 2026-09-10 07:59:59
[2026-09-10 08:30:02] ℹ su_web 該時段內無資料變動，未生成有效 SQL。
[2026-09-10 08:30:02] ℹ sm_m2 該時段內無資料變動，未生成有效 SQL。
[2026-09-10 08:30:02] ℹ 備份檔案完成
[2026-09-10 09:00:01] 開始轉換時間範圍: 2026-09-10 08:00:00 到 2026-09-10 08:59:59
[2026-09-10 09:00:01] ℹ su_web 該時段內無資料變動，未生成有效 SQL。
[2026-09-10 09:00:01] ℹ sm_m2 該時段內無資料變動，未生成有效 SQL。
[2026-09-10 09:00:02] ℹ 備份檔案完成
[2026-09-10 09:30:01] 開始轉換時間範圍: 2026-09-10 08:00:00 到 2026-09-10 08:59:59
[2026-09-10 09:30:01] ℹ su_web 該時段內無資料變動，未生成有效 SQL。
[2026-09-10 09:30:01] ℹ sm_m2 該時段內無資料變動，未生成有效 SQL。
[2026-09-10 09:30:02] ℹ 備份檔案完成
[2026-09-10 10:00:01] 開始轉換時間範圍: 2026-09-10 09:00:00 到 2026-09-10 09:59:59
[2026-09-10 10:00:01] ℹ su_web 該時段內無資料變動，未生成有效 SQL。
[2026-09-10 10:00:01] ✓ sm_m2 完成: /mnt/web/www/hksu/.db/files/2026/09/10/20260910_09_Backup_sm_m2.sql.zip
[2026-09-10 10:00:01] ℹ 備份檔案，提交 Git 。
[2026-09-10 10:00:02] ℹ 備份檔案，add . 完成。
[2026-09-10 10:00:02] ℹ 備份檔案，commit -m backup 20260910_09 完成。
[2026-09-10 10:00:02] ℹ 備份檔案，開始 push。
[2026-09-10 10:00:05] ℹ 備份檔案完成
[2026-09-10 10:30:01] 開始轉換時間範圍: 2026-09-10 09:00:00 到 2026-09-10 09:59:59
[2026-09-10 10:30:01] ℹ su_web 該時段內無資料變動，未生成有效 SQL。
[2026-09-10 10:30:01] ✓ sm_m2 完成: /mnt/web/www/hksu/.db/files/2026/09/10/20260910_09_Backup_sm_m2.sql.zip
[2026-09-10 10:30:02] ℹ 備份檔案，提交 Git 。
[2026-09-10 10:30:02] ℹ 備份檔案，add . 完成。
[2026-09-10 10:30:03] ℹ 備份檔案，commit -m backup 20260910_09 完成。
[2026-09-10 10:30:03] ℹ 備份檔案，開始 push。
[2026-09-10 10:30:04] ℹ 備份檔案完成
[2026-09-10 11:00:01] 開始轉換時間範圍: 2026-09-10 10:00:00 到 2026-09-10 10:59:59
[2026-09-10 11:00:01] ✓ su_web 完成: /mnt/web/www/hksu/.db/files/2026/09/10/20260910_10_Backup_su_web.sql.zip
[2026-09-10 11:00:01] ℹ sm_m2 該時段內無資料變動，未生成有效 SQL。
[2026-09-10 11:00:01] ℹ 備份檔案，提交 Git 。
[2026-09-10 11:00:01] ℹ 備份檔案，add . 完成。
[2026-09-10 11:00:01] ℹ 備份檔案，commit -m backup 20260910_10 完成。
[2026-09-10 11:00:01] ℹ 備份檔案，開始 push。
[2026-09-10 11:00:03] ℹ 備份檔案完成
[2026-09-10 11:30:02] 開始轉換時間範圍: 2026-09-10 10:00:00 到 2026-09-10 10:59:59
[2026-09-10 11:30:03] ✓ su_web 完成: /mnt/web/www/hksu/.db/files/2026/09/10/20260910_10_Backup_su_web.sql.zip
[2026-09-10 11:30:03] ℹ sm_m2 該時段內無資料變動，未生成有效 SQL。
[2026-09-10 11:30:03] ℹ 備份檔案，提交 Git 。
[2026-09-10 11:30:04] ℹ 備份檔案，add . 完成。
[2026-09-10 11:30:04] ℹ 備份檔案，commit -m backup 20260910_10 完成。
[2026-09-10 11:30:04] ℹ 備份檔案，開始 push。
[2026-09-10 11:30:06] ℹ 備份檔案完成
[2026-09-10 12:00:02] 開始轉換時間範圍: 2026-09-10 11:00:00 到 2026-09-10 11:59:59
[2026-09-10 12:00:02] ℹ su_web 該時段內無資料變動，未生成有效 SQL。
[2026-09-10 12:00:02] ℹ sm_m2 該時段內無資料變動，未生成有效 SQL。
[2026-09-10 12:00:02] ℹ 備份檔案完成
[2026-09-10 12:30:01] 開始轉換時間範圍: 2026-09-10 11:00:00 到 2026-09-10 11:59:59
[2026-09-10 12:30:01] ℹ su_web 該時段內無資料變動，未生成有效 SQL。
[2026-09-10 12:30:01] ℹ sm_m2 該時段內無資料變動，未生成有效 SQL。
[2026-09-10 12:30:02] ℹ 備份檔案完成
[2026-09-10 13:00:01] 開始轉換時間範圍: 2026-09-10 12:00:00 到 2026-09-10 12:59:59
[2026-09-10 13:00:01] ℹ su_web 該時段內無資料變動，未生成有效 SQL。
[2026-09-10 13:00:01] ℹ sm_m2 該時段內無資料變動，未生成有效 SQL。
[2026-09-10 13:00:01] ℹ 備份檔案完成
[2026-09-10 13:30:02] 開始轉換時間範圍: 2026-09-10 12:00:00 到 2026-09-10 12:59:59
[2026-09-10 13:30:02] ℹ su_web 該時段內無資料變動，未生成有效 SQL。
[2026-09-10 13:30:02] ℹ sm_m2 該時段內無資料變動，未生成有效 SQL。
[2026-09-10 13:30:02] ℹ 備份檔案完成
[2026-09-10 14:00:01] 開始轉換時間範圍: 2026-09-10 13:00:00 到 2026-09-10 13:59:59
[2026-09-10 14:00:01] ℹ su_web 該時段內無資料變動，未生成有效 SQL。
[2026-09-10 14:00:02] ℹ sm_m2 該時段內無資料變動，未生成有效 SQL。
[2026-09-10 14:00:02] ℹ 備份檔案完成
[2026-09-10 14:30:02] 開始轉換時間範圍: 2026-09-10 13:00:00 到 2026-09-10 13:59:59
[2026-09-10 14:30:02] ℹ su_web 該時段內無資料變動，未生成有效 SQL。
[2026-09-10 14:30:02] ℹ sm_m2 該時段內無資料變動，未生成有效 SQL。
[2026-09-10 14:30:03] ℹ 備份檔案完成
[2026-09-10 15:00:02] 開始轉換時間範圍: 2026-09-10 14:00:00 到 2026-09-10 14:59:59
[2026-09-10 15:00:02] ℹ su_web 該時段內無資料變動，未生成有效 SQL。
[2026-09-10 15:00:02] ℹ sm_m2 該時段內無資料變動，未生成有效 SQL。
[2026-09-10 15:00:02] ℹ 備份檔案完成
[2026-09-10 15:30:01] 開始轉換時間範圍: 2026-09-10 14:00:00 到 2026-09-10 14:59:59
[2026-09-10 15:30:01] ℹ su_web 該時段內無資料變動，未生成有效 SQL。
[2026-09-10 15:30:01] ℹ sm_m2 該時段內無資料變動，未生成有效 SQL。
[2026-09-10 15:30:01] ℹ 備份檔案完成
[2026-09-10 16:00:01] 開始轉換時間範圍: 2026-09-10 15:00:00 到 2026-09-10 15:59:59
[2026-09-10 16:00:01] ℹ su_web 該時段內無資料變動，未生成有效 SQL。
[2026-09-10 16:00:01] ℹ sm_m2 該時段內無資料變動，未生成有效 SQL。
[2026-09-10 16:00:01] ℹ 備份檔案完成
[2026-09-10 16:30:01] 開始轉換時間範圍: 2026-09-10 15:00:00 到 2026-09-10 15:59:59
[2026-09-10 16:30:02] ℹ su_web 該時段內無資料變動，未生成有效 SQL。
[2026-09-10 16:30:02] ℹ sm_m2 該時段內無資料變動，未生成有效 SQL。
[2026-09-10 16:30:02] ℹ 備份檔案完成
[2026-09-10 17:00:02] 開始轉換時間範圍: 2026-09-10 16:00:00 到 2026-09-10 16:59:59
[2026-09-10 17:00:02] ✓ su_web 完成: /mnt/web/www/hksu/.db/files/2026/09/10/20260910_16_Backup_su_web.sql.zip
[2026-09-10 17:00:02] ✓ sm_m2 完成: /mnt/web/www/hksu/.db/files/2026/09/10/20260910_16_Backup_sm_m2.sql.zip
[2026-09-10 17:00:02] ℹ 備份檔案，提交 Git 。
